{
"type": "FeatureCollection",
"name": "bc_boundary",
"crs": { "type": "name", "properties": { "name": "urn:ogc:def:crs:OGC:1.3:CRS84" } },
"features": [
{ "type": "Feature", "properties": { "island": null }, "geometry": { "type": "Polygon", "coordinates": [ [ [ -130.922632839988154, 54.46303576537801 ], [ -130.873899758464461, 54.479076136538197 ], [ -130.84316500751342, 54.492522253525841 ], [ -130.807890745412635, 54.517686387923995 ], [ -130.790854488471524, 54.534153199561224 ], [ -130.762373038369049, 54.552776615939436 ], [ -130.751622766746635, 54.575028327768486 ], [ -130.760943131427723, 54.589882891275465 ], [ -130.779773219413073, 54.591062406518766 ], [ -130.813497815488148, 54.586751343704812 ], [ -130.842471690949878, 54.600420402870135 ], [ -130.866839551829116, 54.603556959927815 ], [ -130.911349219135786, 54.599337527606806 ], [ -130.92805889458532, 54.589032467230453 ], [ -130.931663481096678, 54.579562693226457 ], [ -130.925796288880548, 54.561467930674375 ], [ -130.927798185227459, 54.550536914577677 ], [ -130.942266543947909, 54.534981064135465 ], [ -130.947111964403803, 54.510851135775013 ], [ -130.938939345833006, 54.487434928965413 ], [ -130.922632839988154, 54.46303576537801 ] ] ] } },
{ "type": "Feature", "properties": { "island": null }, "geometry": { "type": "Polygon", "coordinates": [ [ [ -130.837998289090052, 54.433458579259081 ], [ -130.782187477735761, 54.462240707233327 ], [ -130.781743578098911, 54.474632685761279 ], [ -130.799598014884566, 54.478208773231323 ], [ -130.843395727602854, 54.463950517879553 ], [ -130.858856326000733, 54.446084910515104 ], [ -130.857758782481085, 54.432308181900311 ], [ -130.837998289090052, 54.433458579259081 ] ] ] } },
{ "type": "Feature", "properties": { "island": null }, "geometry": { "type": "Polygon", "coordinates": [ [ [ -130.756878934224915, 54.400613892850494 ], [ -130.741131069641568, 54.408493772496918 ], [ -130.739084349905511, 54.419417540891722 ], [ -130.757301586969646, 54.432915762765042 ], [ -130.776850132863615, 54.431749992942756 ], [ -130.791211520949105, 54.422425023873274 ], [ -130.787627042636473, 54.409578707782778 ], [ -130.773101080781146, 54.402724378443523 ], [ -130.756878934224915, 54.400613892850494 ] ] ] } },
{ "type": "Feature", "properties": { "island": null }, "geometry": { "type": "Polygon", "coordinates": [ [ [ -130.737947841459487, 54.344772610255973 ], [ -130.722216092095891, 54.352649299028343 ], [ -130.712876507321852, 54.360103049359125 ], [ -130.715514986790225, 54.375349634436283 ], [ -130.732529913263136, 54.381280127589079 ], [ -130.768694237054405, 54.369841733467709 ], [ -130.77423462487593, 54.355667629701976 ], [ -130.761660844193727, 54.344097279542666 ], [ -130.737947841459487, 54.344772610255973 ] ] ] } },
{ "type": "Feature", "properties": { "island": null }, "geometry": { "type": "Polygon", "coordinates": [ [ [ -132.995147947702719, 54.187743607114399 ], [ -132.97753990257749, 54.19691736059189 ], [ -132.958438389049405, 54.216970243692046 ], [ -132.954608914612322, 54.228906575431523 ], [ -132.976703542011194, 54.23875176709047 ], [ -133.014939962273701, 54.244118855113769 ], [ -133.041641828789011, 54.239601007242136 ], [ -133.055221802997011, 54.230038060317341 ], [ -133.053176671706865, 54.210037578445629 ], [ -133.039184969174386, 54.201157587906721 ], [ -132.995147947702719, 54.187743607114399 ] ] ] } },
{ "type": "Feature", "properties": { "island": null }, "geometry": { "type": "Polygon", "coordinates": [ [ [ -130.305550457629039, 54.222715613593408 ], [ -130.292214080762903, 54.229533234429375 ], [ -130.283258001623096, 54.247016841848243 ], [ -130.274484406162401, 54.25829800019477 ], [ -130.274148557139227, 54.280601819131441 ], [ -130.285593242198956, 54.294616378676452 ], [ -130.308893947466316, 54.30021476381885 ], [ -130.331292696969683, 54.292027783879831 ], [ -130.352044992759573, 54.250069094376137 ], [ -130.346107414136128, 54.238133294847081 ], [ -130.332131516763042, 54.225044784334429 ], [ -130.305550457629039, 54.222715613593408 ] ] ] } },
{ "type": "Feature", "properties": { "island": null }, "geometry": { "type": "Polygon", "coordinates": [ [ [ -130.418708560348449, 54.231651522733088 ], [ -130.396355366208695, 54.239854871073966 ], [ -130.39887289733349, 54.255101231352711 ], [ -130.410743907944294, 54.279098076465182 ], [ -130.430335478913605, 54.294118014866868 ], [ -130.447302592006167, 54.293930063586352 ], [ -130.452963649988817, 54.279773330038125 ], [ -130.44130579561903, 54.249654968318644 ], [ -130.418708560348449, 54.231651522733088 ] ] ] } },
{ "type": "Feature", "properties": { "island": "Graham Island" }, "geometry": { "type": "Polygon", "coordinates": [ [ [ -132.451538044969425, 53.562103076473484 ], [ -132.479490232053593, 53.552996119845972 ], [ -132.496974997937798, 53.556207238694981 ], [ -132.501810824581128, 53.56669055544608 ], [ -132.499614542816914, 53.586148874611681 ], [ -132.474988668818497, 53.604257823623442 ], [ -132.434327803600155, 53.614253500459377 ], [ -132.408085163364802, 53.624736251920751 ], [ -132.402514945286583, 53.635196484918445 ], [ -132.418611697253283, 53.649428453712147 ], [ -132.448943429145032, 53.651708180354483 ], [ -132.496729467624363, 53.632600235693708 ], [ -132.523994866619518, 53.650604251413789 ], [ -132.543189032112025, 53.649074678050134 ], [ -132.576648333394729, 53.641821732470916 ], [ -132.600617780369618, 53.644636636044879 ], [ -132.628766635231159, 53.660081251977019 ], [ -132.625669187107206, 53.669580230326901 ], [ -132.599304260574428, 53.680162543449008 ], [ -132.501153840564001, 53.682403708243974 ], [ -132.445251511774813, 53.694398217182219 ], [ -132.377401079289001, 53.723517075237048 ], [ -132.346931675248413, 53.739687571775512 ], [ -132.310238677858365, 53.75018988552376 ], [ -132.279754748369612, 53.754046587736831 ], [ -132.239018449552248, 53.770172527305895 ], [ -132.143461307072386, 53.842845218803056 ], [ -132.135467959851326, 53.854205320402848 ], [ -132.132996897053999, 53.873595120342102 ], [ -132.148146672308854, 53.927265113269591 ], [ -132.164167349220634, 53.947726470001854 ], [ -132.192317176057657, 53.981854470063801 ], [ -132.213370345247654, 54.01889296356007 ], [ -132.271515787236552, 54.070135257849984 ], [ -132.32810450155219, 54.082913221673266 ], [ -132.361119203371715, 54.084304364236814 ], [ -132.40631076320193, 54.074722047442783 ], [ -132.50062987485191, 54.037407395198116 ], [ -132.557461653136016, 53.998326987969214 ], [ -132.59488871514128, 53.954463269435479 ], [ -132.625402386073119, 53.944388640864808 ], [ -132.650349258038801, 53.944788610749526 ], [ -132.663362113102067, 53.956122131034626 ], [ -132.656480925213373, 53.977498674056051 ], [ -132.592446738070748, 54.019542864685988 ], [ -132.589395390359698, 54.041358252264878 ], [ -132.604484864774122, 54.09739691543048 ], [ -132.627293607749863, 54.117213168035015 ], [ -132.650819812742895, 54.122301644677719 ], [ -132.687985626640966, 54.117881171657949 ], [ -132.723488933951302, 54.118190028025978 ], [ -132.768848598983908, 54.114657608879632 ], [ -132.842419766257279, 54.114179975666829 ], [ -132.875725280395045, 54.127801666570576 ], [ -132.8906944753262, 54.146676257061188 ], [ -132.931386027124489, 54.157345678872851 ], [ -133.020552380814394, 54.167128101075001 ], [ -133.05297784301959, 54.164488152375284 ], [ -133.062284099361648, 54.148222391833073 ], [ -133.054534003576123, 54.126426352217024 ], [ -133.068923317179099, 54.087402176763447 ], [ -133.052323244211095, 54.027660899046872 ], [ -133.059830897406044, 54.003922568589537 ], [ -133.103836380070305, 53.956986003096823 ], [ -133.118577029251043, 53.930293564499074 ], [ -133.115754334252813, 53.912723165324358 ], [ -133.146853262869371, 53.873049661032567 ], [ -133.142443733681745, 53.854128985892942 ], [ -133.125187206081534, 53.836234335214613 ], [ -133.10724382464025, 53.826923453416768 ], [ -133.093236393021073, 53.81180657862776 ], [ -133.08753188361419, 53.770623251838629 ], [ -133.068673641930872, 53.751295383631593 ], [ -133.051584056234418, 53.745741258184061 ], [ -133.02431826511696, 53.740241572461834 ], [ -132.998060172174689, 53.711549242338016 ], [ -132.979567022732169, 53.704576360366822 ], [ -132.961686818243152, 53.6890740802937 ], [ -132.968507725503429, 53.673814512190141 ], [ -133.008405701529057, 53.672070358989657 ], [ -133.019514283718053, 53.663455659121141 ], [ -133.015243173913831, 53.650711131211438 ], [ -132.978273836304652, 53.642873125976465 ], [ -132.962069541436449, 53.628802166250331 ], [ -132.935215733890601, 53.60238184475962 ], [ -132.882272355698802, 53.58668278729202 ], [ -132.859554352769351, 53.566874023065793 ], [ -132.878533786518346, 53.552988157923032 ], [ -132.908820882676736, 53.555137921240878 ], [ -132.945714681028932, 53.569170439526715 ], [ -132.972110870241835, 53.570798735624365 ], [ -132.984592122555739, 53.557424516204989 ], [ -132.973895655079929, 53.545209845263699 ], [ -132.953053782163408, 53.533046225662609 ], [ -132.937094971238139, 53.531264877832442 ], [ -132.927909448281611, 53.5080606746942 ], [ -132.918250943095529, 53.499630585345265 ], [ -132.897500512051124, 53.499799007840693 ], [ -132.878107674023283, 53.482858432445276 ], [ -132.860287621916882, 53.467272578662396 ], [ -132.840406165540202, 53.465094868165046 ], [ -132.787339586943801, 53.476288693034505 ], [ -132.758656735996084, 53.47546183840916 ], [ -132.738698671011122, 53.467021141368058 ], [ -132.742391113759226, 53.442827801814595 ], [ -132.714485313801504, 53.433540221475255 ], [ -132.66837751711472, 53.435685197720211 ], [ -132.61889740045234, 53.410239027879889 ], [ -132.578463948831001, 53.414245507384351 ], [ -132.504404801624901, 53.38221169970091 ], [ -132.45895079665695, 53.344928127407556 ], [ -132.424056862811511, 53.33217626673266 ], [ -132.40335159910353, 53.313717804664876 ], [ -132.406403705828325, 53.298115355288502 ], [ -132.423736792959062, 53.28905531829637 ], [ -132.459408744338845, 53.29323928791009 ], [ -132.480052607028398, 53.30556769339033 ], [ -132.516000514194246, 53.34665871225657 ], [ -132.538245144662767, 53.35416932420987 ], [ -132.581851079586016, 53.353050553357519 ], [ -132.624678332416721, 53.354319412898732 ], [ -132.69057708563318, 53.360642712383722 ], [ -132.720573186843467, 53.35672741130103 ], [ -132.736243205459829, 53.346179789643898 ], [ -132.735127622835023, 53.317775334216208 ], [ -132.726248727426082, 53.306850359885495 ], [ -132.706458816158147, 53.304649633623121 ], [ -132.606827397820297, 53.320292991804763 ], [ -132.578281115776008, 53.319420291588919 ], [ -132.56485447087627, 53.310444611624362 ], [ -132.583681867003492, 53.296677121168841 ], [ -132.613770524291027, 53.29273919658781 ], [ -132.661769078840166, 53.283506240096798 ], [ -132.711371730811294, 53.263351653328186 ], [ -132.715261904393003, 53.251529372409458 ], [ -132.69141518721375, 53.242626444220754 ], [ -132.656612651666592, 53.242361488459537 ], [ -132.641553266387064, 53.238130830905035 ], [ -132.621734089236412, 53.235842190844345 ], [ -132.604308345813081, 53.226409525792832 ], [ -132.567553337574225, 53.181523110456766 ], [ -132.53422936423587, 53.151852882373852 ], [ -132.45690372683336, 53.150217695846969 ], [ -132.429317021723193, 53.140735206147689 ], [ -132.41276370572308, 53.141276904368191 ], [ -132.367844836258854, 53.147004255773936 ], [ -132.347444600960443, 53.153252674801081 ], [ -132.31278003043218, 53.158987486065158 ], [ -132.285011745293701, 53.15568444511598 ], [ -132.258265024079435, 53.150001173526327 ], [ -132.207058939037125, 53.143936500832574 ], [ -132.170774724888417, 53.148185640062898 ], [ -132.140824025571561, 53.164223795538284 ], [ -132.136033006396048, 53.178498148364923 ], [ -132.151750516057945, 53.192677815596618 ], [ -132.176208086130742, 53.193184359225967 ], [ -132.222073610554759, 53.178973853433838 ], [ -132.250437482473359, 53.179869841433089 ], [ -132.271813472059591, 53.183669680616326 ], [ -132.308827937542361, 53.195428947363837 ], [ -132.312018724549461, 53.210585200383221 ], [ -132.236980406229094, 53.207824210134717 ], [ -132.214918126795425, 53.212608684480166 ], [ -132.158846155016306, 53.232957448626564 ], [ -132.120959178856396, 53.235826392754127 ], [ -132.004037163521502, 53.229025833257076 ], [ -131.96761626727627, 53.245562695848328 ], [ -131.949932715972835, 53.272997631528625 ], [ -131.933898145948945, 53.314185026006271 ], [ -131.909806250223681, 53.348277714080474 ], [ -131.902620347515409, 53.369566975015175 ], [ -131.933122921628865, 53.425135366677367 ], [ -131.942370047038452, 53.452185718502101 ], [ -131.944613189263976, 53.475885754183388 ], [ -131.925084650288284, 53.538861892597787 ], [ -131.914789155519685, 53.622788920905684 ], [ -131.893077674839986, 53.643651548942579 ], [ -131.888179615540224, 53.657807512610965 ], [ -131.870697739870906, 53.738396989029859 ], [ -131.865754652895134, 53.752678675728482 ], [ -131.85179497248194, 53.786751673699897 ], [ -131.814415150424935, 53.84031311623832 ], [ -131.729810351429762, 53.920214704920092 ], [ -131.702055031881656, 53.951361566225629 ], [ -131.676269978803333, 54.012493575363862 ], [ -131.658233564382613, 54.027630395421163 ], [ -131.655258017958175, 54.065653800155829 ], [ -131.661408380236111, 54.083688650366717 ], [ -131.663147051444668, 54.132125828170302 ], [ -131.678452041986588, 54.136501102406108 ], [ -131.702912994510427, 54.127091353268121 ], [ -131.786865456108302, 54.068056687996112 ], [ -131.829099773486377, 54.049639383305006 ], [ -131.891305747189847, 54.03994552547087 ], [ -131.965686079964712, 54.025352767299594 ], [ -132.030193886087375, 54.020674965674836 ], [ -132.072136060067038, 54.020722993706677 ], [ -132.099492698585664, 54.026467567195489 ], [ -132.122057323832422, 54.034076587333793 ], [ -132.144698627051042, 54.029377164026535 ], [ -132.15765209215391, 54.02221294915843 ], [ -132.154449695454559, 54.007020270550413 ], [ -132.129533905988637, 53.981817927606606 ], [ -132.123171854321527, 53.963813297012052 ], [ -132.12233206059949, 53.953837919233401 ], [ -132.083882486930776, 53.888827009046295 ], [ -132.083958627973828, 53.864146721309417 ], [ -132.12283326754482, 53.768785104186783 ], [ -132.123717186884335, 53.741705600753555 ], [ -132.130949541354624, 53.714205345870688 ], [ -132.156595162143191, 53.687647204473244 ], [ -132.175820637826547, 53.655391208102159 ], [ -132.195791853861124, 53.64539603374552 ], [ -132.223652073372563, 53.642580489119226 ], [ -132.28207423390262, 53.660527253571061 ], [ -132.310804150777471, 53.649109778452932 ], [ -132.29874971106841, 53.629217207904858 ], [ -132.301176118287486, 53.615957439314883 ], [ -132.31869244516102, 53.606904470418485 ], [ -132.396717460083579, 53.596325672263099 ], [ -132.432496484130979, 53.582030809683317 ], [ -132.451538044969425, 53.562103076473484 ] ] ] } },
{ "type": "Feature", "properties": { "island": null }, "geometry": { "type": "Polygon", "coordinates": [ [ [ -130.689061262822264, 54.107445204567064 ], [ -130.663562560203445, 54.118970751164554 ], [ -130.666509149732718, 54.128033831353086 ], [ -130.774192300065977, 54.167006366559178 ], [ -130.791221043523507, 54.166719198729382 ], [ -130.795677534316866, 54.154993444701795 ], [ -130.748755301759275, 54.111590660539449 ], [ -130.721562825729166, 54.105502830469234 ], [ -130.689061262822264, 54.107445204567064 ] ] ] } },
{ "type": "Feature", "properties": { "island": null }, "geometry": { "type": "Polygon", "coordinates": [ [ [ -130.220627411662804, 54.09429260673452 ], [ -130.20002864592476, 54.103875664890424 ], [ -130.195329299407661, 54.115702308151207 ], [ -130.198275910588109, 54.134738417523522 ], [ -130.207890702526186, 54.153491821559896 ], [ -130.258229865387591, 54.165316469115147 ], [ -130.264133948233052, 54.144967895534485 ], [ -130.275316918085565, 54.116653745886097 ], [ -130.250384356976042, 54.099540820282428 ], [ -130.220627411662804, 54.09429260673452 ] ] ] } },
{ "type": "Feature", "properties": { "island": null }, "geometry": { "type": "Polygon", "coordinates": [ [ [ -130.594559981486782, 54.051503594276511 ], [ -130.576340296144252, 54.060205901116589 ], [ -130.579134993703548, 54.069315624140529 ], [ -130.609209179795641, 54.08450113069965 ], [ -130.636492284510439, 54.090570067182846 ], [ -130.649630428494476, 54.083633800517724 ], [ -130.647829923719826, 54.072208881408734 ], [ -130.629747676396022, 54.058629040966942 ], [ -130.594559981486782, 54.051503594276511 ] ] ] } },
{ "type": "Feature", "properties": { "island": "Porcher Island" }, "geometry": { "type": "Polygon", "coordinates": [ [ [ -130.386280306374886, 53.817415002261072 ], [ -130.367283251540044, 53.828540017451651 ], [ -130.349095652792528, 53.853352434804648 ], [ -130.293599992251188, 53.888054169996508 ], [ -130.262184645821208, 53.919744953768912 ], [ -130.25475364694023, 53.938610367401758 ], [ -130.258325990876955, 53.961495928243806 ], [ -130.275555121944137, 53.987436528499472 ], [ -130.313153910994259, 54.009981211544925 ], [ -130.357803371948421, 54.052015743534817 ], [ -130.38839814339795, 54.071123694321557 ], [ -130.420518042509343, 54.075448194406739 ], [ -130.449875544672921, 54.070651617561801 ], [ -130.472351294299216, 54.05631144365271 ], [ -130.516936886023984, 54.033671748246064 ], [ -130.578002574498925, 54.023218325507528 ], [ -130.597259553212751, 54.005921363297929 ], [ -130.620330832027122, 53.995288814680983 ], [ -130.637237002530782, 53.995150989642838 ], [ -130.667755851502818, 53.99793830242254 ], [ -130.685042616656261, 53.991490650123069 ], [ -130.694410947814958, 53.977840836057403 ], [ -130.695615324854174, 53.947037142553064 ], [ -130.737637318203895, 53.902909810399542 ], [ -130.750881083776761, 53.8736339080302 ], [ -130.746880851270419, 53.850817806670918 ], [ -130.729867050469807, 53.834944703717909 ], [ -130.698250034825804, 53.824538697412329 ], [ -130.653403592338208, 53.821025718256358 ], [ -130.641792628309332, 53.829467894762374 ], [ -130.639746912501465, 53.840379180869924 ], [ -130.691874251056191, 53.879521762329482 ], [ -130.694469270986275, 53.89475122899691 ], [ -130.67623465346955, 53.909667355937117 ], [ -130.628321375447825, 53.919448816007232 ], [ -130.588420648110485, 53.914128513927992 ], [ -130.563684148469207, 53.890972947475909 ], [ -130.540749365082235, 53.879227245624946 ], [ -130.511131180154052, 53.880220385179435 ], [ -130.487999816863777, 53.890749857693649 ], [ -130.458002347541196, 53.914055070350543 ], [ -130.442713624285375, 53.947951315963159 ], [ -130.404369947543671, 53.9601937671397 ], [ -130.398081824645431, 53.938282316385894 ], [ -130.416741181087986, 53.917162070662378 ], [ -130.44355018082527, 53.881053983148732 ], [ -130.466848818894277, 53.864332937449703 ], [ -130.477178672985957, 53.848313894119826 ], [ -130.479513060036112, 53.831283755357092 ], [ -130.460514786275667, 53.826272238111066 ], [ -130.440281106363216, 53.82969452871906 ], [ -130.386280306374886, 53.817415002261072 ] ] ] } },
{ "type": "Feature", "properties": { "island": null }, "geometry": { "type": "Polygon", "coordinates": [ [ [ -130.186348179786393, 53.967818029117687 ], [ -130.160715102519873, 53.979145602801275 ], [ -130.152704300601755, 53.994222192477103 ], [ -130.16631716171139, 54.03965343039156 ], [ -130.182050380959197, 54.047977530088346 ], [ -130.205992478553611, 54.051253638441395 ], [ -130.216306886048699, 54.041457017888831 ], [ -130.213879287819793, 54.026212001624955 ], [ -130.205333660677326, 54.005154796785817 ], [ -130.212123229895639, 53.982551042544486 ], [ -130.202357053146187, 53.970011349013625 ], [ -130.186348179786393, 53.967818029117687 ] ] ] } },
{ "type": "Feature", "properties": { "island": null }, "geometry": { "type": "Polygon", "coordinates": [ [ [ -130.60596556733401, 53.879214295953965 ], [ -130.601418400009607, 53.891048803491408 ], [ -130.614725217430873, 53.900234175936461 ], [ -130.630717188117814, 53.902362223609444 ], [ -130.643870556856314, 53.895511337097986 ], [ -130.632882587502991, 53.869169578201216 ], [ -130.60596556733401, 53.879214295953965 ] ] ] } },
{ "type": "Feature", "properties": { "island": "Pitt Island" }, "geometry": { "type": "Polygon", "coordinates": [ [ [ -129.540807151298509, 53.186373880584732 ], [ -129.515569045351754, 53.19760443407089 ], [ -129.512730641444222, 53.214629859644674 ], [ -129.545509286039447, 53.266643178610437 ], [ -129.544165061289334, 53.285152539590541 ], [ -129.526602497303287, 53.287494000170724 ], [ -129.506063330527269, 53.277065190120034 ], [ -129.479130898818397, 53.28685501464232 ], [ -129.475285791739623, 53.296247093271496 ], [ -129.498053536785022, 53.321865862137606 ], [ -129.483604701050638, 53.357175843803226 ], [ -129.466117187170369, 53.379503184660344 ], [ -129.474127910926626, 53.400582837466672 ], [ -129.582011696781251, 53.493385080133507 ], [ -129.805331943011339, 53.638583574627333 ], [ -129.83095350103963, 53.663374744252764 ], [ -129.968822320322062, 53.763631608947605 ], [ -130.056898689911037, 53.821929155528878 ], [ -130.108292129756478, 53.851397233757794 ], [ -130.157915607912059, 53.869387166081111 ], [ -130.202366755467978, 53.87927802979361 ], [ -130.222050753722442, 53.872040682656909 ], [ -130.244555109902677, 53.841601936053408 ], [ -130.276523404457777, 53.829809706348037 ], [ -130.285066589859241, 53.81859299486667 ], [ -130.280810140094985, 53.80801101748893 ], [ -130.263596670871578, 53.798233525006268 ], [ -130.217362105301277, 53.793145554348769 ], [ -130.170300818113589, 53.71583835225109 ], [ -130.145533581190421, 53.698764846800877 ], [ -130.106974334121333, 53.700836208478194 ], [ -130.088526233169091, 53.689591203081044 ], [ -130.091958108071367, 53.670192696426341 ], [ -130.083551454323697, 53.64914292365021 ], [ -130.059303286318482, 53.625883891270142 ], [ -130.024314620747816, 53.624706722167481 ], [ -130.012213725756624, 53.613071635036825 ], [ -130.040716483391577, 53.58843591012316 ], [ -130.049719159594162, 53.571073918734342 ], [ -130.039968520446962, 53.558580999553214 ], [ -129.999501968723905, 53.555362183555459 ], [ -129.972281032813868, 53.571480962152542 ], [ -129.934605531946943, 53.561209195356071 ], [ -129.872896029204554, 53.501510173661046 ], [ -129.870073729333569, 53.48241749334408 ], [ -129.884416078689156, 53.457144932724326 ], [ -129.860643031949934, 53.443827648316883 ], [ -129.838089905316878, 53.421932206765469 ], [ -129.847138741958105, 53.404597748199528 ], [ -129.853149722391265, 53.38431173529581 ], [ -129.838226217225326, 53.36979296027593 ], [ -129.811233864194264, 53.369651817381175 ], [ -129.792555427257383, 53.364529426617352 ], [ -129.751248344952813, 53.327524622651822 ], [ -129.731564259580182, 53.324693992320739 ], [ -129.71757166747841, 53.333880637657586 ], [ -129.692119892088897, 53.335186158799814 ], [ -129.671732465985428, 53.308575164383377 ], [ -129.639384564020474, 53.306416032911891 ], [ -129.626550005543379, 53.297128305566986 ], [ -129.632273008912478, 53.282975634709267 ], [ -129.653635424133796, 53.271217987251291 ], [ -129.585410000264915, 53.204092032125189 ], [ -129.560400644650429, 53.189237608042674 ], [ -129.540807151298509, 53.186373880584732 ] ] ] } },
{ "type": "Feature", "properties": { "island": null }, "geometry": { "type": "Polygon", "coordinates": [ [ [ -132.176554365431826, 53.726995282170485 ], [ -132.149197964061528, 53.770665034836661 ], [ -132.173242391314687, 53.779705397769753 ], [ -132.192574248263583, 53.765934273032528 ], [ -132.20607778926103, 53.750294470057476 ], [ -132.212484378915747, 53.73131668505129 ], [ -132.195762433347994, 53.719400107114986 ], [ -132.176554365431826, 53.726995282170485 ] ] ] } },
{ "type": "Feature", "properties": { "island": null }, "geometry": { "type": "Polygon", "coordinates": [ [ [ -130.547976670030778, 53.773453475272561 ], [ -130.520175390414636, 53.785863312311236 ], [ -130.535817512835109, 53.810331789096104 ], [ -130.571767449143721, 53.815152552500699 ], [ -130.617650858576411, 53.810108796649068 ], [ -130.629340024140276, 53.801745776734883 ], [ -130.624867712919325, 53.7912250623693 ], [ -130.601536055536712, 53.775668477061757 ], [ -130.565693914709954, 53.770935321146318 ], [ -130.547976670030778, 53.773453475272561 ] ] ] } },
{ "type": "Feature", "properties": { "island": null }, "geometry": { "type": "Polygon", "coordinates": [ [ [ -128.771402072643298, 53.808327862797505 ], [ -128.72225245603687, 53.819583118497782 ], [ -128.715110800740888, 53.83595620111263 ], [ -128.745325046731324, 53.839282235868552 ], [ -128.762353817616145, 53.829409442615436 ], [ -128.771402072643298, 53.808327862797505 ] ] ] } },
{ "type": "Feature", "properties": { "island": null }, "geometry": { "type": "Polygon", "coordinates": [ [ [ -130.408509715445916, 53.754687846628876 ], [ -130.410355791226294, 53.766059006946236 ], [ -130.434909158618609, 53.77309334537064 ], [ -130.457598483675554, 53.768751859946896 ], [ -130.467622381870541, 53.758989215178424 ], [ -130.465806759632585, 53.747491504070325 ], [ -130.442826792090671, 53.741933616467115 ], [ -130.408509715445916, 53.754687846628876 ] ] ] } },
{ "type": "Feature", "properties": { "island": null }, "geometry": { "type": "Polygon", "coordinates": [ [ [ -130.108925107517877, 53.553307533307986 ], [ -130.099677316225893, 53.560697180573193 ], [ -130.11113774783712, 53.584683341540575 ], [ -130.138084947303668, 53.616913447443928 ], [ -130.140924333821062, 53.65215115919812 ], [ -130.152796124304786, 53.669890203217349 ], [ -130.192164374033524, 53.681562059303815 ], [ -130.213726705850945, 53.695730109674088 ], [ -130.234144264787432, 53.734506724804703 ], [ -130.246016441035039, 53.752368319875146 ], [ -130.274474715492573, 53.759917127208013 ], [ -130.300201264816991, 53.758470695055792 ], [ -130.310256268742194, 53.748719490019838 ], [ -130.307295737430849, 53.729705806470065 ], [ -130.320952996063113, 53.710448474439126 ], [ -130.354703948906206, 53.693945228865864 ], [ -130.376371759719206, 53.675781828501385 ], [ -130.376646121044303, 53.653511255027162 ], [ -130.368450853441715, 53.642467709735818 ], [ -130.329066420072223, 53.630860028741907 ], [ -130.324153110495558, 53.616550995484914 ], [ -130.315974291581085, 53.605502961892434 ], [ -130.274699563469795, 53.598577044049321 ], [ -130.223047918194055, 53.581522694193623 ], [ -130.202248257612268, 53.581168220494909 ], [ -130.166572735556599, 53.576224799157693 ], [ -130.135031675015142, 53.555683457538187 ], [ -130.108925107517877, 53.553307533307986 ] ] ] } },
{ "type": "Feature", "properties": { "island": null }, "geometry": { "type": "Polygon", "coordinates": [ [ [ -130.369017927524254, 53.726943166806905 ], [ -130.339111279165394, 53.734054464839112 ], [ -130.338455398933888, 53.746346135377458 ], [ -130.352508945915901, 53.753295547582162 ], [ -130.371841945926462, 53.752155162424245 ], [ -130.383193849310857, 53.733836044761006 ], [ -130.369017927524254, 53.726943166806905 ] ] ] } },
{ "type": "Feature", "properties": { "island": null }, "geometry": { "type": "Polygon", "coordinates": [ [ [ -128.853099385042213, 53.712007387498588 ], [ -128.826928795680772, 53.719302147694343 ], [ -128.823266457220797, 53.732463703972883 ], [ -128.836069072262177, 53.741858798361243 ], [ -128.85389304540081, 53.739626431945617 ], [ -128.864879610862687, 53.723772578134998 ], [ -128.853099385042213, 53.712007387498588 ] ] ] } },
{ "type": "Feature", "properties": { "island": null }, "geometry": { "type": "Polygon", "coordinates": [ [ [ -128.922986125472278, 53.701382361169017 ], [ -128.897167893072691, 53.712403527483914 ], [ -128.892574818384077, 53.728020666913466 ], [ -128.91332830971561, 53.738537855707953 ], [ -128.956419080964679, 53.73129988782992 ], [ -129.012390762949821, 53.713537150396824 ], [ -129.034302892401769, 53.701844956661958 ], [ -129.051591346023827, 53.685730460345034 ], [ -129.050202053941405, 53.674213360227476 ], [ -129.021591496350737, 53.672462989566242 ], [ -128.922986125472278, 53.701382361169017 ] ] ] } },
{ "type": "Feature", "properties": { "island": null }, "geometry": { "type": "Polygon", "coordinates": [ [ [ -129.164975827208508, 53.37230855139989 ], [ -129.151807842528171, 53.379050231034839 ], [ -129.130643838056841, 53.404589625205062 ], [ -129.086330396005536, 53.440292649834717 ], [ -129.079021668268183, 53.452893237809896 ], [ -129.087291895690015, 53.467892964214585 ], [ -129.081861539391753, 53.485756970908739 ], [ -129.041394244781287, 53.51207248807826 ], [ -129.025067050982159, 53.525848065047683 ], [ -128.988109339114857, 53.548957959054796 ], [ -128.946116345186994, 53.553873299044078 ], [ -128.899895218623925, 53.544360027438138 ], [ -128.874245318278156, 53.555450421375099 ], [ -128.905068811793342, 53.586337311143176 ], [ -128.907418381310293, 53.595473290910427 ], [ -128.902443930829378, 53.607101145718502 ], [ -128.855218175209586, 53.653673044297996 ], [ -128.8475727799661, 53.666227805259908 ], [ -128.862314419517048, 53.680979094696866 ], [ -128.900843753020553, 53.679276634439724 ], [ -129.029570800609179, 53.643719388206314 ], [ -129.091279447781488, 53.631788717700466 ], [ -129.143175503331179, 53.61331650017258 ], [ -129.168382350719924, 53.558494853699777 ], [ -129.156068198214683, 53.523028865177267 ], [ -129.157501323325505, 53.484560970462034 ], [ -129.180740146953042, 53.404493720400772 ], [ -129.17971626178965, 53.386998607568934 ], [ -129.164975827208508, 53.37230855139989 ] ] ] } },
{ "type": "Feature", "properties": { "island": "Banks Island" }, "geometry": { "type": "Polygon", "coordinates": [ [ [ -129.79562043427299, 53.164928967526556 ], [ -129.774440618119428, 53.176789847510371 ], [ -129.765971107925253, 53.197965214282291 ], [ -129.771648214273938, 53.219914954814762 ], [ -129.788204781154576, 53.245881001852553 ], [ -129.825148036447047, 53.288410878781328 ], [ -129.956637660550484, 53.406483972966015 ], [ -129.997974620396434, 53.433444583408559 ], [ -130.03660967252921, 53.451330605280319 ], [ -130.064655811514143, 53.475064984708645 ], [ -130.114141504189291, 53.487014975056397 ], [ -130.153250934293624, 53.514708406451994 ], [ -130.187934562892565, 53.522043630675974 ], [ -130.270960070064604, 53.549668180410713 ], [ -130.411938083297656, 53.600019616248701 ], [ -130.429349083707848, 53.603643098564262 ], [ -130.502820653931877, 53.602367816734876 ], [ -130.519834673575872, 53.596000942727819 ], [ -130.530668276067018, 53.567702199301827 ], [ -130.540982002527016, 53.551768811744729 ], [ -130.54859637753961, 53.542879559829025 ], [ -130.547543397042716, 53.529048206535947 ], [ -130.48811009518252, 53.521064399253646 ], [ -130.474192315305942, 53.51421698250828 ], [ -130.453411392737053, 53.481628228914524 ], [ -130.417002239079835, 53.495251860497582 ], [ -130.397180063200892, 53.492543171291132 ], [ -130.383462022748517, 53.479485832975442 ], [ -130.388024879278277, 53.467675653466245 ], [ -130.409251116364857, 53.455761958818378 ], [ -130.414713874034192, 53.441559843071722 ], [ -130.359094235371941, 53.407946882567394 ], [ -130.304237351257939, 53.378032580306488 ], [ -130.253380268229478, 53.36478597115368 ], [ -130.173284890749841, 53.32023599098774 ], [ -130.11333168373892, 53.27207690522615 ], [ -130.019518235203236, 53.210486517216935 ], [ -130.005539997099845, 53.193615101489719 ], [ -129.972259974337504, 53.167847331828661 ], [ -129.950636918360885, 53.159810771057202 ], [ -129.916075200585482, 53.158597654627258 ], [ -129.866132483425531, 53.175040679032982 ], [ -129.840787021279908, 53.176379722701554 ], [ -129.79562043427299, 53.164928967526556 ] ] ] } },
{ "type": "Feature", "properties": { "island": null }, "geometry": { "type": "Polygon", "coordinates": [ [ [ -129.966434787308316, 53.455032307937543 ], [ -129.938189267661983, 53.46350207590006 ], [ -129.928210715913224, 53.483232310208486 ], [ -129.967502677274524, 53.504875555803814 ], [ -129.999913168162578, 53.506983687107471 ], [ -130.004674352819023, 53.495265445687394 ], [ -129.966434787308316, 53.455032307937543 ] ] ] } },
{ "type": "Feature", "properties": { "island": null }, "geometry": { "type": "Polygon", "coordinates": [ [ [ -128.943408553417072, 53.300269528429425 ], [ -128.92761575010428, 53.307914263429815 ], [ -128.92651774052581, 53.320179296962557 ], [ -128.93631411892747, 53.336628213178514 ], [ -128.944005781081472, 53.367718273189404 ], [ -128.955481846980888, 53.38940380523789 ], [ -128.961311517175403, 53.425197684360739 ], [ -128.971412546729596, 53.445477111863326 ], [ -128.977791954661058, 53.455089532313934 ], [ -128.984536996170334, 53.488560078160852 ], [ -128.993311080155678, 53.497329613339417 ], [ -129.009043962104357, 53.499698220801761 ], [ -129.023356202982882, 53.490676783112463 ], [ -129.048166809472718, 53.432043269874782 ], [ -129.064432659383812, 53.4082919472445 ], [ -129.090495746120126, 53.381031612506071 ], [ -129.133723876032349, 53.347704248095326 ], [ -129.141552524953738, 53.318979817002258 ], [ -129.127925282919449, 53.301989147218165 ], [ -129.105813729986011, 53.299934014050834 ], [ -129.064263573954491, 53.314820140082361 ], [ -129.036719699012792, 53.320637450692871 ], [ -128.961415938834335, 53.301805900992868 ], [ -128.943408553417072, 53.300269528429425 ] ] ] } },
{ "type": "Feature", "properties": { "island": null }, "geometry": { "type": "Polygon", "coordinates": [ [ [ -129.224348421680645, 53.345024046658907 ], [ -129.212493661484814, 53.3532221715015 ], [ -129.218947012297889, 53.372914116181654 ], [ -129.239044624680389, 53.379620059279169 ], [ -129.258637092068597, 53.3725695435066 ], [ -129.263535185064626, 53.360808678129779 ], [ -129.247344950421819, 53.344726143104708 ], [ -129.224348421680645, 53.345024046658907 ] ] ] } },
{ "type": "Feature", "properties": { "island": null }, "geometry": { "type": "Polygon", "coordinates": [ [ [ -129.387164179923559, 53.288272514903753 ], [ -129.363146080870052, 53.290901916310091 ], [ -129.341876229477748, 53.3126493107291 ], [ -129.341417420423227, 53.328782111259983 ], [ -129.348284665936859, 53.352166364414238 ], [ -129.373309410023609, 53.367077883938975 ], [ -129.399877617716214, 53.373443420042186 ], [ -129.428777324707653, 53.369055785704937 ], [ -129.432638157673011, 53.35966828693342 ], [ -129.401157327009088, 53.335067576946372 ], [ -129.396625152845047, 53.300815339580211 ], [ -129.387164179923559, 53.288272514903753 ] ] ] } },
{ "type": "Feature", "properties": { "island": "Moresby Island" }, "geometry": { "type": "Polygon", "coordinates": [ [ [ -131.184709961282465, 52.296452952079726 ], [ -131.23321793286604, 52.273286162642471 ], [ -131.237764428569733, 52.243058211495608 ], [ -131.257935587107823, 52.237114933400996 ], [ -131.279894418216202, 52.254799114878338 ], [ -131.294191992510633, 52.265355085141913 ], [ -131.334856413606758, 52.275627261847021 ], [ -131.354417360288267, 52.29415526205721 ], [ -131.355623657300441, 52.314030236622145 ], [ -131.375094390472015, 52.338784335822226 ], [ -131.38843018424771, 52.363919149173284 ], [ -131.406024942481167, 52.411755296881395 ], [ -131.422565683812024, 52.433686720803813 ], [ -131.466434056035752, 52.446728776594135 ], [ -131.4802140341599, 52.453503144952151 ], [ -131.482135962674647, 52.477147171639764 ], [ -131.491215803936342, 52.485681155697691 ], [ -131.549152598760855, 52.493134815884737 ], [ -131.563738858184053, 52.503609115764995 ], [ -131.594683594251961, 52.5075725653886 ], [ -131.621065537649713, 52.507264550239881 ], [ -131.635027817066941, 52.513970396199575 ], [ -131.64334458926723, 52.524880680246433 ], [ -131.642977145142737, 52.549473699671253 ], [ -131.673114242318292, 52.56190585840865 ], [ -131.689653751019108, 52.596062570123053 ], [ -131.712558160066294, 52.629773556499138 ], [ -131.78645741115281, 52.698197689559009 ], [ -131.80043285697559, 52.704812758599353 ], [ -131.809588885859313, 52.719556400849562 ], [ -131.802327106872326, 52.740853893579391 ], [ -131.764715588886702, 52.755853662251511 ], [ -131.736562903324455, 52.760861805514082 ], [ -131.728568406133888, 52.772210989431066 ], [ -131.739432317082219, 52.782252034474197 ], [ -131.769872012395524, 52.782324092307981 ], [ -131.819873816971608, 52.77872291471941 ], [ -131.843372549383304, 52.781652212287284 ], [ -131.863451846782112, 52.794004343715535 ], [ -131.86963309635837, 52.805810446996148 ], [ -131.866200058155783, 52.839876237794812 ], [ -131.8707630209976, 52.856477945085629 ], [ -131.886342188064162, 52.87076033056308 ], [ -131.908863192985507, 52.882154745833837 ], [ -131.922748520477029, 52.901151431642297 ], [ -131.914830034574237, 52.924814119288158 ], [ -131.924763814481082, 52.94943065412086 ], [ -131.949696749321305, 52.972216125972956 ], [ -131.954962256263627, 53.004931171986485 ], [ -131.947865987537142, 53.026205077819426 ], [ -131.922569030701851, 53.040315955527035 ], [ -131.881631763764744, 53.052561533027827 ], [ -131.834375662698619, 53.052897701881129 ], [ -131.779430537016196, 53.04600888568455 ], [ -131.707364311792389, 53.029647239474151 ], [ -131.642209852859509, 53.022720195742345 ], [ -131.619994634296376, 53.033542865490496 ], [ -131.615920828828308, 53.045265076259781 ], [ -131.627487002900665, 53.059089737862301 ], [ -131.619324242069922, 53.07655326079594 ], [ -131.631745068374016, 53.087985579431937 ], [ -131.694472375513158, 53.108222314650867 ], [ -131.698075160269127, 53.127162873973006 ], [ -131.707458384486586, 53.135768583869151 ], [ -131.771987077940821, 53.145057622780108 ], [ -131.786727422769957, 53.161685892325522 ], [ -131.788863528742695, 53.185370907091396 ], [ -131.781510008045359, 53.206695364782867 ], [ -131.788407497420707, 53.222286286289147 ], [ -131.800246697078506, 53.229934076498715 ], [ -131.82697961913766, 53.235736788551698 ], [ -131.893430383388875, 53.221686744937081 ], [ -131.995629412868254, 53.181128133670882 ], [ -132.039968442245055, 53.147085310374614 ], [ -132.178678566441761, 53.118324870616867 ], [ -132.30385340104462, 53.123453368391651 ], [ -132.345613746419872, 53.108716391944895 ], [ -132.378676853860554, 53.083095693592639 ], [ -132.409984830958564, 53.068354937791284 ], [ -132.44135454988762, 53.059718250388414 ], [ -132.508090916968797, 53.049122696212493 ], [ -132.512028077805354, 53.037312378399513 ], [ -132.492206938977461, 53.016488280907872 ], [ -132.338241481260837, 53.013046844372212 ], [ -132.156017302279025, 52.99000887690616 ], [ -132.141918638997538, 52.983314709677607 ], [ -132.131741416772286, 52.964878354508151 ], [ -132.161692790845677, 52.948798358481426 ], [ -132.239201356197356, 52.935956971111402 ], [ -132.290956711060602, 52.933564556652748 ], [ -132.327026231228558, 52.929276427599909 ], [ -132.342618493587167, 52.918799997209348 ], [ -132.34341229454526, 52.90412929615303 ], [ -132.318281659828699, 52.881443316331165 ], [ -132.291672284522264, 52.869663426183159 ], [ -132.275086645387745, 52.863999368027478 ], [ -132.25789149672201, 52.848412659059505 ], [ -132.250093175792159, 52.810528369320252 ], [ -132.199390722656574, 52.785965977676106 ], [ -132.168187182180333, 52.757577564560542 ], [ -132.142371108638372, 52.743413619547468 ], [ -132.119788248747739, 52.744337976468032 ], [ -132.096321485854418, 52.759917118889149 ], [ -132.086862919296379, 52.788302547459161 ], [ -132.103997581535594, 52.822367587458238 ], [ -132.100748230603898, 52.837988867621391 ], [ -132.086710664974987, 52.843631930562587 ], [ -132.068004804570137, 52.838920745435239 ], [ -132.044566845378483, 52.811428382692696 ], [ -131.944334715907473, 52.741241848243277 ], [ -131.958357935253048, 52.73561901074585 ], [ -132.01992348124773, 52.739463036924704 ], [ -132.057413671188357, 52.73671281212048 ], [ -132.084649431894775, 52.727704978425095 ], [ -132.088676640432567, 52.715926273488492 ], [ -132.084052812620143, 52.705450403517638 ], [ -132.041284813621417, 52.681758241698816 ], [ -131.989986654068787, 52.659427486875579 ], [ -131.96218493703222, 52.633864820352173 ], [ -131.934154806444695, 52.626712582968302 ], [ -131.911756912509162, 52.615333013887387 ], [ -131.908825183998772, 52.593959308290152 ], [ -131.898724811579598, 52.581672014451961 ], [ -131.820829688463249, 52.531291257302819 ], [ -131.745406137922629, 52.486140716203778 ], [ -131.696624670838673, 52.481209271092588 ], [ -131.671295567925085, 52.466892295665509 ], [ -131.653260089143288, 52.431297136996903 ], [ -131.615602186682651, 52.411712467636541 ], [ -131.586914950270767, 52.412963415117943 ], [ -131.533067645736423, 52.399937305977261 ], [ -131.534775444462213, 52.389057121836842 ], [ -131.590790047625205, 52.36669953846453 ], [ -131.588759535644414, 52.34916628676946 ], [ -131.559890805342405, 52.3220782013289 ], [ -131.517151452434774, 52.294364460399045 ], [ -131.412612665288549, 52.202036356216603 ], [ -131.378477519283024, 52.179049838266302 ], [ -131.363142922112957, 52.183215838704385 ], [ -131.354218656478054, 52.196826558242101 ], [ -131.32812516339942, 52.197143326453826 ], [ -131.314453890403598, 52.190353061225487 ], [ -131.295562517753041, 52.14108525934742 ], [ -131.271529064451983, 52.118205475630354 ], [ -131.251067735376893, 52.108069333861373 ], [ -131.23574817148716, 52.112212278299857 ], [ -131.230070999486458, 52.12256520507372 ], [ -131.235121894331144, 52.1367715039231 ], [ -131.273284536695229, 52.17631884363476 ], [ -131.266678431379489, 52.195159956289828 ], [ -131.244995548489783, 52.199653742400102 ], [ -131.229065073381918, 52.193863137148206 ], [ -131.198592942851604, 52.14920427365459 ], [ -131.186294056266746, 52.121677130948896 ], [ -131.170683393195333, 52.103564673060959 ], [ -131.153869217221398, 52.100074037866825 ], [ -131.139129644324726, 52.107963284963681 ], [ -131.136215165433725, 52.127356945535972 ], [ -131.14334126675783, 52.146778474381982 ], [ -131.12069665382478, 52.159725163892752 ], [ -131.074768063958373, 52.153576011140544 ], [ -131.042312765075479, 52.160332557093767 ], [ -131.015822994595027, 52.172810711084857 ], [ -131.010788808848787, 52.186867659019399 ], [ -131.029389418134059, 52.20791777111571 ], [ -131.099518407471209, 52.202523435733042 ], [ -131.106889261810835, 52.215802281095996 ], [ -131.087908904014625, 52.257718897716352 ], [ -131.102281903539819, 52.268254484504631 ], [ -131.145251098459937, 52.277665874848552 ], [ -131.184709961282465, 52.296452952079726 ] ] ] } },
{ "type": "Feature", "properties": { "island": null }, "geometry": { "type": "Polygon", "coordinates": [ [ [ -132.08475142105172, 53.17841575268384 ], [ -132.055501066198701, 53.192155919685462 ], [ -132.051488934294156, 53.204027280533914 ], [ -132.065694452191934, 53.210612026868162 ], [ -132.08786523655138, 53.205934225873548 ], [ -132.106814468375092, 53.186010206939407 ], [ -132.099811104829712, 53.176557713836125 ], [ -132.08475142105172, 53.17841575268384 ] ] ] } },
{ "type": "Feature", "properties": { "island": null }, "geometry": { "type": "Polygon", "coordinates": [ [ [ -129.196740191970775, 53.071985693383077 ], [ -129.169029195421132, 53.08402222238508 ], [ -129.145651886772669, 53.100421697198094 ], [ -129.147590734354225, 53.115650829265348 ], [ -129.157417060237009, 53.132069098118166 ], [ -129.163140851900266, 53.157829691901405 ], [ -129.15290161838567, 53.187435348317308 ], [ -129.163584859848214, 53.211418598738256 ], [ -129.180292763629581, 53.231319552578135 ], [ -129.181697174087049, 53.242820605040507 ], [ -129.185054188709927, 53.259464734333577 ], [ -129.197842481328792, 53.278775144453185 ], [ -129.227231834451032, 53.298167881341925 ], [ -129.262022972642683, 53.299555767199458 ], [ -129.276626384676234, 53.294291490053432 ], [ -129.272720481649316, 53.283682003538637 ], [ -129.277449218527067, 53.242093931966963 ], [ -129.304212669007029, 53.202526941831138 ], [ -129.321745677429448, 53.160331763829106 ], [ -129.319151185151554, 53.131278688967704 ], [ -129.305416924494835, 53.104355423033113 ], [ -129.277629345204957, 53.076587836552839 ], [ -129.251276301831524, 53.070199109098411 ], [ -129.224999946415096, 53.073762603570323 ], [ -129.196740191970775, 53.071985693383077 ] ] ] } },
{ "type": "Feature", "properties": { "island": null }, "geometry": { "type": "Polygon", "coordinates": [ [ [ -132.435374347785881, 53.097140122274183 ], [ -132.419720044235902, 53.107638681244183 ], [ -132.434643339077752, 53.11806057739863 ], [ -132.489097172367252, 53.120717615917911 ], [ -132.526981847546466, 53.130074168590468 ], [ -132.549106255099872, 53.137577758857809 ], [ -132.582199210343418, 53.142608174605293 ], [ -132.600248821618464, 53.137359648859388 ], [ -132.60017336884107, 53.125082732057187 ], [ -132.568452404648383, 53.115226593171322 ], [ -132.522555888213162, 53.086510694807167 ], [ -132.496740374207093, 53.09083715235893 ], [ -132.469963992024901, 53.091367849442193 ], [ -132.435374347785881, 53.097140122274183 ] ] ] } },
{ "type": "Feature", "properties": { "island": "Princess Royal Island" }, "geometry": { "type": "Polygon", "coordinates": [ [ [ -128.613575370576172, 52.614896440644053 ], [ -128.593235074251822, 52.624177699000803 ], [ -128.57187539472028, 52.760399850583006 ], [ -128.551810683590361, 52.830847204556356 ], [ -128.54525199970513, 52.90830217794975 ], [ -128.552546639599029, 52.963131425475623 ], [ -128.577192741017654, 53.035588677085748 ], [ -128.60997086555642, 53.079430076601703 ], [ -128.641222925971647, 53.107986559882839 ], [ -128.663472349063568, 53.123883007657902 ], [ -128.705114365689866, 53.142844288128003 ], [ -128.789088197981499, 53.174489656986161 ], [ -128.805508668641579, 53.184529355439039 ], [ -128.827405190279165, 53.196534400925863 ], [ -128.914369981628056, 53.251044118799257 ], [ -128.990040963866022, 53.26379925426194 ], [ -129.016469974151647, 53.270257321162177 ], [ -129.044791300788916, 53.27201059106023 ], [ -129.068321504186457, 53.255622245546427 ], [ -129.076194810495338, 53.236876443177174 ], [ -129.065986044201367, 53.226634720427562 ], [ -129.045522525528128, 53.216037260606335 ], [ -129.040151598362371, 53.204063158806825 ], [ -129.051381016051948, 53.192077498437271 ], [ -129.064184195267131, 53.161589027811686 ], [ -129.081486017550134, 53.085763213118206 ], [ -129.118519478312578, 53.056495749763656 ], [ -129.164312507423233, 53.016066376343197 ], [ -129.179767749551928, 52.958665645670571 ], [ -129.180317762711724, 52.932663902953728 ], [ -129.15605434974961, 52.921506605645348 ], [ -129.117341295544435, 52.895742312474617 ], [ -129.097915405766173, 52.892797622306929 ], [ -129.082046402924362, 52.896632662160123 ], [ -129.070296907116727, 52.904803180858856 ], [ -129.028593080186965, 52.94572961385613 ], [ -129.003248478181661, 52.956876746400873 ], [ -128.978406489282179, 52.981711079423903 ], [ -128.958951391388013, 52.988703351010841 ], [ -128.945431907867118, 52.981589187002164 ], [ -128.940730468602936, 52.963470342382443 ], [ -128.962657869937118, 52.935671315174972 ], [ -129.01034230866523, 52.900585888992708 ], [ -129.045287063189818, 52.886062304176981 ], [ -129.054960664832464, 52.872600226702623 ], [ -129.09704585763788, 52.865324636329078 ], [ -129.111649169185284, 52.860040970897082 ], [ -129.126205035503261, 52.824956021365068 ], [ -129.125716048543637, 52.801262937853259 ], [ -129.10836629092023, 52.7837001285274 ], [ -129.080883608211423, 52.765786178047513 ], [ -128.989097269992698, 52.68579321200118 ], [ -128.941166392019767, 52.65360120796727 ], [ -128.908494879706552, 52.643515904274402 ], [ -128.879181696156024, 52.640243298999458 ], [ -128.863785225823932, 52.647816584148593 ], [ -128.845307209849466, 52.662411595848859 ], [ -128.789824319573626, 52.672453450729968 ], [ -128.784009508111069, 52.686491797019087 ], [ -128.801498023781846, 52.71783326790996 ], [ -128.795043481854577, 52.738021488292731 ], [ -128.757233434034134, 52.793130123309425 ], [ -128.726135068417165, 52.851820359730304 ], [ -128.692993119945868, 52.871581683507038 ], [ -128.679274617376365, 52.884399252367885 ], [ -128.677168942708647, 52.899097823532429 ], [ -128.682250926271905, 52.911126011245102 ], [ -128.672714068029649, 52.938295076375503 ], [ -128.653136581855819, 52.955194649629988 ], [ -128.637663729043595, 52.952775811928731 ], [ -128.623824105002342, 52.93192546581124 ], [ -128.623776992254193, 52.908178596089421 ], [ -128.64707712993652, 52.868203281750127 ], [ -128.68821564776178, 52.8297609567962 ], [ -128.741712950312206, 52.757160953722867 ], [ -128.745298776729072, 52.734001379740228 ], [ -128.740979288550449, 52.695926940358675 ], [ -128.721735623946046, 52.659309008850286 ], [ -128.735926122009857, 52.630442535142471 ], [ -128.736628698096041, 52.614348412830402 ], [ -128.724725425315427, 52.608698365309664 ], [ -128.695823620439739, 52.609153928940465 ], [ -128.663612436656791, 52.612801243756948 ], [ -128.613575370576172, 52.614896440644053 ] ] ] } },
{ "type": "Feature", "properties": { "island": null }, "geometry": { "type": "Polygon", "coordinates": [ [ [ -129.344361675319618, 53.225868991635018 ], [ -129.321396217942521, 53.236202910730746 ], [ -129.316665905228547, 53.247914608982747 ], [ -129.330260850285214, 53.254909892775899 ], [ -129.371844395493298, 53.259864786809992 ], [ -129.381639785908135, 53.246310274246731 ], [ -129.363952744709849, 53.228767144407364 ], [ -129.344361675319618, 53.225868991635018 ] ] ] } },
{ "type": "Feature", "properties": { "island": null }, "geometry": { "type": "Polygon", "coordinates": [ [ [ -129.339365400797305, 52.946554248223144 ], [ -129.315637315906116, 52.959131153340415 ], [ -129.297769051295461, 52.997523481013062 ], [ -129.295388956337291, 53.008380087036244 ], [ -129.306666558822144, 53.026183946516511 ], [ -129.343593873986748, 53.046675241975237 ], [ -129.410599247031087, 53.110070793134589 ], [ -129.452639078203532, 53.138622839372054 ], [ -129.502079735658128, 53.164591953088021 ], [ -129.527042917439246, 53.169444827890473 ], [ -129.545507705463507, 53.164717967317287 ], [ -129.571370190277349, 53.15729332539064 ], [ -129.577504170328496, 53.147050878277014 ], [ -129.555303187925858, 53.125112524170305 ], [ -129.520648894886932, 53.11380289728659 ], [ -129.524844196337057, 53.088297567296877 ], [ -129.508791739880735, 53.082228728922402 ], [ -129.481430990691337, 53.078273328930955 ], [ -129.470245825883723, 53.07032736885219 ], [ -129.471038857219469, 53.048099339349491 ], [ -129.429411708642618, 53.013375358754438 ], [ -129.404476797992317, 52.968636381917214 ], [ -129.398098501321329, 52.958939658375797 ], [ -129.373836676703974, 52.947907932160575 ], [ -129.339365400797305, 52.946554248223144 ] ] ] } },
{ "type": "Feature", "properties": { "island": null }, "geometry": { "type": "Polygon", "coordinates": [ [ [ -129.64113403786169, 53.045650186127311 ], [ -129.620808418398525, 53.055145511787586 ], [ -129.615239102469218, 53.069240752798194 ], [ -129.622137098319939, 53.082706804389417 ], [ -129.665626415200251, 53.10268314103034 ], [ -129.697990417409443, 53.114802055075494 ], [ -129.730721603477946, 53.120794747056046 ], [ -129.751611493099915, 53.115136323597163 ], [ -129.760064794142437, 53.093968413161946 ], [ -129.747536449246638, 53.078511246028199 ], [ -129.716163529470805, 53.054101881517717 ], [ -129.694663310087321, 53.04601578313477 ], [ -129.672674333390262, 53.044078024586241 ], [ -129.64113403786169, 53.045650186127311 ] ] ] } },
{ "type": "Feature", "properties": { "island": null }, "geometry": { "type": "Polygon", "coordinates": [ [ [ -131.671000209348733, 52.868502523647855 ], [ -131.634776515748541, 52.884906242880611 ], [ -131.625134294225148, 52.907100371016895 ], [ -131.632504584949828, 52.938876816165923 ], [ -131.649320000431601, 52.960730741139237 ], [ -131.677379637462877, 52.974123988481018 ], [ -131.73612607202233, 52.987670004242929 ], [ -131.75782385277455, 53.007610299728036 ], [ -131.796244077014705, 53.014827026399558 ], [ -131.830805174716602, 53.015502445714546 ], [ -131.89199098436066, 53.02182612497127 ], [ -131.907828738618321, 53.017599675355505 ], [ -131.916524938043381, 53.003882062826705 ], [ -131.897055150722537, 52.982947107861136 ], [ -131.892402310413672, 52.972578498248879 ], [ -131.873863506700729, 52.949319949511164 ], [ -131.83972840815818, 52.899473590809919 ], [ -131.807211696128661, 52.869600345108203 ], [ -131.714943689530145, 52.859236346267465 ], [ -131.671000209348733, 52.868502523647855 ] ] ] } },
{ "type": "Feature", "properties": { "island": null }, "geometry": { "type": "Polygon", "coordinates": [ [ [ -132.252614672923045, 52.957257841051607 ], [ -132.23061240665541, 52.968206870058282 ], [ -132.254185959977917, 52.977204845886718 ], [ -132.303651843592462, 52.98188099815637 ], [ -132.328767303753466, 52.979954580289615 ], [ -132.339615200771476, 52.971401209981202 ], [ -132.332596404637314, 52.961967623093535 ], [ -132.314514102624173, 52.954822780514228 ], [ -132.252614672923045, 52.957257841051607 ] ] ] } },
{ "type": "Feature", "properties": { "island": null }, "geometry": { "type": "Polygon", "coordinates": [ [ [ -129.54974622317107, 52.991269331735396 ], [ -129.531877596760296, 52.999845554329553 ], [ -129.521820883401489, 53.019510328141962 ], [ -129.53604317380757, 53.030283650847736 ], [ -129.55787900101538, 53.032293274201002 ], [ -129.579699804561045, 53.024289173141518 ], [ -129.586323237326127, 53.007893443136567 ], [ -129.574542394269997, 52.996232367022927 ], [ -129.54974622317107, 52.991269331735396 ] ] ] } },
{ "type": "Feature", "properties": { "island": null }, "geometry": { "type": "Polygon", "coordinates": [ [ [ -129.57927028144428, 52.938545787714077 ], [ -129.563798002924216, 52.946148509797375 ], [ -129.560013329122114, 52.955533116629738 ], [ -129.578691020180997, 52.970726164174543 ], [ -129.59289783046097, 52.981491558707347 ], [ -129.633641752779454, 52.992416326260596 ], [ -129.673620085879662, 52.995722664385546 ], [ -129.691029861173519, 52.993357151898721 ], [ -129.701102482222666, 52.983561160844467 ], [ -129.699498828431786, 52.972200753776036 ], [ -129.679005577180419, 52.961733843177299 ], [ -129.644504011124525, 52.960478780504488 ], [ -129.621417118878242, 52.940944147937103 ], [ -129.57927028144428, 52.938545787714077 ] ] ] } },
{ "type": "Feature", "properties": { "island": null }, "geometry": { "type": "Polygon", "coordinates": [ [ [ -131.689033722846546, 52.816531131727011 ], [ -131.695047221427956, 52.8283989508774 ], [ -131.716835975442251, 52.836069547308988 ], [ -131.766058811000221, 52.840994999672475 ], [ -131.793524869744829, 52.832139552680232 ], [ -131.777304981408378, 52.820189164545504 ], [ -131.751563084080715, 52.812036567026233 ], [ -131.710272885206535, 52.808096284763835 ], [ -131.689033722846546, 52.816531131727011 ] ] ] } },
{ "type": "Feature", "properties": { "island": null }, "geometry": { "type": "Polygon", "coordinates": [ [ [ -131.633171432435745, 52.736704178867313 ], [ -131.615899094697369, 52.745619541433406 ], [ -131.625176401312558, 52.754225047747042 ], [ -131.643012914031033, 52.755305022636293 ], [ -131.692206828650683, 52.754030400227329 ], [ -131.707175720525015, 52.746122338142214 ], [ -131.694846161692169, 52.734708447784442 ], [ -131.665182752469576, 52.732145297141265 ], [ -131.633171432435745, 52.736704178867313 ] ] ] } },
{ "type": "Feature", "properties": { "island": null }, "geometry": { "type": "Polygon", "coordinates": [ [ [ -129.347327324426601, 52.786101963136531 ], [ -129.315526701091869, 52.793805199650393 ], [ -129.307012432534293, 52.814870128538381 ], [ -129.31186571925312, 52.832967348874199 ], [ -129.325400161880793, 52.840035518888399 ], [ -129.355766444571628, 52.830848726687506 ], [ -129.353339642290791, 52.811859513090866 ], [ -129.347327324426601, 52.786101963136531 ] ] ] } },
{ "type": "Feature", "properties": { "island": null }, "geometry": { "type": "Polygon", "coordinates": [ [ [ -131.745762821952638, 52.710302013887166 ], [ -131.728521902783143, 52.71923605285248 ], [ -131.73929351133313, 52.729200369698582 ], [ -131.771427143246797, 52.718453591395523 ], [ -131.762134596531979, 52.709862756632894 ], [ -131.745762821952638, 52.710302013887166 ] ] ] } },
{ "type": "Feature", "properties": { "island": null }, "geometry": { "type": "Polygon", "coordinates": [ [ [ -128.501892677967362, 52.650876187749944 ], [ -128.480407391554593, 52.662423787297683 ], [ -128.468200907719137, 52.700384888372277 ], [ -128.47928083756571, 52.732069966131611 ], [ -128.463565034138099, 52.796889849733134 ], [ -128.464191017591617, 52.814484075309871 ], [ -128.474889150421063, 52.832409805006172 ], [ -128.488393180187131, 52.83953484066668 ], [ -128.52141329007344, 52.772455454385977 ], [ -128.522098503947092, 52.732663709385527 ], [ -128.514665293754092, 52.664135819522748 ], [ -128.501892677967362, 52.650876187749944 ] ] ] } },
{ "type": "Feature", "properties": { "island": "Aristazabal Island" }, "geometry": { "type": "Polygon", "coordinates": [ [ [ -128.967848912685071, 52.447410220706551 ], [ -128.947676561204304, 52.456760148491192 ], [ -128.925032137080791, 52.476937377709177 ], [ -128.908629083446442, 52.496747205268818 ], [ -128.909347713523346, 52.524193914859744 ], [ -128.919754879985049, 52.558187791846166 ], [ -128.96840308998398, 52.607961576536653 ], [ -128.998540878730438, 52.628789760837051 ], [ -129.022574735239431, 52.639973276427149 ], [ -129.060983373624595, 52.665752871302857 ], [ -129.137403576371639, 52.733382734276901 ], [ -129.227724383329075, 52.78803895354212 ], [ -129.257114021033345, 52.801214010850423 ], [ -129.27165606492099, 52.795908106294988 ], [ -129.265277422616407, 52.77625078436391 ], [ -129.27632375042819, 52.754376586187917 ], [ -129.267092427746377, 52.731839645072796 ], [ -129.253114304977657, 52.711037833661926 ], [ -129.233795912933402, 52.698243531587202 ], [ -129.203413456312717, 52.66752777503519 ], [ -129.198713102124884, 52.639432251756688 ], [ -129.115134857755464, 52.554586153830684 ], [ -129.105537359787007, 52.538271063147334 ], [ -129.07780999156256, 52.506643414269597 ], [ -129.054707792235803, 52.503100624244873 ], [ -128.996691124954793, 52.510356586593836 ], [ -128.979524253440928, 52.502738467351669 ], [ -128.974396874456914, 52.490738133656087 ], [ -128.987884737930301, 52.457999602599422 ], [ -128.967848912685071, 52.447410220706551 ] ] ] } },
{ "type": "Feature", "properties": { "island": "Louise Island" }, "geometry": { "type": "Polygon", "coordinates": [ [ [ -131.461921389118544, 52.59903906290112 ], [ -131.446967661923736, 52.606905335657409 ], [ -131.434883686419795, 52.63000688331438 ], [ -131.433266302943309, 52.669257213856383 ], [ -131.443948328431162, 52.685428008500182 ], [ -131.463022644663852, 52.700247331071168 ], [ -131.494043922093283, 52.710344783544244 ], [ -131.536187852991532, 52.70594650098576 ], [ -131.57549313968309, 52.686243123809433 ], [ -131.592582176995478, 52.689672912729996 ], [ -131.625922434896466, 52.705019296989846 ], [ -131.681998160047556, 52.707193185183712 ], [ -131.705434140867112, 52.69786208941737 ], [ -131.705556481543454, 52.685525793780201 ], [ -131.685582724398387, 52.673147137365078 ], [ -131.671727260615711, 52.660287554170523 ], [ -131.657934079039762, 52.641320638064933 ], [ -131.643590170841804, 52.612363375961763 ], [ -131.633701348532099, 52.59999985075919 ], [ -131.602056540198021, 52.580003093615261 ], [ -131.578908582603134, 52.577046732833097 ], [ -131.581534428718811, 52.604455339611036 ], [ -131.574347190154526, 52.619577565239943 ], [ -131.555563508468509, 52.627038673792114 ], [ -131.528251053340426, 52.62354114951998 ], [ -131.516029476579916, 52.618292089927614 ], [ -131.507652523022585, 52.607290645864197 ], [ -131.489830223180576, 52.600134435310558 ], [ -131.461921389118544, 52.59903906290112 ] ] ] } },
{ "type": "Feature", "properties": { "island": null }, "geometry": { "type": "Polygon", "coordinates": [ [ [ -128.246814309723732, 52.591366876167875 ], [ -128.228838166193867, 52.599710797157485 ], [ -128.208162388886478, 52.656203632842995 ], [ -128.155535994191837, 52.720128892819915 ], [ -128.143419467522108, 52.738146247515871 ], [ -128.142565867063126, 52.767981935578931 ], [ -128.153934147067332, 52.79352834050205 ], [ -128.173222194654016, 52.796645505966467 ], [ -128.192220821223515, 52.772207000568919 ], [ -128.208928539926774, 52.762448288218096 ], [ -128.23494637463196, 52.759182467449882 ], [ -128.260063827452399, 52.758228056107328 ], [ -128.29577182223727, 52.761428782636507 ], [ -128.310144029107875, 52.742567295778116 ], [ -128.298120025050025, 52.723135603372455 ], [ -128.263006681747726, 52.676294764342259 ], [ -128.253026035904497, 52.65226173789808 ], [ -128.260120412352961, 52.598439254610525 ], [ -128.246814309723732, 52.591366876167875 ] ] ] } },
{ "type": "Feature", "properties": { "island": null }, "geometry": { "type": "Polygon", "coordinates": [ [ [ -128.313357518796295, 52.518474066267331 ], [ -128.296496967132043, 52.538238129718827 ], [ -128.304219459157338, 52.563159947184332 ], [ -128.302969087617697, 52.636609482739985 ], [ -128.311042052714186, 52.665319061957703 ], [ -128.3311707784394, 52.689771110459226 ], [ -128.343379875823416, 52.722932852614605 ], [ -128.349193913694592, 52.766252835033654 ], [ -128.421492666111135, 52.746571035838741 ], [ -128.425200935723581, 52.73345533584915 ], [ -128.407316714639251, 52.708194759030597 ], [ -128.408842007786262, 52.685951323834978 ], [ -128.400876337073129, 52.670978273510642 ], [ -128.40696349991174, 52.656920965130936 ], [ -128.424115317713643, 52.641031841929518 ], [ -128.433941209525273, 52.627637787479962 ], [ -128.435940533518334, 52.599228887565225 ], [ -128.418939053774892, 52.557885442136431 ], [ -128.399239057927161, 52.537312648260439 ], [ -128.313357518796295, 52.518474066267331 ] ] ] } },
{ "type": "Feature", "properties": { "island": null }, "geometry": { "type": "Polygon", "coordinates": [ [ [ -131.372594870559311, 52.524553273221592 ], [ -131.350730451588078, 52.535253785142061 ], [ -131.355047717246038, 52.545679790470764 ], [ -131.38362806853047, 52.550642006755417 ], [ -131.408713496296031, 52.542784043893263 ], [ -131.402914105444722, 52.524809381858702 ], [ -131.372594870559311, 52.524553273221592 ] ] ] } },
{ "type": "Feature", "properties": { "island": null }, "geometry": { "type": "Polygon", "coordinates": [ [ [ -128.540828119766076, 52.421539693504727 ], [ -128.471993811630966, 52.444185600753293 ], [ -128.469414134208392, 52.455004151493533 ], [ -128.491268843120224, 52.518301323405616 ], [ -128.507077795294435, 52.548266500322519 ], [ -128.5146165087817, 52.583094940945848 ], [ -128.514495244318368, 52.593044006141987 ], [ -128.521271422733577, 52.610339451047118 ], [ -128.53750705653087, 52.620356711469036 ], [ -128.55620004146391, 52.619590196448982 ], [ -128.574617293835473, 52.581369271984279 ], [ -128.590136181061496, 52.573918696397847 ], [ -128.626132383056756, 52.570832176402618 ], [ -128.676032269090541, 52.578681785243951 ], [ -128.728157974647928, 52.561952678448321 ], [ -128.732094985868144, 52.552609934919573 ], [ -128.717277866775134, 52.54411211863011 ], [ -128.69395996508365, 52.536665352276813 ], [ -128.68115717956988, 52.523432526023292 ], [ -128.685109894364444, 52.514093595988889 ], [ -128.698064094305153, 52.507429417781594 ], [ -128.724814468930703, 52.51162816411648 ], [ -128.743491813570813, 52.520730506933994 ], [ -128.768899211043305, 52.523510728574117 ], [ -128.795329040212579, 52.513965882239297 ], [ -128.793618415964346, 52.488808016755186 ], [ -128.777503228318523, 52.478786466476514 ], [ -128.748327004303405, 52.475480300091981 ], [ -128.715230063449383, 52.4815077031908 ], [ -128.695042347170585, 52.48085965598176 ], [ -128.596190493537563, 52.459017796455434 ], [ -128.567289110212471, 52.445667234180711 ], [ -128.540828119766076, 52.421539693504727 ] ] ] } },
{ "type": "Feature", "properties": { "island": null }, "geometry": { "type": "Polygon", "coordinates": [ [ [ -128.383260255901035, 52.456165732383617 ], [ -128.300097729950352, 52.487738436559582 ], [ -128.311344195519808, 52.499521801270177 ], [ -128.372488488280936, 52.509354728449509 ], [ -128.394431782890109, 52.515336009861841 ], [ -128.417031100859674, 52.491496768304536 ], [ -128.414129515774277, 52.464843583978009 ], [ -128.399420143315297, 52.45630282607587 ], [ -128.383260255901035, 52.456165732383617 ] ] ] } },
{ "type": "Feature", "properties": { "island": "Lyell Island" }, "geometry": { "type": "Polygon", "coordinates": [ [ [ -131.279681721335351, 52.323784776961652 ], [ -131.26556643264928, 52.33553472297465 ], [ -131.276477499789252, 52.361623254483199 ], [ -131.270069902811656, 52.37432211489125 ], [ -131.24885989369858, 52.38875768991057 ], [ -131.247670474215425, 52.403398947301582 ], [ -131.264378157337205, 52.41302654691188 ], [ -131.296056201680614, 52.414685853488848 ], [ -131.341343192565716, 52.400892104695302 ], [ -131.350102262800078, 52.387245746408958 ], [ -131.341388415057679, 52.360272337609054 ], [ -131.31436428381221, 52.328339015998054 ], [ -131.298357680340217, 52.322556741992017 ], [ -131.279681721335351, 52.323784776961652 ] ] ] } },
{ "type": "Feature", "properties": { "island": null }, "geometry": { "type": "Polygon", "coordinates": [ [ [ -128.673048217989731, 52.263243271486552 ], [ -128.624309738029297, 52.30656481999165 ], [ -128.624996770951526, 52.324135513038236 ], [ -128.639510765627421, 52.376157263975031 ], [ -128.639389337142205, 52.419763341691962 ], [ -128.644959649208005, 52.435583037851316 ], [ -128.67399898507793, 52.44886227077253 ], [ -128.735235016969369, 52.448533088490663 ], [ -128.751211659587909, 52.43484489038228 ], [ -128.764241343578078, 52.374701272740353 ], [ -128.725068208599311, 52.29388977880113 ], [ -128.695829633568678, 52.266917263735273 ], [ -128.673048217989731, 52.263243271486552 ] ] ] } },
{ "type": "Feature", "properties": { "island": null }, "geometry": { "type": "Polygon", "coordinates": [ [ [ -128.392061889072551, 52.350435851886907 ], [ -128.371798013441179, 52.35966775162229 ], [ -128.351289152466677, 52.378765512710508 ], [ -128.32656951523191, 52.393459833812457 ], [ -128.302764264557879, 52.415815074157926 ], [ -128.280136506637746, 52.4396236776603 ], [ -128.281310404739514, 52.450983445886244 ], [ -128.299408833009636, 52.456434705694278 ], [ -128.384250963448295, 52.430137875342467 ], [ -128.390873617741704, 52.409991100059202 ], [ -128.402484980994217, 52.401957872197848 ], [ -128.443991441873465, 52.381231214888921 ], [ -128.450567396829911, 52.361088614219476 ], [ -128.438771777691102, 52.355412896963344 ], [ -128.392061889072551, 52.350435851886907 ] ] ] } },
{ "type": "Feature", "properties": { "island": null }, "geometry": { "type": "Polygon", "coordinates": [ [ [ -128.156162552308047, 52.261049421126685 ], [ -128.083314745799782, 52.292744476924931 ], [ -128.07271065980504, 52.312226574423477 ], [ -128.074174662551656, 52.327439436049623 ], [ -128.082629399346644, 52.350049800058805 ], [ -128.080753239372712, 52.368444261679059 ], [ -128.07837358669417, 52.383024606302044 ], [ -128.089513187337303, 52.394835070207002 ], [ -128.104374952786173, 52.393472283336358 ], [ -128.131750554079474, 52.354301579841085 ], [ -128.180976114912141, 52.297491482650223 ], [ -128.189077426543889, 52.278863929649987 ], [ -128.174688058039322, 52.260351279003814 ], [ -128.156162552308047, 52.261049421126685 ] ] ] } },
{ "type": "Feature", "properties": { "island": null }, "geometry": { "type": "Polygon", "coordinates": [ [ [ -127.760696978558741, 51.945065253898136 ], [ -127.738082908117946, 51.955016601587445 ], [ -127.708946087277099, 51.9887661659956 ], [ -127.663756994722945, 52.067280154058807 ], [ -127.624862377077847, 52.104381618728297 ], [ -127.574149107956544, 52.135745927166212 ], [ -127.487586678659085, 52.169711665607821 ], [ -127.36045042513301, 52.2254864352509 ], [ -127.248252070164014, 52.269939331090725 ], [ -127.233307497981428, 52.284851225672199 ], [ -127.224746642276415, 52.303402609662918 ], [ -127.205543525798959, 52.313831878391383 ], [ -127.201752054291518, 52.330741927394172 ], [ -127.225486481510472, 52.363631869254043 ], [ -127.227706750455937, 52.376510622679447 ], [ -127.248680724099685, 52.406509347895522 ], [ -127.26973779628932, 52.405132289730645 ], [ -127.303207690875567, 52.385848459491534 ], [ -127.331649682293303, 52.381923831703645 ], [ -127.382682963376539, 52.364372445925397 ], [ -127.40554024643221, 52.323238730756437 ], [ -127.450333538099329, 52.292129519167851 ], [ -127.587989496250586, 52.240536209998076 ], [ -127.718497310423544, 52.212672907385787 ], [ -127.75776698748146, 52.19297024700608 ], [ -127.783219016782184, 52.172333341868395 ], [ -127.796638203248776, 52.155807749890968 ], [ -127.832428072330387, 52.125656089721524 ], [ -127.837592666951963, 52.114006428328004 ], [ -127.819458424356895, 52.090996023835835 ], [ -127.812866144449984, 52.073653869411068 ], [ -127.840912252124511, 52.069637312809029 ], [ -127.866981599005044, 52.070274225065297 ], [ -127.869422991008207, 52.055709739584337 ], [ -127.85810114169621, 52.040039740319202 ], [ -127.872421155859556, 52.021278590791553 ], [ -127.880623095097221, 52.002693354725444 ], [ -127.865921343665235, 51.935302524133711 ], [ -127.845413578899439, 51.926868632394047 ], [ -127.787613437829251, 51.943416802965494 ], [ -127.760696978558741, 51.945065253898136 ] ] ] } },
{ "type": "Feature", "properties": { "island": null }, "geometry": { "type": "Polygon", "coordinates": [ [ [ -128.43028556575527, 52.299305892800213 ], [ -128.390428218509385, 52.311566909024506 ], [ -128.398317005451872, 52.326525000691205 ], [ -128.423159846263843, 52.325532123162667 ], [ -128.443393689767419, 52.316289289582393 ], [ -128.445957121518632, 52.305474069722216 ], [ -128.43028556575527, 52.299305892800213 ] ] ] } },
{ "type": "Feature", "properties": { "island": null }, "geometry": { "type": "Polygon", "coordinates": [ [ [ -128.071424549607002, 52.208430926006614 ], [ -128.058347993294916, 52.215057471053363 ], [ -128.042265500439555, 52.242344606326448 ], [ -128.015576483727841, 52.261629138296747 ], [ -128.009412569044457, 52.275652102608944 ], [ -128.029768016390591, 52.280205936264352 ], [ -128.063903295924064, 52.272121767674193 ], [ -128.089904791026214, 52.24519732530262 ], [ -128.159305072390453, 52.230443513898798 ], [ -128.163364604360112, 52.221131719909138 ], [ -128.143679228637353, 52.210393977181177 ], [ -128.11476191359472, 52.206911771501595 ], [ -128.071424549607002, 52.208430926006614 ] ] ] } },
{ "type": "Feature", "properties": { "island": null }, "geometry": { "type": "Polygon", "coordinates": [ [ [ -127.932761569929127, 52.178535619847231 ], [ -127.905296936148829, 52.190208027905882 ], [ -127.901175954041477, 52.19950839433136 ], [ -127.9226301075918, 52.229233216318441 ], [ -127.926086828454629, 52.253570826335697 ], [ -127.939583582187439, 52.264526444851803 ], [ -127.958099646376638, 52.263870363339279 ], [ -127.972328265995515, 52.25497801973291 ], [ -127.986556859619739, 52.222396775742332 ], [ -128.035960470321413, 52.201385336848638 ], [ -128.037547210697369, 52.1792330444787 ], [ -128.024057994707675, 52.168285308221634 ], [ -127.996322535887273, 52.167922550642942 ], [ -127.932761569929127, 52.178535619847231 ] ] ] } },
{ "type": "Feature", "properties": { "island": null }, "geometry": { "type": "Polygon", "coordinates": [ [ [ -128.338632349129057, 52.172374956590659 ], [ -128.316156531447319, 52.182416385614815 ], [ -128.298715561161231, 52.194536490751616 ], [ -128.273765824974618, 52.205439323709832 ], [ -128.282098336067804, 52.214232695200195 ], [ -128.328182695194073, 52.215528137103739 ], [ -128.359387650859986, 52.204365795038989 ], [ -128.364956521129557, 52.186599987861129 ], [ -128.360057926932001, 52.174579569719093 ], [ -128.338632349129057, 52.172374956590659 ] ] ] } },
{ "type": "Feature", "properties": { "island": "Kunghit Island" }, "geometry": { "type": "Polygon", "coordinates": [ [ [ -131.036692398029288, 51.940219000610412 ], [ -131.014262538711961, 51.947039782700216 ], [ -131.019207119103044, 51.961249263160909 ], [ -131.002804166009753, 51.995970953932996 ], [ -131.037075905700618, 52.028995222116606 ], [ -131.041119691187106, 52.045512762466849 ], [ -131.005154885607396, 52.045589241697662 ], [ -130.981823990999203, 52.054790303491188 ], [ -130.972150944660768, 52.070778704819624 ], [ -131.015471578024631, 52.08399619748814 ], [ -131.024305941969999, 52.098732888612986 ], [ -131.047240077350068, 52.123977825776215 ], [ -131.066420678408633, 52.126553549923763 ], [ -131.096618131187512, 52.114631346772804 ], [ -131.118575203774441, 52.097854302187372 ], [ -131.119810630331727, 52.083228329604218 ], [ -131.090208538141923, 52.048434419830926 ], [ -131.075651133820713, 52.021834748408402 ], [ -131.083035384255794, 52.000681971800674 ], [ -131.082776209988992, 51.984610749150825 ], [ -131.036692398029288, 51.940219000610412 ] ] ] } },
{ "type": "Feature", "properties": { "island": null }, "geometry": { "type": "Polygon", "coordinates": [ [ [ -128.42304831245815, 52.136206150187348 ], [ -128.400402486881603, 52.14623181896075 ], [ -128.398373929451623, 52.160845941426189 ], [ -128.401029620707163, 52.187446564296231 ], [ -128.392485422603812, 52.212173500780928 ], [ -128.415907929434951, 52.209769737758705 ], [ -128.423873112909803, 52.191131243154828 ], [ -128.459884684425361, 52.168302850850857 ], [ -128.464875119459492, 52.156621729008769 ], [ -128.463256891770214, 52.141419623206922 ], [ -128.443922342635915, 52.134591352412563 ], [ -128.42304831245815, 52.136206150187348 ] ] ] } },
{ "type": "Feature", "properties": { "island": null }, "geometry": { "type": "Polygon", "coordinates": [ [ [ -128.286932447917053, 52.127835608835717 ], [ -128.273901543063459, 52.134488942810975 ], [ -128.257619647886969, 52.157949764987755 ], [ -128.214344500181625, 52.183257667187839 ], [ -128.208257375600482, 52.197288419182101 ], [ -128.22859814303817, 52.201804874930104 ], [ -128.285836465043587, 52.177492072087233 ], [ -128.304787189042088, 52.156850482344396 ], [ -128.308646956596789, 52.133823604296843 ], [ -128.286932447917053, 52.127835608835717 ] ] ] } },
{ "type": "Feature", "properties": { "island": null }, "geometry": { "type": "Polygon", "coordinates": [ [ [ -128.206266082944694, 51.991348793812634 ], [ -128.186155529689898, 52.000535195158349 ], [ -128.165036942880107, 52.049300112998409 ], [ -128.151440912899062, 52.062019149466977 ], [ -128.136243583049605, 52.097008006445662 ], [ -128.126830089780725, 52.127835390361 ], [ -128.129805760421306, 52.158246583955467 ], [ -128.152619807881166, 52.161991912819595 ], [ -128.188556227765758, 52.149196896526846 ], [ -128.214312674684351, 52.145896247541394 ], [ -128.242222218974348, 52.128061201461534 ], [ -128.250263265466259, 52.10943764364125 ], [ -128.210022502150167, 52.066709112825059 ], [ -128.221464889311022, 52.007522750799296 ], [ -128.206266082944694, 51.991348793812634 ] ] ] } },
{ "type": "Feature", "properties": { "island": null }, "geometry": { "type": "Polygon", "coordinates": [ [ [ -127.941803814202828, 52.075245131610764 ], [ -127.92159285657138, 52.084385599768652 ], [ -127.895232927971804, 52.121109466288047 ], [ -127.90136649299744, 52.134647288129024 ], [ -127.919273089582035, 52.140155543224758 ], [ -127.962302721287585, 52.134803207840754 ], [ -128.00566981679907, 52.131518625341862 ], [ -128.086909374833994, 52.112557865058434 ], [ -128.090969326866684, 52.103254074115284 ], [ -128.081964626850862, 52.086740171692746 ], [ -128.037270895002109, 52.073167922700819 ], [ -127.956618793034352, 52.073986062911295 ], [ -127.941803814202828, 52.075245131610764 ] ] ] } },
{ "type": "Feature", "properties": { "island": null }, "geometry": { "type": "Polygon", "coordinates": [ [ [ -128.333549223341379, 52.075629480474255 ], [ -128.313544334849581, 52.084796489682127 ], [ -128.32506537059416, 52.100421252806854 ], [ -128.342614439123253, 52.102008331514348 ], [ -128.360329792249303, 52.093657856258467 ], [ -128.365197607865809, 52.082026291172447 ], [ -128.333549223341379, 52.075629480474255 ] ] ] } },
{ "type": "Feature", "properties": { "island": null }, "geometry": { "type": "Polygon", "coordinates": [ [ [ -128.063430338102563, 51.777150011578122 ], [ -128.033797333235356, 51.789621034239566 ], [ -128.010832783616877, 51.819483120257374 ], [ -127.969597309906575, 51.882831787918178 ], [ -127.960860791400847, 51.935027522597416 ], [ -127.943938732750723, 51.978290135847388 ], [ -127.947769334416861, 52.020164237510734 ], [ -127.962592376383029, 52.032608681562046 ], [ -127.978440058658279, 52.042694191177219 ], [ -127.99854203307379, 52.047298071567823 ], [ -128.033697177309023, 52.035142433924875 ], [ -128.087152141825101, 52.037731032825924 ], [ -128.132549456875353, 52.021555990246419 ], [ -128.142406550271545, 52.008291705566663 ], [ -128.152628334899191, 51.961331406644845 ], [ -128.181590161284873, 51.903785814032766 ], [ -128.193505867539017, 51.862181333033021 ], [ -128.179268055011221, 51.843695631501291 ], [ -128.149237983546527, 51.838737769556964 ], [ -128.122717394690596, 51.844250265352223 ], [ -128.093052033999186, 51.843121643192468 ], [ -128.076586199648744, 51.825439961903591 ], [ -128.098177204734725, 51.794147716289643 ], [ -128.088594064614256, 51.783855805147418 ], [ -128.063430338102563, 51.777150011578122 ] ] ] } },
{ "type": "Feature", "properties": { "island": null }, "geometry": { "type": "Polygon", "coordinates": [ [ [ -128.441383654095574, 51.922564172350128 ], [ -128.418937307916735, 51.932669794862036 ], [ -128.399253191739973, 51.969299259229267 ], [ -128.409965504209822, 51.9772110699965 ], [ -128.442773553574057, 51.971369350383512 ], [ -128.457528068173701, 51.93639201686517 ], [ -128.456444604454305, 51.925005156410563 ], [ -128.441383654095574, 51.922564172350128 ] ] ] } },
{ "type": "Feature", "properties": { "island": null }, "geometry": { "type": "Polygon", "coordinates": [ [ [ -128.009365216641953, 51.72581572470424 ], [ -127.990096595408843, 51.734260972510754 ], [ -127.978286904346248, 51.752285249802796 ], [ -127.987838722006174, 51.762588445562294 ], [ -128.007825247569968, 51.761636347993608 ], [ -128.020627223174472, 51.755071172385748 ], [ -128.032864987504297, 51.740967210029027 ], [ -128.029431350110713, 51.730362466511593 ], [ -128.009365216641953, 51.72581572470424 ] ] ] } },
{ "type": "Feature", "properties": { "island": null }, "geometry": { "type": "Polygon", "coordinates": [ [ [ -128.116121227689717, 51.724867347634991 ], [ -128.071653646475028, 51.734939213615235 ], [ -128.088074458374848, 51.752616949564754 ], [ -128.103578404104724, 51.74895059548205 ], [ -128.117097772161372, 51.73625061795871 ], [ -128.116121227689717, 51.724867347634991 ] ] ] } },
{ "type": "Feature", "properties": { "island": null }, "geometry": { "type": "Polygon", "coordinates": [ [ [ -124.800712772673975, 50.05083491017357 ], [ -124.820608927890149, 50.042373684563628 ], [ -124.815666809316212, 50.028804849249184 ], [ -124.796782995692453, 50.016079064183074 ], [ -124.780307319294934, 49.993299349153581 ], [ -124.712952483630971, 49.94518320843391 ], [ -124.681082978725229, 49.927212876260235 ], [ -124.618807894122142, 49.900190239064344 ], [ -124.582283197689947, 49.876158577338082 ], [ -124.535255010351278, 49.849807555215882 ], [ -124.529393018917176, 49.838496840797838 ], [ -124.529301693388405, 49.823375905059734 ], [ -124.515185365439152, 49.805271274981664 ], [ -124.508097875371206, 49.796180769298452 ], [ -124.451912233765114, 49.769089918487275 ], [ -124.393575280767521, 49.769220796173009 ], [ -124.336337619761508, 49.755652753727823 ], [ -124.26520572665703, 49.750397562024204 ], [ -124.219677866189471, 49.763199533738913 ], [ -124.182277762783357, 49.7790923996101 ], [ -124.143702968915193, 49.785781039380055 ], [ -124.110896236559554, 49.79633626106898 ], [ -124.082819264205241, 49.812892326190031 ], [ -124.055794667321265, 49.842387823712905 ], [ -124.049623896033296, 49.891441985882281 ], [ -124.037836299911817, 49.899036564255383 ], [ -124.021463691027648, 49.900448451948527 ], [ -124.000411676957214, 49.89208645288209 ], [ -123.997031205413492, 49.876270911735631 ], [ -123.997251395183554, 49.846032108122593 ], [ -123.991560421932448, 49.830857584221853 ], [ -123.971760909832767, 49.812657840474856 ], [ -123.951922774406285, 49.813359461368279 ], [ -123.931965583701356, 49.821638419612661 ], [ -123.918757311911165, 49.854086782179429 ], [ -123.932629638098646, 49.879819898625144 ], [ -123.998946975134231, 49.928455852192265 ], [ -124.009454036972912, 49.945823580071533 ], [ -124.002199955695914, 49.970772051767568 ], [ -123.978540478967318, 49.997124697089134 ], [ -123.863800432388032, 50.055927617346171 ], [ -123.824654255948786, 50.085296594519207 ], [ -123.81983908186514, 50.094352304907616 ], [ -123.837317272032237, 50.113354039285724 ], [ -123.930977411512401, 50.170425336607451 ], [ -123.950820627449588, 50.188698334190249 ], [ -123.949507679448402, 50.202293064120646 ], [ -123.932982946975315, 50.207527247029262 ], [ -123.908386328452636, 50.198398114862762 ], [ -123.813635579135166, 50.124549677615853 ], [ -123.74931452613059, 50.097797994004772 ], [ -123.730537855400357, 50.084823464847339 ], [ -123.736588012736377, 50.073478837868194 ], [ -123.766218746193459, 50.062335652560087 ], [ -123.8336864928323, 50.024047554271164 ], [ -123.872595866904163, 50.006099736875086 ], [ -123.934067477009535, 49.9849225160103 ], [ -123.945869152785903, 49.973626573837926 ], [ -123.951850462034514, 49.954729078751932 ], [ -123.928670654535267, 49.924406838377294 ], [ -123.895970260611591, 49.919729744226494 ], [ -123.87488827625593, 49.915167927342765 ], [ -123.863306146487005, 49.899959485847184 ], [ -123.870638229035904, 49.867491959882415 ], [ -123.863893227598595, 49.850852366277607 ], [ -123.861817859470335, 49.828910691265399 ], [ -123.872437900021353, 49.808554859466156 ], [ -123.900613770687258, 49.795768121565459 ], [ -123.911287115744813, 49.786738194808613 ], [ -123.907991712878783, 49.767096475683381 ], [ -123.860768833931076, 49.70492522104287 ], [ -123.833950931414861, 49.696506916522274 ], [ -123.817905361865925, 49.675320003659678 ], [ -123.819300316506698, 49.657921609506758 ], [ -123.802117492119706, 49.635197030928182 ], [ -123.785874590098729, 49.629037146172031 ], [ -123.752204354394806, 49.626607407955866 ], [ -123.706610929756607, 49.642992455607171 ], [ -123.603442523307038, 49.686867410993365 ], [ -123.588229537363858, 49.689866164439238 ], [ -123.574556476436712, 49.671639842218084 ], [ -123.579446245586396, 49.658776157149774 ], [ -123.600619270779958, 49.64458099939722 ], [ -123.648623998275681, 49.627494239056794 ], [ -123.688352584733593, 49.618716207410053 ], [ -123.711660918409578, 49.611318569907738 ], [ -123.756058161345976, 49.593392872833853 ], [ -123.763303561149357, 49.579858329564821 ], [ -123.75532297026254, 49.569260692991129 ], [ -123.752050221233532, 49.549550312859587 ], [ -123.761579640784916, 49.531476474150217 ], [ -123.774404900982915, 49.525582584496469 ], [ -123.79175381987956, 49.529374170400999 ], [ -123.80546565404407, 49.547562378649793 ], [ -123.813233291322319, 49.577080490336435 ], [ -123.88663239188898, 49.674082999119747 ], [ -123.893454155187328, 49.694499198810163 ], [ -123.904991042537745, 49.709692537309138 ], [ -123.926995749706151, 49.730890694647677 ], [ -123.953736635991177, 49.739324950251309 ], [ -123.971156345352256, 49.739377559055697 ], [ -124.002879912954256, 49.723592005359826 ], [ -124.027477235126241, 49.691177669333705 ], [ -124.055684416045764, 49.659492673554141 ], [ -124.06040553926772, 49.639076228741686 ], [ -124.055873371867847, 49.629276212998271 ], [ -124.015344571256307, 49.602711102524303 ], [ -123.991119602847107, 49.574731512923933 ], [ -123.945285575382215, 49.499078886699351 ], [ -123.928005474265433, 49.487665079587572 ], [ -123.882859657356363, 49.470141541789204 ], [ -123.84474109991784, 49.461689123741344 ], [ -123.782171258234882, 49.459141009100314 ], [ -123.74058193143604, 49.449864565488518 ], [ -123.704926376186137, 49.433077050485956 ], [ -123.585385727334526, 49.384684991780205 ], [ -123.555369720448468, 49.379196882994073 ], [ -123.518435011121511, 49.375897221502242 ], [ -123.500955543378083, 49.383329290368486 ], [ -123.4772205632555, 49.413332197744481 ], [ -123.470965790024977, 49.435907556762004 ], [ -123.480761515844122, 49.468519872228065 ], [ -123.469677519896194, 49.500120626776855 ], [ -123.456660228551002, 49.5136207200473 ], [ -123.415659570195231, 49.532119229176274 ], [ -123.327048191013191, 49.548624102040442 ], [ -123.29908756087228, 49.549879780333413 ], [ -123.257131650882798, 49.555495122464357 ], [ -123.23715688219238, 49.563624526428399 ], [ -123.227398864907656, 49.581649710447522 ], [ -123.225476918110132, 49.610313015472528 ], [ -123.201007912768034, 49.655377112196263 ], [ -123.176196508949786, 49.672471889222663 ], [ -123.152803922862248, 49.676035331137911 ], [ -123.140153844574641, 49.670568429700303 ], [ -123.142793494786446, 49.658472446578529 ], [ -123.171396862314424, 49.634621963142514 ], [ -123.18263554430736, 49.606865827077279 ], [ -123.184008180205993, 49.554028615507427 ], [ -123.1972375568769, 49.536731606705487 ], [ -123.223102422554319, 49.524970637915672 ], [ -123.23773650439017, 49.497939209373698 ], [ -123.231525239051749, 49.469928359944312 ], [ -123.233667957729324, 49.42992653112011 ], [ -123.241954011068827, 49.378725455904274 ], [ -123.261217721814745, 49.346440796666556 ], [ -123.24795837337949, 49.324449772860305 ], [ -123.21242560698326, 49.314932756675177 ], [ -123.151121279441554, 49.317344208802794 ], [ -123.099217137459078, 49.316693573690173 ], [ -123.001473474130663, 49.300375996808263 ], [ -122.9516417414942, 49.306473525276672 ], [ -122.930477581189621, 49.316811328854151 ], [ -122.914605927411174, 49.342229899093475 ], [ -122.893228588364636, 49.360087316750139 ], [ -122.875055275310416, 49.386195339731657 ], [ -122.860504721251175, 49.437362321367402 ], [ -122.838279824435531, 49.442314418672986 ], [ -122.821669016445583, 49.423142135768202 ], [ -122.821157131414125, 49.402801931033395 ], [ -122.824408165118257, 49.375633188575826 ], [ -122.839231134595309, 49.348678001341426 ], [ -122.874581127357615, 49.330313111469252 ], [ -122.884240125645277, 49.319864627974297 ], [ -122.888619779205413, 49.294328763903138 ], [ -122.8592828267671, 49.273542663033325 ], [ -122.859626150536045, 49.262201657413499 ], [ -122.872556404569835, 49.256311625764688 ], [ -122.916002854156744, 49.265255605525986 ], [ -123.060107783394528, 49.270981914935028 ], [ -123.117482886357379, 49.282985965914172 ], [ -123.136220992632175, 49.273346267181431 ], [ -123.150122694969951, 49.269000792267228 ], [ -123.188179571892206, 49.270159322955969 ], [ -123.209145048849877, 49.263589855129069 ], [ -123.206215678218314, 49.243959706592825 ], [ -123.16425916190849, 49.217821881003346 ], [ -123.141263112317446, 49.21385543192244 ], [ -123.074504953789116, 49.212292948406251 ], [ -122.98491509429968, 49.202860898820511 ], [ -122.89733988908101, 49.20387398007054 ], [ -122.868339433382602, 49.211061584395495 ], [ -122.83138589535082, 49.215029493338946 ], [ -122.787148760685398, 49.224902790040758 ], [ -122.752415825312184, 49.22814981198664 ], [ -122.739957812546848, 49.222641704174031 ], [ -122.672907225682437, 49.200437992082904 ], [ -122.672381493906656, 49.183812950243492 ], [ -122.694581861931482, 49.175202800380433 ], [ -122.765219836285397, 49.194389415862688 ], [ -122.804513503127794, 49.193503370856043 ], [ -122.887008053150211, 49.169769845001525 ], [ -122.925515833846461, 49.156031786330267 ], [ -123.001411125482207, 49.119286878626923 ], [ -123.018914890869183, 49.10825063723059 ], [ -123.050782895780983, 49.081473993839055 ], [ -123.069337461552053, 49.075671798779538 ], [ -123.093418650056833, 49.077498160363021 ], [ -123.116269109005302, 49.081591688461465 ], [ -123.13586802196312, 49.077242430158741 ], [ -123.139919460984899, 49.059233101610602 ], [ -123.129687403843946, 49.053080089520726 ], [ -123.103435002328467, 49.04826554197264 ], [ -123.088931355005542, 49.035986520735925 ], [ -123.08951939660713, 49.01339966712105 ], [ -123.080089712817085, 48.999117585958913 ], [ -123.016626974169753, 48.999694208761163 ], [ -123.023263093221118, 49.0042834236232 ], [ -123.026382769903975, 49.016345176354861 ], [ -123.019059459196981, 49.029880498981925 ], [ -122.98873160577007, 49.046814749263859 ], [ -122.960911827210495, 49.055486303442315 ], [ -122.91594010706234, 49.060137201570996 ], [ -122.884627569371489, 49.071758354703022 ], [ -122.863516489961469, 49.081990092868722 ], [ -122.844342425505175, 49.07490980595783 ], [ -122.843623526886589, 49.062111181428435 ], [ -122.865064034685517, 49.040550585894657 ], [ -122.851735019849826, 49.026000808018452 ], [ -122.826853289547813, 49.015140759983105 ], [ -122.806282660027264, 49.014065302779194 ], [ -122.790420425302685, 49.007752580633145 ], [ -122.779966265200414, 49.000726487466558 ], [ -122.001255488497591, 48.999848343155804 ], [ -121.001236789239869, 48.999855507322778 ], [ -120.001199207240134, 48.999877047813591 ], [ -119.001153227962803, 48.999902637521757 ], [ -118.001106690673382, 48.999912183929943 ], [ -117.00107294235336, 48.999931654121156 ], [ -116.046098382438373, 48.99995438684951 ], [ -116.001029207010632, 48.999954340853328 ], [ -115.000999335193143, 48.999966566884829 ], [ -114.42740181652222, 49.00123966987465 ], [ -114.230058445824668, 49.000890983574571 ], [ -114.199027358492302, 49.000795633989483 ], [ -114.130474395554714, 49.03019717576575 ], [ -114.102374252231201, 49.040414161954416 ], [ -114.088899192831803, 49.06211688120694 ], [ -114.109003339927824, 49.088316817369574 ], [ -114.130062676361646, 49.108950585897603 ], [ -114.167652919504604, 49.122686664853191 ], [ -114.21646045468421, 49.135702507082236 ], [ -114.23838954175973, 49.14301878996244 ], [ -114.273004620938849, 49.15454663590328 ], [ -114.322301166821788, 49.176476748868929 ], [ -114.364301713463618, 49.203408713041163 ], [ -114.413193458356389, 49.252683458127756 ], [ -114.466243636308732, 49.293924603336706 ], [ -114.482403016174061, 49.31661919201219 ], [ -114.502590186482749, 49.341021224541258 ], [ -114.52821107385428, 49.361080175399366 ], [ -114.54049397514018, 49.368998892897977 ], [ -114.558890320212399, 49.38225114505898 ], [ -114.569562932893263, 49.403926581134719 ], [ -114.576559737427004, 49.423164560547455 ], [ -114.578490439386073, 49.436184324308925 ], [ -114.584700450804604, 49.457009981966038 ], [ -114.583829845440903, 49.475251508811454 ], [ -114.57728507620179, 49.495253073520104 ], [ -114.557918357825201, 49.527862298890639 ], [ -114.568974164197044, 49.539359986136425 ], [ -114.61912535066719, 49.549578669535926 ], [ -114.666467482450898, 49.543810860414283 ], [ -114.702410462898598, 49.564550832663876 ], [ -114.719761880014985, 49.596489236204512 ], [ -114.697892979981745, 49.626930412582311 ], [ -114.678292279320218, 49.644108580453313 ], [ -114.656472482159757, 49.665346449606403 ], [ -114.632155225420178, 49.693061334606014 ], [ -114.616362336494149, 49.713020622753959 ], [ -114.613148729443779, 49.740956084208406 ], [ -114.615324066300573, 49.753850339098278 ], [ -114.621740186300059, 49.784986588750563 ], [ -114.620732924330014, 49.815306666977797 ], [ -114.619100833635642, 49.857319826813914 ], [ -114.674445658639854, 49.914655909674195 ], [ -114.668333825625012, 49.951746527481617 ], [ -114.665831630454093, 49.959376525333951 ], [ -114.653623979351579, 49.971111397471347 ], [ -114.645331431580431, 49.989800377151305 ], [ -114.644814162387107, 50.011028503770952 ], [ -114.650771492839709, 50.021732763749036 ], [ -114.709838873077743, 50.140476566015096 ], [ -114.749457953785253, 50.222168160894128 ], [ -114.739737372379466, 50.281127908494184 ], [ -114.735862439546608, 50.298065489688092 ], [ -114.737343895200738, 50.318260666772481 ], [ -114.750542258487187, 50.339630242757472 ], [ -114.759650573781883, 50.350269409837495 ], [ -114.800629441604443, 50.406326429468599 ], [ -114.818297805822851, 50.41414636425425 ], [ -114.881508255238685, 50.464733806080574 ], [ -115.025947243398633, 50.574309886619929 ], [ -115.045822171600435, 50.57861375628918 ], [ -115.066521428394211, 50.578739319468546 ], [ -115.090751029170676, 50.573837604581115 ], [ -115.110023909917444, 50.572063396110124 ], [ -115.141739379648044, 50.568046670194889 ], [ -115.159393529068538, 50.566608751990216 ], [ -115.181252292244125, 50.566653706280249 ], [ -115.214103466874562, 50.571986881891178 ], [ -115.239608413883701, 50.578964477289219 ], [ -115.262870441853991, 50.592796109881391 ], [ -115.265220821144112, 50.594841138885002 ], [ -115.279358327090421, 50.607113146448711 ], [ -115.290367205745198, 50.624114632139573 ], [ -115.27892231152866, 50.665138029806727 ], [ -115.29163334466709, 50.684745879837777 ], [ -115.327437673148381, 50.725665903768288 ], [ -115.361640614958844, 50.743190480862204 ], [ -115.391372454003601, 50.74792857503644 ], [ -115.426902883423978, 50.756191046553205 ], [ -115.457786204086318, 50.766487201668816 ], [ -115.487289369122536, 50.780318911363231 ], [ -115.509688836072996, 50.797763658028259 ], [ -115.51936343650614, 50.81364105361024 ], [ -115.529266224562846, 50.831089080458476 ], [ -115.538987486982137, 50.844764439434236 ], [ -115.552397976340288, 50.854591794780667 ], [ -115.563407174559558, 50.857391246935585 ], [ -115.580451294561996, 50.857364777864248 ], [ -115.631981554223941, 50.864734534686093 ], [ -115.62975273194624, 50.887855187507867 ], [ -115.573433130722506, 50.902041881707412 ], [ -115.561508277298714, 50.919875817388011 ], [ -115.586311942646319, 50.957935596913657 ], [ -115.632178729788947, 50.997036136581514 ], [ -115.655586477756344, 51.020210788473584 ], [ -115.67366701563121, 51.029525606563737 ], [ -115.691688269634056, 51.037032574997802 ], [ -115.712547010504579, 51.042778174764408 ], [ -115.733223139003897, 51.046173254435303 ], [ -115.751312131303834, 51.050693559488678 ], [ -115.772047832671859, 51.05923456941391 ], [ -115.788741844413991, 51.070938594348192 ], [ -115.814109297726901, 51.084312006642556 ], [ -115.83277051834996, 51.094829207318654 ], [ -115.841088114169395, 51.097526856761256 ], [ -115.866097631493915, 51.103217709065959 ], [ -115.930922675564361, 51.113196923084253 ], [ -115.986541868969212, 51.146221179708242 ], [ -116.002540546659844, 51.181636730752253 ], [ -115.999786566317837, 51.216255071862982 ], [ -116.010848138544461, 51.231579080943987 ], [ -116.027648855076933, 51.243453940188402 ], [ -116.056893120127199, 51.249355529082813 ], [ -116.08705868106253, 51.2549556986894 ], [ -116.124336598318365, 51.263977017053755 ], [ -116.159737200769726, 51.273978734803684 ], [ -116.197776970511768, 51.2886698203355 ], [ -116.234611523711877, 51.304965709703268 ], [ -116.260161247103014, 51.330070689016054 ], [ -116.280196601506375, 51.369353995421697 ], [ -116.277922642802139, 51.413166182471358 ], [ -116.311057114412918, 51.465248406184379 ], [ -116.318100398860906, 51.465717325275506 ], [ -116.328078684602943, 51.478511452012341 ], [ -116.346878087361304, 51.494079651410885 ], [ -116.366796956971001, 51.504783805969502 ], [ -116.387069405419879, 51.518009049014218 ], [ -116.434927652143401, 51.564571610843885 ], [ -116.450278494101852, 51.579074920768051 ], [ -116.493156216508879, 51.626941684981887 ], [ -116.596679902717781, 51.735286606159853 ], [ -116.604186547902103, 51.743114440093919 ], [ -116.616493078239301, 51.761001303250623 ], [ -116.625487529059669, 51.769603073200088 ], [ -116.641159488281218, 51.773064136274414 ], [ -116.663848015870656, 51.771980144247863 ], [ -116.691016501005521, 51.760639162595353 ], [ -116.713362033034841, 51.750080289186371 ], [ -116.734413542345237, 51.737869402230864 ], [ -116.775526962638878, 51.723579623010956 ], [ -116.811301817460375, 51.715095823884425 ], [ -116.821738799695268, 51.712466761548356 ], [ -116.863991178876958, 51.723144200913531 ], [ -116.907385880946137, 51.757571879306191 ], [ -116.940932571868487, 51.785923591929738 ], [ -116.9710758965888, 51.821414483341641 ], [ -116.98829633577752, 51.839061652362659 ], [ -117.00039648427007, 51.854587181154677 ], [ -117.007682489296982, 51.86723693302573 ], [ -117.018174326581573, 51.882934443062432 ], [ -117.029059878990225, 51.892936318881809 ], [ -117.043348785338722, 51.901016811329683 ], [ -117.056128935347544, 51.909435462049998 ], [ -117.068077825676326, 51.92171468316657 ], [ -117.081786698235447, 51.93301342609719 ], [ -117.107276971418386, 51.943295146712245 ], [ -117.134880265475942, 51.954738495141662 ], [ -117.157187945125983, 51.965156397591628 ], [ -117.21080026956416, 51.999415978397138 ], [ -117.265731505093939, 52.053306574845791 ], [ -117.299880479285491, 52.086963659108548 ], [ -117.316237902336994, 52.10086059821689 ], [ -117.328423090741936, 52.111446157242433 ], [ -117.344542905767824, 52.120460237836959 ], [ -117.357565712329645, 52.127464665335701 ], [ -117.374236289643505, 52.134220618327177 ], [ -117.396881460737092, 52.139903913019076 ], [ -117.418449703690271, 52.144569417922042 ], [ -117.441230734377967, 52.145755455267555 ], [ -117.467247150956325, 52.147067757270634 ], [ -117.484679723801165, 52.146175639815063 ], [ -117.506781432185463, 52.142848794948051 ], [ -117.530563002459004, 52.140976074056518 ], [ -117.558273096201432, 52.138580453558241 ], [ -117.582154324977253, 52.139194336513782 ], [ -117.620933515368037, 52.143055127212577 ], [ -117.65013058667877, 52.166579866327019 ], [ -117.681136029180564, 52.202304638452048 ], [ -117.728277576885205, 52.21935654353836 ], [ -117.740569727369135, 52.221847692945985 ], [ -117.752295836595948, 52.227287677656783 ], [ -117.765922193707496, 52.244033692686756 ], [ -117.771789316776704, 52.259475201848062 ], [ -117.771438405324361, 52.277427892655723 ], [ -117.763199383058023, 52.291572477033831 ], [ -117.751822750228428, 52.303722776194178 ], [ -117.739196481806033, 52.312854588578787 ], [ -117.720961890380167, 52.321342311563868 ], [ -117.704911138541519, 52.325920050954579 ], [ -117.684470438020398, 52.333446101390514 ], [ -117.671211217665899, 52.343105243198067 ], [ -117.668121436771258, 52.356148227495517 ], [ -117.67414948852246, 52.366992785065101 ], [ -117.697006047909355, 52.390757955432115 ], [ -117.747979071900232, 52.40358335620008 ], [ -117.821319812652661, 52.410339118158397 ], [ -117.900467386751089, 52.455276812787041 ], [ -117.906387656147501, 52.472965639234587 ], [ -117.920142891555784, 52.489414417245307 ], [ -117.957175707712082, 52.487422638726557 ], [ -117.981857037569711, 52.477688067341205 ], [ -118.01019349033038, 52.463303281058927 ], [ -118.045250186979061, 52.451317206618789 ], [ -118.06742748228325, 52.453136118425377 ], [ -118.09005060143987, 52.451828267244672 ], [ -118.112532956958717, 52.440136049914635 ], [ -118.131445611245965, 52.423327968219816 ], [ -118.136147279296225, 52.407230561097471 ], [ -118.148376071848318, 52.386147023758014 ], [ -118.17449827646287, 52.376781432939566 ], [ -118.206108540745873, 52.381698632694203 ], [ -118.228699166587774, 52.413971263454762 ], [ -118.206001333337596, 52.472515086458522 ], [ -118.221762971031893, 52.497451460020493 ], [ -118.240492690880728, 52.508755000039315 ], [ -118.245796035766247, 52.51195916359908 ], [ -118.246017853022835, 52.52214418857281 ], [ -118.246756560842698, 52.553840265806791 ], [ -118.261467464822132, 52.58537298497793 ], [ -118.303719146811744, 52.648265755673478 ], [ -118.326210684157715, 52.687060914293276 ], [ -118.334358352193789, 52.706608123173076 ], [ -118.344420602777078, 52.74248536624593 ], [ -118.367811630508314, 52.772212823791044 ], [ -118.403739171061829, 52.788047727847683 ], [ -118.412955106747162, 52.810672822881628 ], [ -118.381606747952674, 52.853794035095852 ], [ -118.381080173111954, 52.881358756655224 ], [ -118.405699076115823, 52.896270371647823 ], [ -118.43852081046316, 52.898796023535724 ], [ -118.478255820948618, 52.896747214255448 ], [ -118.529631430733303, 52.892910085045941 ], [ -118.567940435064486, 52.900844726035906 ], [ -118.590499022320074, 52.912406389606282 ], [ -118.606506800281295, 52.938534114179618 ], [ -118.618209706617392, 52.96323819978803 ], [ -118.639219698454042, 52.991997040734901 ], [ -118.640906777000424, 53.011260976782935 ], [ -118.666282056444118, 53.031952161513651 ], [ -118.718528835585957, 53.045471109829968 ], [ -118.758277851703738, 53.071353853365743 ], [ -118.775001424931332, 53.106445528311667 ], [ -118.79850753609719, 53.153744378878358 ], [ -118.839828414940683, 53.186912846872403 ], [ -118.892668139169984, 53.222042259894636 ], [ -118.940697207731475, 53.235267642877425 ], [ -118.98520520305145, 53.218818845392271 ], [ -118.976194599000934, 53.172619060259855 ], [ -118.987868055021991, 53.150882209641765 ], [ -119.02330679389074, 53.137160904475131 ], [ -119.079177108853514, 53.141353528067206 ], [ -119.144660688482361, 53.177169290211182 ], [ -119.216293572536472, 53.21728108803395 ], [ -119.274932785445301, 53.25415404928561 ], [ -119.306954141696792, 53.267311203699052 ], [ -119.354583765287728, 53.337546922420827 ], [ -119.382293974768274, 53.355793408187978 ], [ -119.424179550116023, 53.361233170480453 ], [ -119.494818865450242, 53.355686043758951 ], [ -119.558348729006951, 53.378318672601338 ], [ -119.576575600640865, 53.384799748652441 ], [ -119.587417788763773, 53.385204231832951 ], [ -119.619399906378021, 53.386398620319312 ], [ -119.69236048678242, 53.404606115581061 ], [ -119.764283054818861, 53.436656946434901 ], [ -119.828301015178909, 53.481407569812987 ], [ -119.850066473695634, 53.506221705682833 ], [ -119.862121286568396, 53.526832402483613 ], [ -119.858223073229397, 53.57302841103332 ], [ -119.892661746798851, 53.598769805100702 ], [ -119.868157121328323, 53.625278871368621 ], [ -119.827200644599912, 53.633517839874621 ], [ -119.790702289693655, 53.628597864020293 ], [ -119.752853003098238, 53.60909280783185 ], [ -119.709060101203505, 53.601997264404147 ], [ -119.687950170825786, 53.609844414638445 ], [ -119.688002417183739, 53.622360154498054 ], [ -119.715286382789159, 53.645855503524203 ], [ -119.781378805614452, 53.683410559782274 ], [ -119.831550241322191, 53.698021124402487 ], [ -119.871687713198881, 53.717261852148404 ], [ -119.882765569056204, 53.765118070800249 ], [ -119.918159987198877, 53.794536129442186 ], [ -119.999999259787003, 53.818779207716538 ], [ -120.000000331402802, 54.000000029077945 ], [ -119.999999841673258, 54.341063699151981 ], [ -120.000000129768168, 54.999999869230827 ], [ -119.999999917918274, 56.000000458182889 ], [ -119.999998766882271, 57.000000151221208 ], [ -119.999999659793687, 57.999999570626692 ], [ -119.99999878424947, 58.999999257651638 ], [ -119.9999995810511, 59.999999907077111 ], [ -121.000001166097206, 60.000000891324781 ], [ -121.999999960833421, 59.999999558354787 ], [ -122.999999785180819, 59.999999575133437 ], [ -123.775459167291771, 60.000686640107048 ], [ -123.999999888235251, 60.000000440526591 ], [ -124.999999619827321, 60.000000395606968 ], [ -126.0, 60.000000920239628 ], [ -127.000000380172679, 60.000000395606968 ], [ -128.0018115583145, 59.999875618279702 ], [ -129.001817177647325, 59.999843669637428 ], [ -130.001815780494098, 59.999812622411945 ], [ -131.001814009912238, 59.999784646726894 ], [ -132.001813176322656, 59.99976157784014 ], [ -133.001824311681133, 59.999739833182808 ], [ -134.001857959897279, 59.99972419751775 ], [ -135.001932610391407, 59.99972101001363 ], [ -135.401291467279947, 60.000633451361338 ], [ -136.001857830575602, 59.999685260428777 ], [ -137.001856418938075, 59.999643296382679 ], [ -138.001769016780145, 59.999684371603358 ], [ -138.975163630889739, 59.999789092774861 ], [ -139.014513907468995, 59.999736258644454 ], [ -139.009340298974593, 59.996008917516761 ], [ -138.891932574000435, 59.928902192934594 ], [ -138.725072971933514, 59.887979080447167 ], [ -138.645975709493257, 59.771428286727073 ], [ -137.912517538809084, 59.388979360830831 ], [ -137.682674073242168, 59.266339514382068 ], [ -137.49890970054156, 58.997500685346054 ], [ -137.494622592214284, 58.909452243919517 ], [ -137.476330305832477, 58.894229789598938 ], [ -137.457609664316692, 58.878645037529424 ], [ -137.353616509442588, 58.913024922797568 ], [ -137.333562243419209, 58.951521038996518 ], [ -137.162466128198133, 59.021094139821948 ], [ -137.044644669227182, 59.071045463497491 ], [ -136.943083957575936, 59.09330033777686 ], [ -136.873137187932372, 59.123681428538347 ], [ -136.681799455750024, 59.138736812377815 ], [ -136.615011017718928, 59.157102804740255 ], [ -136.548069891154626, 59.188843491620119 ], [ -136.487855776177753, 59.252974775023894 ], [ -136.451320223465103, 59.323162449498199 ], [ -136.457022650101806, 59.393019525572768 ], [ -136.432482058842396, 59.442964492103187 ], [ -136.274559730131983, 59.456670418142565 ], [ -136.232748236831554, 59.488446398554636 ], [ -136.241993951121742, 59.53311491752855 ], [ -136.301810374159629, 59.579566319321415 ], [ -136.265737603604123, 59.601544085449554 ], [ -136.00985214122332, 59.630675323577549 ], [ -135.836490756993072, 59.669962377192796 ], [ -135.7680074557029, 59.7016421290203 ], [ -135.492542973309128, 59.770804829582012 ], [ -135.411319796928808, 59.740906868961069 ], [ -135.296225339441548, 59.694072946605218 ], [ -135.033702935943069, 59.538832153712377 ], [ -135.009436701530774, 59.500301638163634 ], [ -135.093987488585555, 59.447700643813612 ], [ -135.024218948998765, 59.392226738249136 ], [ -135.003190811009773, 59.345104126665312 ], [ -134.900036397202371, 59.278456772547514 ], [ -134.799448780040251, 59.258249228231385 ], [ -134.742361830612793, 59.221938966092274 ], [ -134.678057086327073, 59.161698490969933 ], [ -134.628539936346982, 59.151427046372532 ], [ -134.601837027771381, 59.143325590157353 ], [ -134.504068958844073, 59.113576974221573 ], [ -134.41547156042185, 59.050197428355901 ], [ -134.462786288285855, 58.993268817467147 ], [ -134.149309689548517, 58.796568264010148 ], [ -134.126924870586947, 58.788070023534928 ], [ -133.888934496211846, 58.697204521317737 ], [ -133.625992669757181, 58.534725808174827 ], [ -133.505550336764856, 58.477958006420806 ], [ -133.421395624311174, 58.444121347422367 ], [ -133.397483985596807, 58.418959684562473 ], [ -133.426612643024924, 58.384908208890955 ], [ -133.43291426822492, 58.341556627028474 ], [ -133.327870327853958, 58.285987017439574 ], [ -133.093983963678681, 58.005549665729689 ], [ -132.78742922507891, 57.755331055002245 ], [ -132.531598516291865, 57.47779822814875 ], [ -132.259263281431487, 57.243039569100205 ], [ -132.358127299821319, 57.094742273978916 ], [ -132.303270000188661, 57.06154761684558 ], [ -132.106978901326158, 57.023436536265955 ], [ -132.060255788767535, 57.006499900136099 ], [ -132.114164120638037, 56.867258147068142 ], [ -132.054573782302555, 56.810770143594191 ], [ -131.892186761526432, 56.775885736805208 ], [ -131.886979155231018, 56.736836422530764 ], [ -131.8695664520435, 56.687599020395005 ], [ -131.879420970863976, 56.65595772327525 ], [ -131.851896286677515, 56.613275279761368 ], [ -131.821094201207131, 56.589086939010677 ], [ -131.65381501033508, 56.576200042449429 ], [ -131.539333510215641, 56.571850342891551 ], [ -131.221325924869802, 56.437042536492783 ], [ -130.980085218296978, 56.37696968012029 ], [ -130.856123222512963, 56.3555466087317 ], [ -130.760818210286459, 56.3536201113495 ], [ -130.618925191301173, 56.248579619616649 ], [ -130.490752488200314, 56.246257988901164 ], [ -130.434643796915196, 56.228281808821443 ], [ -130.465542759814866, 56.188010961271011 ], [ -130.4348427401533, 56.148829086171368 ], [ -130.335492403447915, 56.115933484605527 ], [ -130.269467975729384, 56.117014139407736 ], [ -130.117977824972428, 56.124719864134342 ], [ -130.04638241486191, 56.080023699442634 ], [ -130.01217083423191, 56.025004016852712 ], [ -129.992654457578794, 55.959647124723823 ], [ -129.983636439840666, 55.93689728616706 ], [ -129.983651930257309, 55.933052319855946 ], [ -129.991052798494536, 55.928538561538168 ], [ -129.983666955688705, 55.928039852225147 ], [ -129.981119973730529, 55.927868717784072 ], [ -129.973534986784074, 55.914334775121979 ], [ -129.977242444677159, 55.89483733201201 ], [ -129.994637946745513, 55.874683594766964 ], [ -130.085625047650154, 55.800526499512124 ], [ -130.114739127808292, 55.768137741392863 ], [ -130.122611876291984, 55.749200758421644 ], [ -130.121435971159173, 55.725344472986571 ], [ -130.117942945544115, 55.712435866535124 ], [ -130.089957289792181, 55.657541156485522 ], [ -130.089803126720341, 55.631293234511993 ], [ -130.100819959335553, 55.615243651887589 ], [ -130.105062802163303, 55.599633541559776 ], [ -130.088963706919913, 55.558825558767403 ], [ -130.079121203529837, 55.49761682221191 ], [ -130.057849433761874, 55.474818569786088 ], [ -130.029971978116549, 55.436156558278626 ], [ -130.020785691374698, 55.378754167723571 ], [ -130.012026100495746, 55.35761970564851 ], [ -129.993822336212617, 55.327752845052842 ], [ -129.963656493571847, 55.289953026193977 ], [ -129.9549429558746, 55.268813072306187 ], [ -129.962801774680628, 55.249910716426733 ], [ -129.995347691790442, 55.234336665122001 ], [ -130.054261401480375, 55.197359155363579 ], [ -130.0869596170931, 55.165629123987706 ], [ -130.114088450831161, 55.099448461850628 ], [ -130.140882354734146, 55.081829044817844 ], [ -130.151394336452825, 55.055780293768393 ], [ -130.138685373861108, 55.017986699162911 ], [ -130.13689956832846, 55.00644767010413 ], [ -130.101272933285316, 54.976736930033823 ], [ -130.082259563720925, 54.975442406957086 ], [ -130.055968985559133, 54.986855997735589 ], [ -130.045121686740401, 55.002875002396273 ], [ -130.014939910998834, 55.049863807501836 ], [ -129.993211257319444, 55.091889016959264 ], [ -129.938754080586648, 55.139332454603689 ], [ -129.919710938863147, 55.164227951819534 ], [ -129.887102946328213, 55.205919917990727 ], [ -129.822467829829691, 55.313297008513686 ], [ -129.827381730482699, 55.353918739155219 ], [ -129.825153463815099, 55.374792785616378 ], [ -129.793582337519069, 55.434176047628291 ], [ -129.795125327305811, 55.471891317865825 ], [ -129.811680373044169, 55.52663283613191 ], [ -129.830572202376572, 55.560372481774472 ], [ -129.826315977714103, 55.586046081563659 ], [ -129.811955779224064, 55.599095999609332 ], [ -129.789143815646355, 55.60100942057791 ], [ -129.763769367537662, 55.577573138041714 ], [ -129.747853101191566, 55.52669891572441 ], [ -129.736012274207155, 55.502561325387546 ], [ -129.722446559520478, 55.430809228976088 ], [ -129.707371972202225, 55.419953507244138 ], [ -129.682347120374743, 55.416525317654802 ], [ -129.662723632825333, 55.421299358954286 ], [ -129.649494714584819, 55.432011602870134 ], [ -129.615910113304835, 55.44365507824407 ], [ -129.543262581439905, 55.448636829836524 ], [ -129.502308044592752, 55.446698210830277 ], [ -129.484667703860168, 55.436711540208165 ], [ -129.487155279579952, 55.425787056559166 ], [ -129.512439320440876, 55.413094667975109 ], [ -129.55070940428314, 55.405859824720231 ], [ -129.632343402933657, 55.399660607779964 ], [ -129.652972763944575, 55.39249884263554 ], [ -129.667286063218825, 55.379475452124176 ], [ -129.713322319081982, 55.297115154744773 ], [ -129.727878571178763, 55.277866318090652 ], [ -129.861559770358099, 55.162577453544763 ], [ -129.889865090054769, 55.136483283303939 ], [ -129.915423277499428, 55.101234003628676 ], [ -129.991915236473147, 55.031789423377539 ], [ -129.9920985681606, 55.015588444223155 ], [ -129.99533300207429, 55.002393547094535 ], [ -129.982454678159314, 54.996855421484739 ], [ -129.954471074378262, 54.98055561337712 ], [ -129.926640225665437, 54.974301575017179 ], [ -129.877614778673745, 54.97759062115226 ], [ -129.830937669381001, 54.969934183553619 ], [ -129.754109678711501, 54.966880854717111 ], [ -129.713169622646205, 54.971212488102708 ], [ -129.681034245849361, 54.980471473054983 ], [ -129.641179859003984, 54.982460656459963 ], [ -129.625767260998913, 54.977791479817931 ], [ -129.636310426990946, 54.958016074878316 ], [ -129.660130617912955, 54.947613892617085 ], [ -129.683643936461493, 54.943423646239616 ], [ -129.739371307902331, 54.939889558708401 ], [ -129.788580606650214, 54.946675953522409 ], [ -129.820164906683004, 54.943568918952593 ], [ -129.849066757302239, 54.931307066253737 ], [ -129.871451094888158, 54.919407562617224 ], [ -129.898261339986504, 54.911837391424378 ], [ -129.934696792042331, 54.913088486995449 ], [ -129.955296343127912, 54.925869186011262 ], [ -129.970981190217401, 54.940504414948023 ], [ -129.997211652457452, 54.945261803053555 ], [ -130.035753893864609, 54.935526154696355 ], [ -130.141159739726646, 54.857503910095133 ], [ -130.157957941429601, 54.837375707989345 ], [ -130.140443471642072, 54.827511904519014 ], [ -130.094576305050737, 54.849966505686837 ], [ -130.073077867240301, 54.849584240542143 ], [ -130.054295700086641, 54.832090102895904 ], [ -130.064199201656095, 54.818543206965231 ], [ -130.122395085765731, 54.797709551726378 ], [ -130.139408723723562, 54.787515643182942 ], [ -130.139393059382769, 54.771372881660838 ], [ -130.145238466488109, 54.757216884952285 ], [ -130.169437556602276, 54.734312066219587 ], [ -130.1743077001058, 54.722548348989854 ], [ -130.153969980867572, 54.70360331599062 ], [ -130.091259640265349, 54.693858331378273 ], [ -130.064588722269491, 54.685255797413795 ], [ -130.051162149922192, 54.675991414876229 ], [ -130.040650727739802, 54.659546209006407 ], [ -129.995638381361005, 54.617327487015906 ], [ -129.925859429149995, 54.603968102817163 ], [ -129.905793191522264, 54.585056811759699 ], [ -129.91220373242183, 54.574707804010679 ], [ -129.928195157465126, 54.5669439408831 ], [ -129.970737863788941, 54.567808770719942 ], [ -130.012500965017779, 54.580975094501817 ], [ -130.048968508161238, 54.60216223149348 ], [ -130.081971454586437, 54.626644425880912 ], [ -130.111541365587101, 54.654303215999313 ], [ -130.156613590835718, 54.670362336174918 ], [ -130.224386848448773, 54.678228892097756 ], [ -130.269594340270459, 54.678051524156906 ], [ -130.295332323402675, 54.67272832561131 ], [ -130.33733640350647, 54.653519058949549 ], [ -130.342327750529506, 54.63554011798481 ], [ -130.339002735240058, 54.622623484913099 ], [ -130.317328347090609, 54.596110008423061 ], [ -130.287381280211093, 54.574652317155305 ], [ -130.207895175813178, 54.500515672926383 ], [ -130.179834724946886, 54.458161329719388 ], [ -130.154460552610487, 54.431086704500778 ], [ -130.13712577971225, 54.421230732691505 ], [ -130.118631177739275, 54.429860085087931 ], [ -130.097970968608735, 54.449482337639957 ], [ -130.044944466920896, 54.474633401082357 ], [ -130.029456765026907, 54.47623221747957 ], [ -130.003927508315201, 54.465227271143611 ], [ -130.004951244198111, 54.446704103616426 ], [ -130.066994669354358, 54.420350548864135 ], [ -130.069558641182482, 54.403307943648706 ], [ -130.058312005251764, 54.373089329554681 ], [ -130.039131485547045, 54.351871398765567 ], [ -129.999272716036813, 54.323943691929976 ], [ -129.974642828788888, 54.300628700861573 ], [ -129.978457564966988, 54.291198470913365 ], [ -129.991917103733925, 54.284293520104704 ], [ -130.028127815250031, 54.289351595462961 ], [ -130.059637042551515, 54.306097775966315 ], [ -130.074271973099229, 54.323038631862516 ], [ -130.089090013340382, 54.359916039175737 ], [ -130.184780055072423, 54.413970045630535 ], [ -130.228892825565026, 54.458562265954647 ], [ -130.259667668211335, 54.477644836348418 ], [ -130.276725164048685, 54.509796703430169 ], [ -130.389312584390694, 54.58202788204747 ], [ -130.407556237771075, 54.595661458831309 ], [ -130.429324965428577, 54.599810133660057 ], [ -130.443073671844274, 54.586711708035253 ], [ -130.446814061250251, 54.577260937137282 ], [ -130.424653101725056, 54.546938643769501 ], [ -130.411446092785354, 54.515409886101196 ], [ -130.426356362452168, 54.493790333006629 ], [ -130.420670005325206, 54.443237960498735 ], [ -130.4396516153829, 54.422166075339611 ], [ -130.465804400358337, 54.404499384651345 ], [ -130.471252716239519, 54.390309850225592 ], [ -130.466174100028496, 54.359807447346824 ], [ -130.432866965911529, 54.325537994171256 ], [ -130.409919276307562, 54.31378698506829 ], [ -130.389672540004028, 54.311077153597807 ], [ -130.360787862873707, 54.319597408601652 ], [ -130.32532845345375, 54.344734414562531 ], [ -130.313487690655194, 54.369201823380422 ], [ -130.292613882987808, 54.378862179747664 ], [ -130.264340191960883, 54.375050896176958 ], [ -130.24625889685214, 54.36139495636845 ], [ -130.242855750468067, 54.348528181451762 ], [ -130.249812951656082, 54.309606046997118 ], [ -130.192009078137488, 54.252006800521492 ], [ -130.188925626307253, 54.233012435985927 ], [ -130.240821995941161, 54.220109084855771 ], [ -130.25752999321179, 54.209915430680454 ], [ -130.256659844975644, 54.196136877568556 ], [ -130.23309889428856, 54.180530218009345 ], [ -130.181783371840339, 54.171086276913861 ], [ -130.163822232695878, 54.157422734249401 ], [ -130.137941771421367, 54.142667151609395 ], [ -130.113955025592816, 54.139375761521613 ], [ -130.055388930728384, 54.142523342730875 ], [ -130.01997376980799, 54.151305131358804 ], [ -129.934079458359378, 54.180485381277386 ], [ -129.897044434179037, 54.187749225093 ], [ -129.843272241857306, 54.205209968113131 ], [ -129.813775194070189, 54.209719165814477 ], [ -129.664095574213832, 54.181200111516148 ], [ -129.621475989935817, 54.186388499830905 ], [ -129.589370223075264, 54.181825908573074 ], [ -129.583128840814538, 54.165982891264996 ], [ -129.585493377303663, 54.155084885679628 ], [ -129.611571829169037, 54.143841808486826 ], [ -129.649552121786371, 54.144253724060256 ], [ -129.723407629570033, 54.165928829605107 ], [ -129.77353522102058, 54.167939430069495 ], [ -129.819068938829957, 54.165695683442088 ], [ -129.843529532614468, 54.162881035704338 ], [ -129.896876134630133, 54.151672768512967 ], [ -129.923594171054646, 54.137935315997687 ], [ -130.028761507231621, 54.113969640017309 ], [ -130.055418923385162, 54.100201863561864 ], [ -130.063274209723431, 54.075217965472021 ], [ -130.054956942838032, 54.03797645682404 ], [ -130.081030877263373, 53.961995620320167 ], [ -130.073962880528313, 53.916259310116622 ], [ -130.054704614612007, 53.87499691621197 ], [ -130.022705498307857, 53.844425662647765 ], [ -129.990888603987514, 53.823875782848141 ], [ -129.9147750742965, 53.783375522527173 ], [ -129.841118252245337, 53.741886628442373 ], [ -129.779180795026093, 53.708234329299913 ], [ -129.715564224085909, 53.679266522467557 ], [ -129.706865678035115, 53.664357708204825 ], [ -129.709062390821032, 53.643571890926836 ], [ -129.68002476935709, 53.612009314442837 ], [ -129.544917189919715, 53.522850738146452 ], [ -129.476235260255322, 53.471777550215506 ], [ -129.377584232605244, 53.417495907488217 ], [ -129.311602188277192, 53.365404359450615 ], [ -129.299837226515791, 53.373689662344951 ], [ -129.28763005920419, 53.388091199411562 ], [ -129.26553557047734, 53.405937081378397 ], [ -129.234728802842739, 53.464875798861421 ], [ -129.222566950557564, 53.529119079008126 ], [ -129.230533240279641, 53.560205669317064 ], [ -129.273443737730162, 53.602628076569204 ], [ -129.266530446255416, 53.619149373808852 ], [ -129.24680196272493, 53.626210854864013 ], [ -129.217687239390358, 53.630549756040388 ], [ -129.19844527676841, 53.641464053613781 ], [ -129.179737130592656, 53.65611296983063 ], [ -129.141116129598771, 53.67784296810995 ], [ -129.087695913100958, 53.714793915733686 ], [ -129.077624260439791, 53.738243879267728 ], [ -129.096439380109331, 53.763462207010726 ], [ -129.091449427925937, 53.775227495168359 ], [ -129.071110080286928, 53.778389920547177 ], [ -129.047304365176302, 53.774911902129432 ], [ -129.0162059163641, 53.754034655115873 ], [ -128.985962621552972, 53.760687805249596 ], [ -128.982422819378172, 53.773937288815802 ], [ -128.99418786488647, 53.805579998395899 ], [ -128.996568751112164, 53.83469442883495 ], [ -128.990434121819106, 53.848755397299691 ], [ -128.970537658132315, 53.855766514188375 ], [ -128.950638734332585, 53.852791739931796 ], [ -128.94091858023765, 53.836355218889466 ], [ -128.939528965355549, 53.814973076429233 ], [ -128.929123049032938, 53.80462398022857 ], [ -128.907362671766435, 53.79635825784181 ], [ -128.805904980309009, 53.83600374586868 ], [ -128.795299701581968, 53.84565933587146 ], [ -128.781582527717489, 53.872298137520851 ], [ -128.759043762680221, 53.890144019863627 ], [ -128.726039376668382, 53.907596496974399 ], [ -128.703897021499699, 53.929295531451416 ], [ -128.681421114913206, 53.970815926363436 ], [ -128.66825351065981, 53.991282190403787 ], [ -128.640130651118085, 54.007076655595554 ], [ -128.615226661773846, 54.005749044920606 ], [ -128.60047228660568, 53.990959879269184 ], [ -128.616218577205473, 53.969620068209494 ], [ -128.626762398596696, 53.960025764482722 ], [ -128.641670868476439, 53.931024886328466 ], [ -128.661475809313259, 53.900308334915678 ], [ -128.673422977057385, 53.868398497421971 ], [ -128.651312401277295, 53.846226955348548 ], [ -128.611210458351422, 53.83636391932329 ], [ -128.534531494783209, 53.823319246685855 ], [ -128.494490999524572, 53.813408925029279 ], [ -128.477521917263772, 53.79951638159104 ], [ -128.496016317872773, 53.791100886273355 ], [ -128.540023751440145, 53.791691210589832 ], [ -128.597384795452513, 53.805506338155517 ], [ -128.633869649377147, 53.818632277626556 ], [ -128.649724926641341, 53.821053713386775 ], [ -128.676565278433742, 53.817623841166331 ], [ -128.691366132109209, 53.78862754795054 ], [ -128.70979995203075, 53.780174062761475 ], [ -128.760399345883258, 53.770417492309271 ], [ -128.784951828944941, 53.757894002444147 ], [ -128.784675624602329, 53.734138710534836 ], [ -128.76665427215309, 53.7026261591948 ], [ -128.801412397667008, 53.636789816151932 ], [ -128.799780731878485, 53.611506264165776 ], [ -128.786382338647968, 53.574580235518312 ], [ -128.764376134296128, 53.552450923138387 ], [ -128.682418213103347, 53.490021510002933 ], [ -128.653608410782397, 53.474331584832832 ], [ -128.569574107583719, 53.446295391950656 ], [ -128.533882018588713, 53.437026788758267 ], [ -128.500036304639792, 53.433025909918314 ], [ -128.47740604524256, 53.437028341604503 ], [ -128.426273343272555, 53.439035786193152 ], [ -128.368684281359862, 53.465007939264432 ], [ -128.338211757492502, 53.467687131733953 ], [ -128.216227992604871, 53.468437305251349 ], [ -128.183830417039871, 53.465836944339848 ], [ -128.127234342267428, 53.46557095488312 ], [ -128.095600677926114, 53.456790676787399 ], [ -128.078433707151135, 53.439025266022462 ], [ -128.077228307086017, 53.427551217689931 ], [ -128.062578637705968, 53.408919297801511 ], [ -127.969886148331824, 53.341957234568135 ], [ -127.901458573271753, 53.308315264318921 ], [ -127.88730703478015, 53.293529672324077 ], [ -127.885094366926623, 53.270667958637659 ], [ -127.844031536496118, 53.227656824701455 ], [ -127.861427851470395, 53.221679863087921 ], [ -127.90901206557723, 53.22695540066097 ], [ -127.937766424995104, 53.246574890618689 ], [ -128.018521429011997, 53.325553804629223 ], [ -128.052214090131713, 53.32970628662784 ], [ -128.077103395298877, 53.334901937632353 ], [ -128.094223886792093, 53.352658634936354 ], [ -128.09895538094861, 53.374703770397154 ], [ -128.107881666243003, 53.387406981454276 ], [ -128.150380841484093, 53.414208715430824 ], [ -128.191367155800776, 53.425731815082933 ], [ -128.252512440584582, 53.434165478652695 ], [ -128.310865863692385, 53.439640951721785 ], [ -128.357605313102624, 53.433200635077995 ], [ -128.388290819699137, 53.420619156784753 ], [ -128.406191256674106, 53.408361978284226 ], [ -128.495105694457521, 53.377288673294316 ], [ -128.535238836152161, 53.381079146421882 ], [ -128.552360657594534, 53.385008677388335 ], [ -128.575264029735791, 53.394826583804495 ], [ -128.614619068250335, 53.424565958283942 ], [ -128.659070352229605, 53.442680474035768 ], [ -128.696058818853857, 53.463420738036994 ], [ -128.722137193929257, 53.4660942875404 ], [ -128.758348160066731, 53.479163121386598 ], [ -128.789019464953782, 53.510076684240147 ], [ -128.812000120669779, 53.519768787728786 ], [ -128.850454220747537, 53.518165922713621 ], [ -128.909645839002906, 53.507181599549476 ], [ -128.937127186526652, 53.511335509644788 ], [ -128.957237723421485, 53.508122804529542 ], [ -128.961237422041478, 53.498745533997621 ], [ -128.955452780305905, 53.482976160449333 ], [ -128.925298954205203, 53.445954671835075 ], [ -128.870884756871135, 53.421465594070185 ], [ -128.861728186945527, 53.398851785826217 ], [ -128.861056866980732, 53.361364621691102 ], [ -128.867570519537878, 53.287529837001742 ], [ -128.831189840297213, 53.250783765730993 ], [ -128.792355834183354, 53.224875081259825 ], [ -128.754160275308664, 53.202768800878331 ], [ -128.663732538507475, 53.171360500165271 ], [ -128.591233811215233, 53.12767971750354 ], [ -128.53515333095811, 53.070196211911693 ], [ -128.514126604179808, 53.028231231825607 ], [ -128.492288088151554, 52.968629846148517 ], [ -128.482017163613705, 52.920892207056227 ], [ -128.453281947465484, 52.85387172188603 ], [ -128.425584619044969, 52.832051183025676 ], [ -128.396348596268325, 52.818685119092336 ], [ -128.264230687778394, 52.786323836686122 ], [ -128.238059832984078, 52.789643592073887 ], [ -128.206870390228659, 52.804601987874143 ], [ -128.186042694007938, 52.823691168662798 ], [ -128.157354903043768, 52.865292090940144 ], [ -128.134069073917118, 52.885315910413041 ], [ -128.112157342541877, 52.892972642728161 ], [ -128.049089189752635, 52.895217777240482 ], [ -128.035722146548579, 52.888114764011391 ], [ -128.080340261214644, 52.866564279346697 ], [ -128.097110438210251, 52.856820316485788 ], [ -128.113101896053479, 52.83935301031773 ], [ -128.115878065744511, 52.791099722124144 ], [ -128.104615340685001, 52.779281853580123 ], [ -128.088410057982145, 52.769192451643953 ], [ -127.848831144563206, 52.730460865318989 ], [ -127.83908032151605, 52.720115725966437 ], [ -127.876982896472072, 52.708831567196235 ], [ -128.081969182169587, 52.728176415206775 ], [ -128.12054538722461, 52.71066170309733 ], [ -128.141343254892234, 52.691590877991473 ], [ -128.147689671849037, 52.667718456345241 ], [ -128.15899732834751, 52.64198738402618 ], [ -128.182998799544379, 52.606002327115164 ], [ -128.213333527755765, 52.583425961932519 ], [ -128.226395151694305, 52.563046681905249 ], [ -128.221327572209645, 52.513653903141233 ], [ -128.205930578076135, 52.497452694118131 ], [ -128.201565869942783, 52.479245281806897 ], [ -128.205120680707154, 52.452347626373708 ], [ -128.220226273230224, 52.403709059814553 ], [ -128.22672583000201, 52.393526961688401 ], [ -128.27076443677413, 52.372002990267347 ], [ -128.330456668523425, 52.2856735166215 ], [ -128.336500105177066, 52.271631396620016 ], [ -128.330457774962809, 52.262015145811908 ], [ -128.313136669930856, 52.250437615309757 ], [ -128.279306458180912, 52.248740532508904 ], [ -128.256768411389885, 52.25876997494408 ], [ -128.236260569857365, 52.277839844972966 ], [ -128.188346709478367, 52.346110813687638 ], [ -128.145653282552104, 52.420243406110387 ], [ -128.106391520064989, 52.43998982683938 ], [ -128.09181882221506, 52.482597617109008 ], [ -128.076010779908302, 52.499920802671788 ], [ -128.034795661111218, 52.514413576747614 ], [ -128.004917247319781, 52.517035112009083 ], [ -127.976661827832686, 52.512881953845238 ], [ -127.959961859984986, 52.495147920638566 ], [ -127.97132099263797, 52.483298985833805 ], [ -128.002398541495495, 52.476598588849434 ], [ -128.026538755763141, 52.468114252347789 ], [ -128.041065567014471, 52.44926084092441 ], [ -128.039553003125519, 52.420318643865023 ], [ -128.028198976296721, 52.367263174416514 ], [ -128.014219993096702, 52.338740859210873 ], [ -127.99417046791838, 52.316024500381566 ], [ -127.96427952979036, 52.314815687892221 ], [ -127.94283345673837, 52.326244320948838 ], [ -127.919120834509087, 52.352280134967053 ], [ -127.910873084863326, 52.370887888050163 ], [ -127.92476647329984, 52.39942955410087 ], [ -127.923765969903499, 52.442951039906781 ], [ -127.910317252182026, 52.473232043478617 ], [ -127.865966812448988, 52.494606233266907 ], [ -127.833779409320613, 52.497994166387784 ], [ -127.803283163398675, 52.49292329869499 ], [ -127.749649135682517, 52.452789295347969 ], [ -127.744568878605222, 52.436878208477168 ], [ -127.75763592576817, 52.430332367070868 ], [ -127.773216695939794, 52.436729323198527 ], [ -127.815490845288892, 52.461235157745307 ], [ -127.84316177647392, 52.463302887618688 ], [ -127.862548028488334, 52.456527503167521 ], [ -127.87364897985114, 52.440913789194127 ], [ -127.871116465997801, 52.414249068899863 ], [ -127.830992829772896, 52.371337929603179 ], [ -127.815826740493961, 52.341365655592973 ], [ -127.816910730594458, 52.325290475610394 ], [ -127.828537935418737, 52.317241826271662 ], [ -127.860030585099594, 52.3200227042053 ], [ -127.880044048624526, 52.307037748539443 ], [ -127.885840783374761, 52.261859326365844 ], [ -127.870979589224277, 52.22196640108799 ], [ -127.851646571780023, 52.201233472520215 ], [ -127.823799990596271, 52.209030308619198 ], [ -127.764778445107666, 52.300319741173048 ], [ -127.731299807420058, 52.329689394328476 ], [ -127.690139858185319, 52.344036684955334 ], [ -127.672507870525507, 52.342338349585859 ], [ -127.670258210572314, 52.32942977418525 ], [ -127.700737411530611, 52.293304459892873 ], [ -127.707283171730992, 52.269485985524923 ], [ -127.69490797103488, 52.256141862444927 ], [ -127.660896582768132, 52.264133583487926 ], [ -127.647987099398335, 52.274486595142406 ], [ -127.615273360419877, 52.28388941839399 ], [ -127.532943407890585, 52.312473461010427 ], [ -127.471649273614403, 52.339531045944696 ], [ -127.44068118642852, 52.371814516801003 ], [ -127.411788458996568, 52.385635383061093 ], [ -127.408919854801965, 52.396422837574157 ], [ -127.42093589172562, 52.405952773708343 ], [ -127.46227216069876, 52.423004090754631 ], [ -127.566093254161132, 52.514461986877755 ], [ -127.597762446847, 52.548557602491798 ], [ -127.592467884886076, 52.560207982671947 ], [ -127.576523252687437, 52.563727767682224 ], [ -127.559867077686278, 52.55965471906952 ], [ -127.486489054338094, 52.504733873839406 ], [ -127.425987295747888, 52.45313299014164 ], [ -127.402183426386728, 52.437859071384146 ], [ -127.363005987234317, 52.416073215626753 ], [ -127.34020152985039, 52.412231355066723 ], [ -127.30512936823601, 52.426242729328159 ], [ -127.270477024008969, 52.447803726992746 ], [ -127.253012452662318, 52.463569040960046 ], [ -127.249007818298438, 52.476708008414576 ], [ -127.231056230028713, 52.519916825356908 ], [ -127.2002020325438, 52.559707790572425 ], [ -127.16929589991895, 52.581985480778783 ], [ -127.112358101921302, 52.610992179898595 ], [ -127.034332257545131, 52.641342859080879 ], [ -126.998031459747622, 52.661388339553035 ], [ -126.972778040497445, 52.732288392259242 ], [ -126.970832889437233, 52.758319359760293 ], [ -126.980026971419178, 52.782482001578536 ], [ -127.016669730150653, 52.818962336161334 ], [ -127.050003308974823, 52.844810022716416 ], [ -127.058737651696163, 52.861443046027681 ], [ -127.054336730648174, 52.870727202502309 ], [ -127.013313187953202, 52.86109129116646 ], [ -126.965651857478534, 52.830265040425246 ], [ -126.949866588200891, 52.819954010323329 ], [ -126.92391979816864, 52.791531266717321 ], [ -126.919349657895125, 52.761875262283077 ], [ -126.918212428863654, 52.725249974353758 ], [ -126.908706257034183, 52.714820927150882 ], [ -126.900291371047274, 52.684494111616537 ], [ -126.925918615211984, 52.673911681061853 ], [ -126.969275983080777, 52.626266474541573 ], [ -127.0258328006407, 52.611030855399683 ], [ -127.047721508360809, 52.599784379320731 ], [ -127.073752361929166, 52.579220517951008 ], [ -127.118133851932569, 52.550541213050352 ], [ -127.151786300366894, 52.531299525268871 ], [ -127.183693348840393, 52.506801875746469 ], [ -127.197723818098794, 52.476616382604334 ], [ -127.198143444073821, 52.449088574010155 ], [ -127.188629405520388, 52.438693760558351 ], [ -127.168007443640164, 52.430114276615548 ], [ -127.157417384029372, 52.422065827131277 ], [ -127.15664626017174, 52.410571983641198 ], [ -127.170067055498734, 52.390381465484865 ], [ -127.170531840543035, 52.380440049141171 ], [ -127.15107622501715, 52.35201326188929 ], [ -127.136200279146976, 52.335662775280063 ], [ -127.111809048711677, 52.326408691569689 ], [ -127.078323876256221, 52.328052201618839 ], [ -127.045386883771371, 52.319823987322785 ], [ -126.996773215497996, 52.318794436667289 ], [ -126.935608227652068, 52.335597783689281 ], [ -126.88732097076263, 52.359726223914471 ], [ -126.838363345043049, 52.372417263941067 ], [ -126.795303337482096, 52.381122571698945 ], [ -126.759261637100934, 52.383495484906724 ], [ -126.737663151571681, 52.377178368726334 ], [ -126.730659872259778, 52.36676377070166 ], [ -126.746223660682631, 52.354804962809773 ], [ -126.844581371583416, 52.333378461503564 ], [ -126.893310444201688, 52.316906327350701 ], [ -126.923050603206235, 52.29707337953586 ], [ -126.927146661827209, 52.283954658615222 ], [ -126.918877254988843, 52.25374636640769 ], [ -126.901978165646909, 52.241936397817483 ], [ -126.892037355047819, 52.223930833020852 ], [ -126.855627961329205, 52.179836220745585 ], [ -126.809645689370612, 52.160366412756865 ], [ -126.76817307503066, 52.131698928692693 ], [ -126.734847819712314, 52.094375591794325 ], [ -126.68531756439036, 52.052913280134604 ], [ -126.64779634434916, 52.003482739955601 ], [ -126.632507289132676, 51.975639252693028 ], [ -126.63912224702905, 51.961716231081446 ], [ -126.668761509099426, 51.963386814614374 ], [ -126.691298637995828, 51.988777440304752 ], [ -126.731033213123951, 52.051022174544649 ], [ -126.783729854581821, 52.103114857859282 ], [ -126.841423006141625, 52.132179638941921 ], [ -126.919143647020377, 52.183597761415484 ], [ -126.943519003290106, 52.214237119452882 ], [ -126.957763788505815, 52.240542975051788 ], [ -126.98303264300192, 52.264980390128585 ], [ -127.031882359976166, 52.287319174614105 ], [ -127.08339727828114, 52.295127910291065 ], [ -127.120696015219806, 52.294147260331826 ], [ -127.242088194484239, 52.252586735731285 ], [ -127.29958321255782, 52.225009924818629 ], [ -127.359801331296538, 52.200291104663833 ], [ -127.407477983435783, 52.175998935270911 ], [ -127.419981902164835, 52.161869047327677 ], [ -127.425040876174336, 52.146465099310895 ], [ -127.42167601311111, 52.135951830209116 ], [ -127.394538948949275, 52.106281538466334 ], [ -127.359206674160177, 52.098926663462173 ], [ -127.34571070087118, 52.084122226276605 ], [ -127.361313206006713, 52.076743904824092 ], [ -127.399337274906344, 52.073360390870818 ], [ -127.419357578423075, 52.060474358816514 ], [ -127.43894204104366, 52.057635962326898 ], [ -127.4899207961207, 52.061386389785767 ], [ -127.526673098648033, 52.056407739882516 ], [ -127.586013159407457, 52.041545755914925 ], [ -127.596901542048769, 52.053394248802441 ], [ -127.592117099078351, 52.068836371715548 ], [ -127.534377175680589, 52.088981857739412 ], [ -127.47962864366815, 52.102085366980837 ], [ -127.462043677630078, 52.114135949198797 ], [ -127.465400567906499, 52.124649331065584 ], [ -127.478363286168673, 52.131931342319689 ], [ -127.506843085062528, 52.13173275773071 ], [ -127.596420645615495, 52.090820730470725 ], [ -127.6126473334445, 52.077324172206737 ], [ -127.629562881600236, 52.043960908059539 ], [ -127.628029308869174, 52.011196280746042 ], [ -127.630982288257499, 51.973003989010564 ], [ -127.639022668204518, 51.950668328477882 ], [ -127.66404818020257, 51.926227498691865 ], [ -127.693816597631695, 51.913776658793189 ], [ -127.769890721429761, 51.910480345895571 ], [ -127.832098754946017, 51.888507559707179 ], [ -127.847687695617253, 51.871178216316373 ], [ -127.862373327938172, 51.828758121720554 ], [ -127.868132853977102, 51.783645594422708 ], [ -127.863671321115305, 51.720535107264858 ], [ -127.848678356558366, 51.676856930829402 ], [ -127.81613120405602, 51.627742685015221 ], [ -127.786339302511408, 51.608993425588295 ], [ -127.770072775275054, 51.604965257331621 ], [ -127.732077935151054, 51.618442464495267 ], [ -127.717178918845761, 51.615902138961147 ], [ -127.703956585969536, 51.60493478214439 ], [ -127.699341063250912, 51.592907036534093 ], [ -127.701347484379497, 51.574565823897949 ], [ -127.718963837819061, 51.566337263485472 ], [ -127.741386179613158, 51.570163755940762 ], [ -127.756859150906294, 51.56655090049626 ], [ -127.767112144051694, 51.557064362395586 ], [ -127.764794331392949, 51.530547821182189 ], [ -127.753340993246184, 51.524807051266059 ], [ -127.738471030116344, 51.522270193679738 ], [ -127.681586250501283, 51.542461305125485 ], [ -127.640907848716708, 51.552910337207599 ], [ -127.601889865463804, 51.568687223976994 ], [ -127.579337740970615, 51.592277442610175 ], [ -127.548927675696646, 51.638213893242082 ], [ -127.515663042104421, 51.64991403030232 ], [ -127.48504673738536, 51.650882783931323 ], [ -127.450928361295325, 51.668682259115045 ], [ -127.477654195277992, 51.680759386099361 ], [ -127.500801627610969, 51.678570144372628 ], [ -127.536079259522936, 51.67586545057744 ], [ -127.590109902077373, 51.676441834013332 ], [ -127.607323318801392, 51.678196149834548 ], [ -127.641197618457838, 51.687724868065651 ], [ -127.652008045203161, 51.69955491022516 ], [ -127.612533801158278, 51.711494844901914 ], [ -127.504562083049734, 51.710373121390916 ], [ -127.488197685505725, 51.720070135252023 ], [ -127.479056895989288, 51.744728157973405 ], [ -127.443946450112236, 51.764831464829804 ], [ -127.420638956265563, 51.780784840201186 ], [ -127.386276538375313, 51.812343609315441 ], [ -127.37433656446359, 51.833995464416013 ], [ -127.372146668072588, 51.852344641952612 ], [ -127.357002068014097, 51.863445343865358 ], [ -127.336113036221548, 51.864887530614979 ], [ -127.325339666800758, 51.853016155169506 ], [ -127.331879068525581, 51.82535972291786 ], [ -127.352471037571405, 51.788951811499679 ], [ -127.392028578049604, 51.745914356017124 ], [ -127.406593410589565, 51.72719233582847 ], [ -127.413581217325799, 51.707157390757224 ], [ -127.417090635825716, 51.690319425700316 ], [ -127.403395991061629, 51.671691422017908 ], [ -127.386742514036342, 51.677521210378721 ], [ -127.364822709732124, 51.694958413124048 ], [ -127.343009917357904, 51.69862001978953 ], [ -127.309189081004249, 51.688991458132456 ], [ -127.288643331658747, 51.676605828946109 ], [ -127.288849310921563, 51.662914369028471 ], [ -127.36305995730612, 51.640960374105383 ], [ -127.395660395124096, 51.635383160460584 ], [ -127.455230379123137, 51.614497985630038 ], [ -127.481506477693699, 51.591629628609631 ], [ -127.493812857887477, 51.577518589319588 ], [ -127.507042175401935, 51.543605543966343 ], [ -127.519989256415542, 51.523422188649292 ], [ -127.529411498842393, 51.488861173936627 ], [ -127.524673080811922, 51.476795169553156 ], [ -127.499107193575242, 51.462390479561812 ], [ -127.474022129786391, 51.451778307432271 ], [ -127.435806208017098, 51.447658888188677 ], [ -127.41472691522776, 51.441456319400665 ], [ -127.32218242289693, 51.442772288983704 ], [ -127.282561962092259, 51.433281219602982 ], [ -127.269522857622292, 51.42226418653923 ], [ -127.272361917016013, 51.411510403155418 ], [ -127.320708464063912, 51.406296385109606 ], [ -127.350539869358329, 51.415256415418597 ], [ -127.394736940646894, 51.419265354615533 ], [ -127.458748051154771, 51.414192180084228 ], [ -127.485740757585845, 51.41642759732494 ], [ -127.526755371169585, 51.44097081655142 ], [ -127.568527215079015, 51.445674990039315 ], [ -127.586432618172978, 51.441319156482749 ], [ -127.610129550767596, 51.419273269791049 ], [ -127.626868824801065, 51.39969266886586 ], [ -127.649856774479915, 51.383712803928532 ], [ -127.666946724167758, 51.385452513446353 ], [ -127.700256566200579, 51.391113638351172 ], [ -127.72995808778326, 51.382514911694059 ], [ -127.75563058881616, 51.369503742878088 ], [ -127.766143987804696, 51.35010886585799 ], [ -127.753676964515677, 51.332969611588531 ], [ -127.721442409689303, 51.324981625768203 ], [ -127.61020687408984, 51.346961859136911 ], [ -127.540177072934796, 51.352325510523436 ], [ -127.520728586687213, 51.351406588789729 ], [ -127.505500374031428, 51.345035214187163 ], [ -127.483482479091592, 51.327438393915806 ], [ -127.417609082054696, 51.32345974233499 ], [ -127.374335969415114, 51.313354058779062 ], [ -127.306106626375481, 51.31014657376577 ], [ -127.24182834051355, 51.328758700786501 ], [ -127.203438428615144, 51.334419463497802 ], [ -127.177856369648211, 51.333614580434492 ], [ -127.178549817531419, 51.310027809074853 ], [ -127.210486963469464, 51.296981948918422 ], [ -127.328140990642225, 51.265316146244096 ], [ -127.420066802017999, 51.24660113220277 ], [ -127.458473077622401, 51.240818252486619 ], [ -127.521148246596965, 51.238056387819 ], [ -127.603691057825984, 51.253582040327551 ], [ -127.646377577923701, 51.255981190633584 ], [ -127.706169315991943, 51.246429593069976 ], [ -127.748832045964235, 51.235030677654173 ], [ -127.773040991013971, 51.220527948636096 ], [ -127.783042701262644, 51.197345263348282 ], [ -127.774742296165911, 51.171024151500809 ], [ -127.754387233634191, 51.158832498725566 ], [ -127.688056795906505, 51.133724535813059 ], [ -127.653374128849777, 51.095317719305463 ], [ -127.591842851325623, 51.09586355534254 ], [ -127.575432269847241, 51.101711631404861 ], [ -127.561974247585496, 51.114310984846561 ], [ -127.568878168163934, 51.125480157410941 ], [ -127.588913865100778, 51.133949167379647 ], [ -127.592292255266827, 51.144500978957801 ], [ -127.556388843442846, 51.149486792149794 ], [ -127.527749058411274, 51.138248186999881 ], [ -127.413361336186284, 51.145683437411186 ], [ -127.27886235977887, 51.140655334077529 ], [ -127.241592817037812, 51.144027774168251 ], [ -127.18123633383145, 51.14574091355329 ], [ -127.151848060273153, 51.140502868789277 ], [ -127.120933299700795, 51.129989908706989 ], [ -127.0640027290642, 51.128582207206314 ], [ -126.993186440121661, 51.118316810892487 ], [ -126.978332227232812, 51.111908092680508 ], [ -126.998771165012656, 51.093078843606598 ], [ -127.05773132931526, 51.089969903743608 ], [ -127.155188895514897, 51.102428324353049 ], [ -127.198753570406211, 51.102676421561156 ], [ -127.341888333013571, 51.110625618480945 ], [ -127.456948085624092, 51.114638956766782 ], [ -127.4757531180624, 51.10796354604178 ], [ -127.467407941111233, 51.095336602089446 ], [ -127.423331904496138, 51.087604234065687 ], [ -127.361579717004474, 51.052993888751637 ], [ -127.32591990809604, 51.044235259896276 ], [ -127.249999393973184, 51.045734603662552 ], [ -127.154327725068697, 51.056094988088653 ], [ -127.046020107832376, 51.059170388295584 ], [ -126.988425864408242, 51.063778346200934 ], [ -126.888297205858677, 51.08316066622924 ], [ -126.790604101298342, 51.084105998666509 ], [ -126.757735421882487, 51.099304404787368 ], [ -126.699997592975208, 51.142482711479509 ], [ -126.669409904809683, 51.156952022688628 ], [ -126.653846338783325, 51.13908390236621 ], [ -126.667221000875372, 51.118995103605371 ], [ -126.723090923172521, 51.084229176380084 ], [ -126.728439862558105, 51.072674515406028 ], [ -126.720336514083087, 51.059986026331686 ], [ -126.676856444322922, 51.03826903502042 ], [ -126.664252646234573, 51.027144935125712 ], [ -126.677611373452336, 51.010867800876191 ], [ -126.69963114958243, 51.014915712966399 ], [ -126.719589831566736, 51.027313717349834 ], [ -126.757957421240818, 51.043144172351028 ], [ -126.809196019103354, 51.05244039351382 ], [ -126.872947879180145, 51.051589578665208 ], [ -126.927696129860465, 51.040275412480128 ], [ -126.970877816858987, 51.036900175591001 ], [ -127.018562665639237, 51.027996085425215 ], [ -127.081047049409207, 51.025463366230483 ], [ -127.126587046950277, 51.021182783639361 ], [ -127.242286137770009, 51.023147070734368 ], [ -127.321587272943816, 51.01847041140978 ], [ -127.378563147450066, 51.02362042640609 ], [ -127.413169125353747, 51.034702681802237 ], [ -127.443703124711149, 51.055023005087797 ], [ -127.463127613342323, 51.055911843017803 ], [ -127.480567677822847, 51.047737525927097 ], [ -127.49394227044867, 51.017722909772431 ], [ -127.491928217429106, 51.008670478391302 ], [ -127.47419056475124, 50.981842578893534 ], [ -127.4549327073195, 50.967296468353908 ], [ -127.42839760360728, 50.951400920570151 ], [ -127.373732618671582, 50.928062351687252 ], [ -127.316977538467498, 50.909298082517381 ], [ -127.202469374575671, 50.887630289082423 ], [ -127.172996943992416, 50.878562785054939 ], [ -127.130386752557257, 50.854759309113369 ], [ -127.104447305553933, 50.842575210649521 ], [ -127.065079041382646, 50.829223777787348 ], [ -127.042259866353518, 50.827629515418344 ], [ -127.011199280264009, 50.830792196232466 ], [ -126.955993635135343, 50.848194454892521 ], [ -126.93097591810988, 50.851166143033858 ], [ -126.908820676296415, 50.860778755133232 ], [ -126.909622640967797, 50.872176959724939 ], [ -126.919616947966787, 50.8802568202019 ], [ -126.949928094784084, 50.883301149799479 ], [ -126.996558173553936, 50.880504580077051 ], [ -127.077583549931759, 50.888885720672207 ], [ -127.133590595245209, 50.900226940000138 ], [ -127.155800450591556, 50.907936374516581 ], [ -127.167580019146484, 50.921287519086746 ], [ -127.136780107987619, 50.928207742563892 ], [ -127.099296673442424, 50.923999830888839 ], [ -127.058791854450149, 50.912979550795065 ], [ -127.026016609744659, 50.906998097940225 ], [ -126.957366272914115, 50.905819550113328 ], [ -126.923812645512356, 50.905983252494273 ], [ -126.908333019880061, 50.909423686849017 ], [ -126.888580573984626, 50.918285354169754 ], [ -126.806556147392698, 50.972060754262252 ], [ -126.770103800416209, 50.986579700439876 ], [ -126.757713514097546, 50.979312813038405 ], [ -126.76619764477357, 50.960876332689615 ], [ -126.77044709871258, 50.9516603350975 ], [ -126.720588798801415, 50.943775172438357 ], [ -126.709181782387034, 50.934211756744659 ], [ -126.763579896008821, 50.919151735809898 ], [ -126.761413666320962, 50.902560906580398 ], [ -126.723556207532056, 50.894340718220718 ], [ -126.699028585222138, 50.883560163414543 ], [ -126.666205891936698, 50.877502032997782 ], [ -126.623778850722459, 50.892192852936809 ], [ -126.607536335982417, 50.901721723265403 ], [ -126.579269006015551, 50.911483260561738 ], [ -126.537040789006724, 50.929855440683141 ], [ -126.526786282465423, 50.939155559570892 ], [ -126.522841765110599, 50.955966937821252 ], [ -126.538757762438181, 50.981402951278767 ], [ -126.542213384921254, 50.99959191387547 ], [ -126.521896767871937, 51.02584452849581 ], [ -126.50007650580136, 51.021793366565973 ], [ -126.487396489965263, 51.010692942044066 ], [ -126.474036779640613, 50.988186070627357 ], [ -126.468086460927239, 50.967056325474161 ], [ -126.448860317191489, 50.94471703790488 ], [ -126.41589343906287, 50.934814936778473 ], [ -126.360610635133099, 50.934398184656331 ], [ -126.311492417709857, 50.937717912514394 ], [ -126.257057981107408, 50.931194295682367 ], [ -126.215119130729832, 50.932010796250246 ], [ -126.176841839821847, 50.937321104200215 ], [ -126.159895705183146, 50.935370904034642 ], [ -126.149726745699596, 50.923416197715248 ], [ -126.163565809786917, 50.911013990248357 ], [ -126.220734014942408, 50.89927656919162 ], [ -126.265037469362824, 50.897636881696442 ], [ -126.32420303474683, 50.902519528217375 ], [ -126.354148913214459, 50.901943132253798 ], [ -126.384987086548065, 50.895187825060319 ], [ -126.410139857505186, 50.892429615546604 ], [ -126.451553962400766, 50.905181931360694 ], [ -126.491676285169433, 50.912605398410761 ], [ -126.511848558807941, 50.907623476786682 ], [ -126.544883392764675, 50.875018552932211 ], [ -126.56025718472614, 50.850341788883583 ], [ -126.555793047576131, 50.834575824299435 ], [ -126.541038198791711, 50.828029697051988 ], [ -126.525207082057136, 50.82381105312853 ], [ -126.502769974391228, 50.829696280475481 ], [ -126.484703041242042, 50.830055263004745 ], [ -126.439530303749436, 50.812869866514887 ], [ -126.394371130593044, 50.820674980260463 ], [ -126.364807681820579, 50.828861091521453 ], [ -126.30423688394356, 50.839943393357331 ], [ -126.239594128394245, 50.842808120576137 ], [ -126.188827944600376, 50.858158462670374 ], [ -126.158684321796969, 50.854965800086042 ], [ -126.144958571051376, 50.846073506231448 ], [ -126.143280171324278, 50.833198627955838 ], [ -126.172592395706104, 50.821273374888314 ], [ -126.176666501553058, 50.804485382139738 ], [ -126.142066650341206, 50.78166586173969 ], [ -126.109420485943147, 50.775432450204995 ], [ -126.057486342316366, 50.789275977038074 ], [ -126.026123127773531, 50.78453015140753 ], [ -126.013473589190369, 50.769539258939432 ], [ -126.026192217710246, 50.75948365272847 ], [ -126.059371536578098, 50.752021356093124 ], [ -126.095268312830953, 50.751415391437092 ], [ -126.118765711158687, 50.743419562525091 ], [ -126.131866885859282, 50.715869933117737 ], [ -126.145363065518595, 50.695877097475545 ], [ -126.150596557433715, 50.680649068212446 ], [ -126.14288312844954, 50.667892868018193 ], [ -126.130638606752839, 50.660476329166265 ], [ -126.080207878346357, 50.683403198527195 ], [ -126.048492057172211, 50.69234483234991 ], [ -126.003227977001117, 50.696128893079205 ], [ -125.951187363846188, 50.681079560103484 ], [ -125.934356312809541, 50.679096527418942 ], [ -125.911917747834693, 50.684845268280853 ], [ -125.873963175824599, 50.689990946548626 ], [ -125.815513329602979, 50.692405908210802 ], [ -125.741897986007586, 50.705608056402447 ], [ -125.713675530448967, 50.718959916308052 ], [ -125.693230446636662, 50.7488218308768 ], [ -125.666686896117284, 50.778763420072835 ], [ -125.661261942710198, 50.793968396314042 ], [ -125.670310330648888, 50.815895002302902 ], [ -125.676146925429634, 50.84461963772933 ], [ -125.674202046999127, 50.856827284502295 ], [ -125.655417500096718, 50.870766019966311 ], [ -125.577216745488158, 50.900585554691453 ], [ -125.556266494626655, 50.922870503888909 ], [ -125.557891766799429, 50.935718741561011 ], [ -125.599281460432039, 50.989139471120474 ], [ -125.62648844220837, 51.047195806176646 ], [ -125.619086481917464, 51.078391596729539 ], [ -125.606292261393932, 51.092251128778472 ], [ -125.585563507147171, 51.085720215852433 ], [ -125.544196985394336, 51.036122097338087 ], [ -125.536201303162244, 51.011890037045767 ], [ -125.523742922068138, 50.996905838907267 ], [ -125.512138045115293, 50.972035068876501 ], [ -125.499870728063982, 50.924301000262716 ], [ -125.499075996794318, 50.897804890282863 ], [ -125.511801952448806, 50.880207558836311 ], [ -125.543738883456896, 50.86766828007508 ], [ -125.60841366691011, 50.861488859010976 ], [ -125.633339162429394, 50.855125752292523 ], [ -125.643836989316313, 50.845794186751739 ], [ -125.636122990317844, 50.83303411208967 ], [ -125.618957873707984, 50.783259961833906 ], [ -125.624457892705053, 50.767936700930242 ], [ -125.653610544051247, 50.744804230325975 ], [ -125.68747666992202, 50.687466012465947 ], [ -125.70717614057952, 50.671248900124425 ], [ -125.724861079333522, 50.663471595062411 ], [ -125.927002308046298, 50.645125785627584 ], [ -125.95459799909338, 50.649192698967497 ], [ -125.994537010896451, 50.660648820478883 ], [ -126.029968831321497, 50.652507261332758 ], [ -126.066810238503336, 50.649508909705546 ], [ -126.136459735409062, 50.631611174288857 ], [ -126.165046463381614, 50.629536002673035 ], [ -126.226303801724399, 50.641219851079221 ], [ -126.256850548545231, 50.630749265636219 ], [ -126.253318433169056, 50.605056636592337 ], [ -126.226935945007426, 50.602504679997878 ], [ -126.192788113815837, 50.587314764321377 ], [ -126.161788019679193, 50.586330096671539 ], [ -126.096061808775531, 50.608779876268912 ], [ -125.978844376672598, 50.627552319861472 ], [ -125.952529459412631, 50.625007336681833 ], [ -125.938926020829328, 50.616096411725565 ], [ -125.956299209985772, 50.600681736305738 ], [ -126.006316237989424, 50.599056018474265 ], [ -126.043907212439905, 50.586265600083586 ], [ -126.111008037015679, 50.569122698101964 ], [ -126.139427875345532, 50.567096289067322 ], [ -126.165328833134453, 50.558238534285962 ], [ -126.172203591603648, 50.527057341036446 ], [ -126.18012229753441, 50.51849789224925 ], [ -126.227416578516028, 50.513863226977229 ], [ -126.249786422114539, 50.508125258687294 ], [ -126.258232322842773, 50.485923481938244 ], [ -126.242560553485646, 50.481666723623157 ], [ -126.185181367760322, 50.474498512999297 ], [ -126.151206733468911, 50.484203364140448 ], [ -126.103705853870196, 50.485084476616066 ], [ -126.064918925617093, 50.46760138585023 ], [ -126.032692347080911, 50.465186895204646 ], [ -126.003478707086202, 50.477096761221411 ], [ -125.940101448379409, 50.466011160481422 ], [ -125.841528800400596, 50.499461972026559 ], [ -125.810058286498091, 50.515838304969996 ], [ -125.780533342682844, 50.520088411889567 ], [ -125.76251246657749, 50.516559991682463 ], [ -125.76220657876641, 50.476391186403205 ], [ -125.720917136711819, 50.448227271654524 ], [ -125.719336689303887, 50.439155257632535 ], [ -125.704802981299693, 50.428737516816923 ], [ -125.681007457818254, 50.42532361831276 ], [ -125.653717142841217, 50.428695837521694 ], [ -125.632812082998484, 50.439609813674423 ], [ -125.615517266154924, 50.458797881792094 ], [ -125.593048075695407, 50.496963593532477 ], [ -125.56957239785217, 50.545047868413292 ], [ -125.54849268492282, 50.596092674218035 ], [ -125.542488214305564, 50.632595506392668 ], [ -125.533508971746429, 50.650905814122098 ], [ -125.516089625008391, 50.666206243861396 ], [ -125.500137596899975, 50.690708768883496 ], [ -125.47418936394169, 50.703113333228998 ], [ -125.449118713993187, 50.701957629735645 ], [ -125.436706796953487, 50.686897040273749 ], [ -125.452812296461033, 50.666244365976773 ], [ -125.489052232440258, 50.640823033973156 ], [ -125.502433618137019, 50.609527476591616 ], [ -125.501823237501569, 50.586773237198301 ], [ -125.513367153282161, 50.535171376634523 ], [ -125.531288355181687, 50.498572902799772 ], [ -125.533653062951345, 50.461361245561307 ], [ -125.521636117938087, 50.453956510202943 ], [ -125.500282282582816, 50.453457183108966 ], [ -125.470642102710599, 50.457657035680647 ], [ -125.434997688538715, 50.458038425551827 ], [ -125.393836750963985, 50.469825778046072 ], [ -125.393646021773165, 50.510036688629533 ], [ -125.384903170601177, 50.535880906815365 ], [ -125.363632117439536, 50.542946200746997 ], [ -125.34928054765021, 50.540069853332795 ], [ -125.334876936519294, 50.485664502581848 ], [ -125.326072742335384, 50.467613811523918 ], [ -125.305846815873196, 50.464755818471566 ], [ -125.290497183025025, 50.47178246462839 ], [ -125.276702068084404, 50.487762879090994 ], [ -125.250877323369764, 50.500182731500267 ], [ -125.22589197018992, 50.502646824878788 ], [ -125.207916251336613, 50.495261863785693 ], [ -125.213622579181745, 50.483814647897262 ], [ -125.23825765557504, 50.469959160420608 ], [ -125.243827024576419, 50.458549606078684 ], [ -125.231872594094881, 50.451110936223344 ], [ -125.197220020098811, 50.441620160152908 ], [ -125.181373574704949, 50.42580762619383 ], [ -125.162177883370134, 50.413135740088315 ], [ -125.137206245087441, 50.408061972930604 ], [ -125.121932381832949, 50.414939727108212 ], [ -125.110397986429874, 50.430228638769933 ], [ -125.111007140420952, 50.460525268205522 ], [ -125.098312616894404, 50.481887955702682 ], [ -125.077172075210143, 50.49260661907671 ], [ -125.015663873926243, 50.512805507319932 ], [ -125.006401480106788, 50.523460583883967 ], [ -125.006538871764405, 50.534897314039988 ], [ -124.986572359518448, 50.54712651104844 ], [ -124.965424618748273, 50.565422071404662 ], [ -124.950347385931067, 50.587512903006797 ], [ -124.93771270732384, 50.616421293570376 ], [ -124.917083715303804, 50.67647201941115 ], [ -124.917663693508644, 50.710513883393766 ], [ -124.923819657898278, 50.725681576426481 ], [ -124.955261154968326, 50.742172153633653 ], [ -124.969909026075825, 50.764030568676368 ], [ -124.971336270674442, 50.776886282897699 ], [ -124.98000377969845, 50.795104986767292 ], [ -124.971900487908556, 50.814823410981674 ], [ -124.927940515447219, 50.838661147619511 ], [ -124.880439995209812, 50.869304678934228 ], [ -124.86176268520282, 50.905830169435035 ], [ -124.84039228752539, 50.916595662572547 ], [ -124.812683029899901, 50.908370645975303 ], [ -124.798049333879149, 50.890243274959296 ], [ -124.81089767737592, 50.868930608632553 ], [ -124.871384239523223, 50.816971009442518 ], [ -124.899361225420989, 50.769798108211226 ], [ -124.853309394610065, 50.72004714536164 ], [ -124.845046510236699, 50.646587110839562 ], [ -124.849609872120212, 50.62602595175639 ], [ -124.864440178336551, 50.581310330624596 ], [ -124.913551712653316, 50.519615036190224 ], [ -124.937041975515712, 50.496711443883569 ], [ -124.981856231965054, 50.478180261403772 ], [ -125.019446614793083, 50.454467772994072 ], [ -125.032173136431979, 50.436878638538047 ], [ -125.066840788374421, 50.328350489575755 ], [ -125.05256631394785, 50.321678257131964 ], [ -125.033682903836734, 50.320289953638351 ], [ -125.004280105927904, 50.335659394532961 ], [ -124.995117617502061, 50.353900821065146 ], [ -125.006561578033114, 50.401519720958142 ], [ -124.999779120933212, 50.415222584880404 ], [ -124.983299425447811, 50.420635360032023 ], [ -124.949461838352178, 50.389804697328039 ], [ -124.942122695866871, 50.369377492201671 ], [ -124.948675712530019, 50.336780917668875 ], [ -124.92716167216264, 50.321010611572063 ], [ -124.903503420963489, 50.321163357395065 ], [ -124.854736758237379, 50.304783116161524 ], [ -124.821716746097479, 50.311836140998452 ], [ -124.769897918445267, 50.332504443365515 ], [ -124.712272294721274, 50.364642908637485 ], [ -124.686477769926299, 50.395817098897794 ], [ -124.643860007904578, 50.409637828417949 ], [ -124.586960222952996, 50.412864615359609 ], [ -124.526526394453853, 50.419013630033092 ], [ -124.476752705761243, 50.435047149621795 ], [ -124.402122382237323, 50.479938291264965 ], [ -124.365333585778316, 50.485958121367808 ], [ -124.347510485785577, 50.482257613145322 ], [ -124.37113217404837, 50.44054074249069 ], [ -124.400757572028624, 50.417804937077875 ], [ -124.460006807181443, 50.394928337068215 ], [ -124.60920673505619, 50.377124613519982 ], [ -124.655287933710042, 50.364113076063404 ], [ -124.672959223037111, 50.348858134462745 ], [ -124.671538985067428, 50.317120211792179 ], [ -124.652398108179185, 50.292964936349065 ], [ -124.628615970372422, 50.285503102327084 ], [ -124.615560957347483, 50.276382979017967 ], [ -124.602149906926215, 50.218212637579121 ], [ -124.601928345999625, 50.180347326700726 ], [ -124.612281708725902, 50.15988885077914 ], [ -124.636932294071983, 50.146202158047203 ], [ -124.694328755336826, 50.102790771018817 ], [ -124.710540609272627, 50.086055767519042 ], [ -124.724571641601926, 50.077721070144683 ], [ -124.744636367068338, 50.076820796963133 ], [ -124.770407073768851, 50.064628802683458 ], [ -124.7700727156314, 50.045707687570591 ], [ -124.800712772673975, 50.05083491017357 ] ], [ [ -124.7700727156314, 50.045707687570591 ], [ -124.747726315828913, 50.043517772287821 ], [ -124.718468406957641, 50.051280888975697 ], [ -124.700851996919738, 50.051277344046426 ], [ -124.690193310734699, 50.037766195060989 ], [ -124.695807733804799, 50.022575083378356 ], [ -124.682808398741926, 49.985404585572724 ], [ -124.697960118850645, 49.978523771846689 ], [ -124.721559083915281, 49.985961617741964 ], [ -124.741446861202064, 50.001953407234609 ], [ -124.7700727156314, 50.045707687570591 ] ] ] } },
{ "type": "Feature", "properties": { "island": null }, "geometry": { "type": "Polygon", "coordinates": [ [ [ -127.868019032058754, 50.900894548108568 ], [ -127.853103588991033, 50.908275772806384 ], [ -127.848091646320412, 50.919884088003442 ], [ -127.857406538002664, 50.930167903631528 ], [ -127.876670623713622, 50.931018807933512 ], [ -127.891059496655672, 50.929775614381079 ], [ -127.961647245908324, 50.925667520909926 ], [ -127.963989562048184, 50.911152026648679 ], [ -127.941276204985869, 50.899784128977629 ], [ -127.908255972211165, 50.894138674028611 ], [ -127.868019032058754, 50.900894548108568 ] ] ] } },
{ "type": "Feature", "properties": { "island": null }, "geometry": { "type": "Polygon", "coordinates": [ [ [ -127.652343634573299, 50.836265380771088 ], [ -127.639556550949678, 50.842731872353994 ], [ -127.654870034568475, 50.866565812368584 ], [ -127.680091068470574, 50.880905007380548 ], [ -127.712547469165671, 50.896491897034373 ], [ -127.747459918960331, 50.897560344063109 ], [ -127.795386956685235, 50.895889603675236 ], [ -127.817749215338992, 50.889793372726288 ], [ -127.821738977820004, 50.880535751573134 ], [ -127.770155938499158, 50.867923847593723 ], [ -127.730025258686595, 50.847312639867276 ], [ -127.709716547405563, 50.848698029777843 ], [ -127.68482937281145, 50.838207764154866 ], [ -127.652343634573299, 50.836265380771088 ] ] ] } },
{ "type": "Feature", "properties": { "island": null }, "geometry": { "type": "Polygon", "coordinates": [ [ [ -126.970969713884386, 50.567730203958959 ], [ -127.013160373455705, 50.574226567380144 ], [ -127.085296749129967, 50.583545785401896 ], [ -127.109833486260058, 50.59429946820606 ], [ -127.137046133733477, 50.607929669698613 ], [ -127.165572199158419, 50.605568334017669 ], [ -127.18306730573137, 50.601214933556875 ], [ -127.204521256640675, 50.601356036004105 ], [ -127.285590794355883, 50.648315269509979 ], [ -127.38828271100968, 50.695236417166889 ], [ -127.397431161408022, 50.705558348178158 ], [ -127.398590378764311, 50.720703624697585 ], [ -127.413673890871905, 50.730881263942621 ], [ -127.445297282341372, 50.721542786117894 ], [ -127.465248456674829, 50.716372923678165 ], [ -127.481071508420541, 50.720359828147899 ], [ -127.490317163517219, 50.730754651959948 ], [ -127.489021364583522, 50.760394892177665 ], [ -127.572928715755239, 50.775078154373695 ], [ -127.619368512896443, 50.785727887711552 ], [ -127.641852625050944, 50.797084610847371 ], [ -127.659712733899283, 50.810215133036841 ], [ -127.767967304314581, 50.82768602591382 ], [ -127.847741052303292, 50.847682924546305 ], [ -127.871276280014371, 50.85676944312263 ], [ -127.907897719177143, 50.862987708135613 ], [ -127.952797642517311, 50.854503805779551 ], [ -128.046098344035528, 50.84630288466002 ], [ -128.104114232324122, 50.838793721152484 ], [ -128.203926611660393, 50.80222412056844 ], [ -128.268474055150421, 50.788321809232997 ], [ -128.317228340565691, 50.784055626571025 ], [ -128.393418208624411, 50.765751346795291 ], [ -128.400451629288085, 50.753303545108302 ], [ -128.378431336082713, 50.712471875063144 ], [ -128.371839315139027, 50.695236597492276 ], [ -128.356685435577447, 50.675316630323593 ], [ -128.337764010284758, 50.664742631451105 ], [ -128.304879407759643, 50.659230225672921 ], [ -128.287818410333074, 50.643998736522938 ], [ -128.30724382781878, 50.634827872880713 ], [ -128.310966480727188, 50.611912842365037 ], [ -128.272405390358529, 50.596700228313871 ], [ -128.250828239644932, 50.583142997309061 ], [ -128.201003317789684, 50.525190798117443 ], [ -128.138102659192668, 50.489638718887321 ], [ -128.120188288495712, 50.4767298627618 ], [ -128.096397522183736, 50.464008360872661 ], [ -128.071921589562805, 50.443615221781052 ], [ -128.053181411704685, 50.432999594650205 ], [ -128.04193619439809, 50.440991761407702 ], [ -128.03645810250751, 50.458642473767675 ], [ -128.041524816013862, 50.474397493667041 ], [ -128.032767633312346, 50.508894116433829 ], [ -128.021979004422803, 50.520674027354964 ], [ -128.007451425332277, 50.518183437446744 ], [ -127.999480418049615, 50.487555966711056 ], [ -127.988892182279031, 50.475811280449754 ], [ -127.944655806329706, 50.474415244645307 ], [ -127.89169250871403, 50.466521872511109 ], [ -127.874862369878997, 50.478503656671066 ], [ -127.840301899910727, 50.491119296270853 ], [ -127.792251243111835, 50.485221819818562 ], [ -127.713676444211302, 50.513786169217703 ], [ -127.61759966354721, 50.533004634359784 ], [ -127.590264115871022, 50.546825697845343 ], [ -127.581558548838274, 50.557758596028947 ], [ -127.589393166606911, 50.566563094891109 ], [ -127.618171386641663, 50.567909609351233 ], [ -127.640616813148156, 50.565616517819585 ], [ -127.697998592419324, 50.568233399417572 ], [ -127.755759214731782, 50.574531683054353 ], [ -127.804627096992689, 50.587993877360354 ], [ -127.975532145984047, 50.617549622727509 ], [ -127.998016747300781, 50.628818083531023 ], [ -128.011529514770928, 50.64180355065465 ], [ -128.003045348838185, 50.652733149962792 ], [ -127.976967358576289, 50.659972640925815 ], [ -127.952872726649275, 50.657096544422089 ], [ -127.889579776841884, 50.631309141368959 ], [ -127.808593472644034, 50.619755067715403 ], [ -127.747192528138868, 50.61280109964504 ], [ -127.674765437082542, 50.617603224923606 ], [ -127.647361386503775, 50.604122350920775 ], [ -127.583908225800158, 50.601673203157233 ], [ -127.563591760278015, 50.585632157065902 ], [ -127.546730601420833, 50.583919569840859 ], [ -127.480827494281343, 50.595894163734691 ], [ -127.457031067354023, 50.596657362999935 ], [ -127.445311822694507, 50.583431503126036 ], [ -127.457970307480323, 50.576915339937273 ], [ -127.571113601221271, 50.53224597767079 ], [ -127.574210211126726, 50.511707229760965 ], [ -127.569443431568203, 50.495884134631901 ], [ -127.506896646049839, 50.442592485030993 ], [ -127.478492044542094, 50.413944357752811 ], [ -127.469757246658233, 50.393760925158581 ], [ -127.473793392503651, 50.384529827224711 ], [ -127.485046263393556, 50.376522283602959 ], [ -127.501830509511109, 50.378242823850506 ], [ -127.546859160113982, 50.422352557883357 ], [ -127.568442516554782, 50.453476212573086 ], [ -127.591026655929298, 50.468666030367594 ], [ -127.621246129031377, 50.475177829345618 ], [ -127.67002114532535, 50.475063359178648 ], [ -127.729027428660928, 50.469226813579617 ], [ -127.777785690444873, 50.469062468104958 ], [ -127.839996864201382, 50.446372853063245 ], [ -127.899559561277258, 50.448024268365323 ], [ -127.921927831279234, 50.445667865913691 ], [ -127.933723254118959, 50.431557382317969 ], [ -127.937377368050107, 50.418556834570886 ], [ -127.973266822173244, 50.356536966666276 ], [ -127.962691650596312, 50.331161341853544 ], [ -127.944945543447815, 50.318107423265886 ], [ -127.930511016687618, 50.315604824582863 ], [ -127.898040744468432, 50.323673351270216 ], [ -127.881272123630268, 50.322021560185185 ], [ -127.872093353789623, 50.311756212133972 ], [ -127.807159614919414, 50.300384491433903 ], [ -127.833999475125026, 50.282760819478476 ], [ -127.839988284551822, 50.268917013969457 ], [ -127.811149887374299, 50.263886058201322 ], [ -127.796439899959736, 50.243907841534266 ], [ -127.76139065138797, 50.235324722039529 ], [ -127.752189239052981, 50.224975648135853 ], [ -127.77612253823871, 50.214343758923981 ], [ -127.817733433110106, 50.175712936965844 ], [ -127.870613217741962, 50.146514520445436 ], [ -127.877823817600742, 50.134086386561357 ], [ -127.883055552009523, 50.112712624615753 ], [ -127.872596433660462, 50.100967212464759 ], [ -127.842811804552582, 50.098213831911899 ], [ -127.818336391588943, 50.087776223736213 ], [ -127.791344569359879, 50.087936625617303 ], [ -127.709342580404865, 50.121940711732826 ], [ -127.691527966175769, 50.149837371633126 ], [ -127.657188291242804, 50.162380203840499 ], [ -127.630782986240632, 50.156448016913899 ], [ -127.627220397213392, 50.142181534516965 ], [ -127.633276987786189, 50.114658518998453 ], [ -127.60884906049084, 50.104168180436318 ], [ -127.586891736370873, 50.11020276791853 ], [ -127.485527104640198, 50.170368136124658 ], [ -127.465851131658368, 50.175529429706529 ], [ -127.446082751784601, 50.163314612395894 ], [ -127.448776591604755, 50.152599480055279 ], [ -127.475013884920799, 50.141128187090963 ], [ -127.484848040514819, 50.131756237794214 ], [ -127.474212299136795, 50.116142510605584 ], [ -127.472801672919303, 50.097278233438495 ], [ -127.45860288964964, 50.081088784548868 ], [ -127.43586007203956, 50.062106702228931 ], [ -127.374397841125472, 50.026210726419762 ], [ -127.341766431998792, 50.03026198161384 ], [ -127.281631866979552, 50.061599876569225 ], [ -127.271217605477162, 50.080859996603472 ], [ -127.28008319120103, 50.10487056081476 ], [ -127.313782353900891, 50.147026465308805 ], [ -127.312691129971867, 50.16294124927937 ], [ -127.29065625037255, 50.168907381261313 ], [ -127.243988338481586, 50.143089714558499 ], [ -127.229812959728704, 50.109417447334231 ], [ -127.199257290469546, 50.095176400847947 ], [ -127.166290793942139, 50.095340977875153 ], [ -127.092697465609604, 50.121703962620323 ], [ -127.076057142733433, 50.119918766927427 ], [ -127.073082156068836, 50.109416775675442 ], [ -127.08377808821335, 50.093929620152359 ], [ -127.098350692347537, 50.082931850567576 ], [ -127.132789565879392, 50.070587306536488 ], [ -127.171538490201925, 50.052860372273365 ], [ -127.169502070673019, 50.039955513419606 ], [ -127.157211301342414, 50.03280270964359 ], [ -127.144652513164033, 50.021823680446218 ], [ -127.152778678838331, 50.003414052679872 ], [ -127.22500303572761, 49.973777941622593 ], [ -127.229266884461055, 49.950958244613751 ], [ -127.212153396671766, 49.924176492031329 ], [ -127.177467666957398, 49.897958387281832 ], [ -127.144360705947079, 49.859621739080318 ], [ -127.099345699218574, 49.852611461589866 ], [ -127.060265763927291, 49.845413876900842 ], [ -127.021865177583422, 49.832090410543756 ], [ -127.002279604170226, 49.837155920407952 ], [ -126.994970349480951, 49.849466069304057 ], [ -127.001509855494533, 49.860624450997214 ], [ -126.998725271098408, 49.871311982764084 ], [ -126.984008178029853, 49.878541495996004 ], [ -126.969778641872097, 49.875905843209274 ], [ -126.954572160689978, 49.858164270337333 ], [ -126.932651162939933, 49.864043074958531 ], [ -126.961218289396967, 49.925340239444139 ], [ -126.965820103330856, 49.941117807832249 ], [ -126.953765658189965, 49.955006991868217 ], [ -126.933081829540328, 49.962392641214905 ], [ -126.908178388560955, 49.957773058220688 ], [ -126.899327433514728, 49.947431714357357 ], [ -126.896207440551237, 49.936898985843285 ], [ -126.90211121636743, 49.91934842905777 ], [ -126.905261492679429, 49.89504858001208 ], [ -126.897456114762079, 49.882384761602346 ], [ -126.88537887939647, 49.875159454188491 ], [ -126.839516521573714, 49.874107924783637 ], [ -126.824783039455937, 49.881309626629175 ], [ -126.821937942549383, 49.891998755673015 ], [ -126.827515283968239, 49.905453319497326 ], [ -126.852275517322752, 49.927528046101216 ], [ -126.855541274189534, 49.941809635088021 ], [ -126.835009382064413, 49.952922491735158 ], [ -126.807397642324176, 49.941528120117674 ], [ -126.765730171883476, 49.892629074185749 ], [ -126.74092564714077, 49.870581236872503 ], [ -126.726550184523873, 49.864161566856012 ], [ -126.710513063592245, 49.869844893648327 ], [ -126.678797963529007, 49.909968834143172 ], [ -126.663798040452647, 49.913321186601969 ], [ -126.65062897606424, 49.908313422034418 ], [ -126.642624059561228, 49.891922296580368 ], [ -126.641059165108274, 49.865451816117663 ], [ -126.632116440286381, 49.830083444858261 ], [ -126.637105167801039, 49.79369886266187 ], [ -126.615520465747579, 49.764772589393125 ], [ -126.602145399998918, 49.734804907633517 ], [ -126.579689900270736, 49.708156118847967 ], [ -126.561606426825151, 49.69720826083676 ], [ -126.531270448256308, 49.696339391297251 ], [ -126.502743610173439, 49.708363398422307 ], [ -126.483830768788081, 49.724678919888696 ], [ -126.476720431568168, 49.744519375501014 ], [ -126.484510233478915, 49.7609570851059 ], [ -126.479261863799422, 49.772450604540552 ], [ -126.460896913374597, 49.778908655316528 ], [ -126.444523739562371, 49.776975469586183 ], [ -126.431187319019131, 49.768236041655562 ], [ -126.391367585646563, 49.766844485114916 ], [ -126.381677144034953, 49.758666795966981 ], [ -126.400842900025495, 49.746195876139893 ], [ -126.422570834160723, 49.736609278344716 ], [ -126.455088967793344, 49.711736790773124 ], [ -126.464518769931317, 49.691083782694569 ], [ -126.452112040086817, 49.676279598794594 ], [ -126.423409429688803, 49.663329132935317 ], [ -126.383497976339001, 49.658111496288932 ], [ -126.337711825392901, 49.649213288519135 ], [ -126.318950231707348, 49.648114887464786 ], [ -126.213195095927205, 49.652607074788811 ], [ -126.178547846145122, 49.657036334855967 ], [ -126.125522903246349, 49.671640279161217 ], [ -126.103487845292236, 49.673585561456186 ], [ -126.077440541181758, 49.663428006794113 ], [ -126.064209755602079, 49.654643381809919 ], [ -126.071876261817877, 49.642371428928477 ], [ -126.134608133922114, 49.639745707451929 ], [ -126.272117694098583, 49.616637625876137 ], [ -126.29303898622706, 49.616972812554721 ], [ -126.328073435456801, 49.620031117367716 ], [ -126.367428547927801, 49.613877606222246 ], [ -126.421332238694703, 49.621734971909547 ], [ -126.453919165972223, 49.621821664060143 ], [ -126.472938489725763, 49.60926399496438 ], [ -126.482865623117348, 49.596220810942675 ], [ -126.530375392657078, 49.571718690477269 ], [ -126.536845027047249, 49.561735399688025 ], [ -126.544441974588182, 49.510947155365301 ], [ -126.540970494045467, 49.489108030493043 ], [ -126.552169332135065, 49.481231237738051 ], [ -126.559402225158479, 49.465228310532055 ], [ -126.537123464512902, 49.438598085811591 ], [ -126.535848654173265, 49.415988869089027 ], [ -126.527089250814356, 49.380665589919445 ], [ -126.516864722034413, 49.365037372815941 ], [ -126.496972946276415, 49.358685595305765 ], [ -126.451546436946387, 49.374815118199066 ], [ -126.442926049981523, 49.389345520853595 ], [ -126.44942691744653, 49.400556754728761 ], [ -126.458184917439922, 49.414658890052003 ], [ -126.443544000540001, 49.421796758955196 ], [ -126.428628683196038, 49.446332593023534 ], [ -126.413774353416528, 49.453428203183513 ], [ -126.387244970470604, 49.453284150628626 ], [ -126.378562983312946, 49.442839827599869 ], [ -126.396697454620011, 49.411551493511126 ], [ -126.386832154513655, 49.399684420846881 ], [ -126.353978099600354, 49.392055581699331 ], [ -126.330303044433904, 49.381282858190453 ], [ -126.30365950609405, 49.356110833128945 ], [ -126.289536360707757, 49.34963712213392 ], [ -126.265189414564915, 49.348611584696059 ], [ -126.253899167172477, 49.356371323008617 ], [ -126.259469439295785, 49.398580624788934 ], [ -126.274927960114809, 49.431489397153626 ], [ -126.270717738224263, 49.44063713131137 ], [ -126.25123875716109, 49.44554630998627 ], [ -126.228738384586833, 49.436173836722993 ], [ -126.218399044584345, 49.41301952277626 ], [ -126.209769636834764, 49.402560177530937 ], [ -126.179715405536555, 49.40166401430114 ], [ -126.160816945325308, 49.392970920236543 ], [ -126.14150675407511, 49.401680179788727 ], [ -126.125843535158694, 49.414825778977907 ], [ -126.086862880594424, 49.424580799603888 ], [ -126.05335267017098, 49.426690855305559 ], [ -126.025222160900427, 49.417413530464486 ], [ -126.008368253330431, 49.404104585864523 ], [ -126.013753708649347, 49.39273312740648 ], [ -126.032935583501427, 49.380228598886781 ], [ -126.040351240344762, 49.364271822135862 ], [ -126.040578985535674, 49.343168869803634 ], [ -126.023403810269173, 49.318560749087418 ], [ -126.007122537698365, 49.316600324101984 ], [ -125.981013493034453, 49.32764802392623 ], [ -125.962511979772771, 49.355105951103226 ], [ -125.951045527417023, 49.387755918924306 ], [ -125.937648316267229, 49.4000666293989 ], [ -125.919291105171453, 49.402672045631064 ], [ -125.900431665929432, 49.393929076616367 ], [ -125.897615254097602, 49.383385903952707 ], [ -125.900077754781819, 49.357659724815775 ], [ -125.915795250912197, 49.344552025331254 ], [ -125.92447054416418, 49.330116946988916 ], [ -125.93539533475716, 49.314793108761975 ], [ -125.998004367766185, 49.291117904675978 ], [ -126.007563017438883, 49.270545269763737 ], [ -126.004861518165441, 49.259967842383844 ], [ -125.984825612937485, 49.221084959616107 ], [ -125.965117998468202, 49.218490936673867 ], [ -125.942168090514869, 49.222630309351828 ], [ -125.925412579500701, 49.234185548654246 ], [ -125.918257050836871, 49.257771607369691 ], [ -125.906943400436774, 49.265488911340405 ], [ -125.888486277411204, 49.264265437873227 ], [ -125.852146477984803, 49.248286315259598 ], [ -125.834009879695145, 49.258357144651455 ], [ -125.826594877505471, 49.274371632741925 ], [ -125.822940489131554, 49.302321207519391 ], [ -125.811985617280428, 49.317630355517721 ], [ -125.783160220919839, 49.318042539437393 ], [ -125.77356936516702, 49.309860523380557 ], [ -125.76603881313099, 49.293433976893205 ], [ -125.772331483748417, 49.243515957339881 ], [ -125.755820171770566, 49.230206158829255 ], [ -125.732458117515534, 49.223038565186833 ], [ -125.722828983140644, 49.211110923553512 ], [ -125.721104980705775, 49.194520662031039 ], [ -125.746465055020622, 49.160909067701951 ], [ -125.751638048726051, 49.145783314291677 ], [ -125.743107205073571, 49.131555021136727 ], [ -125.728137275130521, 49.131055560611607 ], [ -125.715067852495963, 49.150842555251792 ], [ -125.677576383895342, 49.165754866805329 ], [ -125.649537790858119, 49.188765317007913 ], [ -125.632349069044466, 49.18900599144974 ], [ -125.620323454410126, 49.174049353160328 ], [ -125.661789951588247, 49.138789119176501 ], [ -125.701638647881111, 49.094488250011757 ], [ -125.726457149175161, 49.082013887237387 ], [ -125.757670188664818, 49.084595952006111 ], [ -125.795048336645323, 49.102112058133429 ], [ -125.80990418224053, 49.10264255882683 ], [ -125.848320041517496, 49.114089415682116 ], [ -125.864746748222913, 49.123637158945129 ], [ -125.876772315513151, 49.138483794217983 ], [ -125.898538703576861, 49.136591854403953 ], [ -125.911431983682959, 49.113042727268855 ], [ -125.895738220633419, 49.093680370067077 ], [ -125.86731701144484, 49.069297438182033 ], [ -125.856802990479309, 49.063396203957183 ], [ -125.838323160154204, 49.062210442583343 ], [ -125.806309548419733, 49.065738791976948 ], [ -125.77299072100223, 49.064011681938695 ], [ -125.753168801306785, 49.057481484374101 ], [ -125.732904048495257, 49.035951005762051 ], [ -125.682775336818423, 49.009558183844511 ], [ -125.675260041977879, 48.993063526614371 ], [ -125.663655669366989, 48.985713067819233 ], [ -125.620921508141393, 48.975746334279563 ], [ -125.583726130550161, 48.958172687544426 ], [ -125.570648785672674, 48.941787939052332 ], [ -125.555625097879087, 48.937447706813437 ], [ -125.515378538883567, 48.93045577581416 ], [ -125.49888355806111, 48.917085084437637 ], [ -125.468104554465015, 48.918275705885812 ], [ -125.446634777304652, 48.927500569227895 ], [ -125.38824646066297, 48.970394538716917 ], [ -125.380495095647305, 48.982585922687512 ], [ -125.380883461098051, 48.997654660043786 ], [ -125.365106443327818, 49.006920235085204 ], [ -125.295531977137145, 49.024969130013694 ], [ -125.280562101979825, 49.020662432456128 ], [ -125.279249215108592, 49.011591285864526 ], [ -125.290418831251031, 49.000177569445796 ], [ -125.276235057006062, 48.982237475936572 ], [ -125.288596159865207, 48.972341543173442 ], [ -125.286062156095582, 48.958017409436032 ], [ -125.258220419746635, 48.944761578003821 ], [ -125.232943360393008, 48.941961421676886 ], [ -125.220553541994889, 48.948115125108572 ], [ -125.194025583518794, 48.995117251385921 ], [ -125.188846412707647, 49.021575343428488 ], [ -125.194019248361741, 49.046333008273677 ], [ -125.170071151437099, 49.056408322208128 ], [ -125.155238062608817, 49.055782235838862 ], [ -125.134087893061817, 49.032612299534186 ], [ -125.152818532907617, 48.993973218486751 ], [ -125.131919369213648, 48.982063498957267 ], [ -125.109915101119199, 48.968712082728238 ], [ -125.093878548908322, 48.970417442813336 ], [ -125.083784423542994, 48.979504749374442 ], [ -125.056263785402109, 48.984998483477938 ], [ -125.042470104186449, 48.982095615317192 ], [ -125.015742870750216, 48.951436880945863 ], [ -124.983727361141774, 48.958429586211082 ], [ -124.988657270536606, 48.979494624813881 ], [ -124.984216475812985, 48.988573551575399 ], [ -124.968179559136843, 48.990255662484174 ], [ -124.940704966234676, 48.988119420609166 ], [ -124.917845635245669, 48.992091091747675 ], [ -124.880323867930414, 49.014120473823297 ], [ -124.865644971013467, 49.032382167349773 ], [ -124.857886859480615, 49.055785405167391 ], [ -124.860558845804618, 49.081343990864205 ], [ -124.838028752061476, 49.115455356337542 ], [ -124.829415076026521, 49.156200078276804 ], [ -124.842936426802325, 49.229332470687105 ], [ -124.832728590672502, 49.238400481241399 ], [ -124.818705772294336, 49.227940142724215 ], [ -124.80695455999863, 49.201576668922648 ], [ -124.789283007590214, 49.171547851270745 ], [ -124.787710926460846, 49.132301483324319 ], [ -124.824055712846317, 49.012248238218575 ], [ -124.840931536424321, 48.989520059288949 ], [ -124.86592698002454, 48.965978758390982 ], [ -124.88415301807234, 48.959837510113488 ], [ -124.907057515075692, 48.959688033251581 ], [ -124.927467779577213, 48.952798943032555 ], [ -124.940018283930499, 48.942907162058745 ], [ -124.982056936627473, 48.923036225851781 ], [ -124.997635681890799, 48.898770362067594 ], [ -125.014519821508358, 48.887391363461767 ], [ -125.038224988515793, 48.866111990736364 ], [ -125.072192695137772, 48.850730085309038 ], [ -125.107166206838102, 48.829421011251384 ], [ -125.128711307284959, 48.82015520887861 ], [ -125.169278640013019, 48.794881396882765 ], [ -125.175809054918048, 48.78132387504872 ], [ -125.170811466579892, 48.760286034402824 ], [ -125.143566236052308, 48.765756494948604 ], [ -125.127619290231465, 48.767465800856016 ], [ -125.109209705961959, 48.758592503363211 ], [ -125.095109609971416, 48.733091226754603 ], [ -125.080192807048221, 48.724942690653727 ], [ -125.035521429293439, 48.711698322976858 ], [ -125.00934552145219, 48.711217753146627 ], [ -124.98075726050962, 48.703885402129664 ], [ -124.965886416595907, 48.699455749137691 ], [ -124.927082565098004, 48.689929798285327 ], [ -124.884669748515009, 48.668410627421011 ], [ -124.853023070025344, 48.682857183529769 ], [ -124.804482773115012, 48.71257016735354 ], [ -124.786514027403996, 48.73375062983115 ], [ -124.758277839392335, 48.756463387267743 ], [ -124.73580198379257, 48.786696148580887 ], [ -124.725713467215115, 48.799555860929104 ], [ -124.690335966362483, 48.801967253528375 ], [ -124.677624042471521, 48.789207437093296 ], [ -124.703441529959235, 48.748411471044491 ], [ -124.727262586683551, 48.731034804037165 ], [ -124.801606269086307, 48.664365702695157 ], [ -124.814957824086576, 48.641007496454719 ], [ -124.801117265143773, 48.623020396179768 ], [ -124.780648293148403, 48.61855285636036 ], [ -124.76356501349477, 48.61868273605041 ], [ -124.733763555075569, 48.594710531783853 ], [ -124.699575537281234, 48.583591784296402 ], [ -124.64058057712937, 48.569550953140656 ], [ -124.601943394815393, 48.563632678186558 ], [ -124.570021323332, 48.548008335254657 ], [ -124.541614486940233, 48.540551102875057 ], [ -124.517924431681678, 48.542860045508576 ], [ -124.449874893791801, 48.569336879056848 ], [ -124.419233913907107, 48.558877388435505 ], [ -124.424893521623829, 48.547550975053959 ], [ -124.444203821734575, 48.535480496960375 ], [ -124.449719394461653, 48.52419630168913 ], [ -124.441823569540176, 48.509967517462094 ], [ -124.415706999423222, 48.505436568109339 ], [ -124.361345134434814, 48.512323381189368 ], [ -124.325088523542675, 48.505530872599479 ], [ -124.304670326233563, 48.497275608932739 ], [ -124.276424455239265, 48.474777200632637 ], [ -124.216539306310864, 48.443833695077863 ], [ -124.167967505334076, 48.428072578053722 ], [ -124.132954502592256, 48.422732599690022 ], [ -124.079807043288312, 48.419674283198013 ], [ -124.01888337079167, 48.405938750092794 ], [ -123.920825894899721, 48.372584903267779 ], [ -123.865625078685582, 48.35881086961674 ], [ -123.844315406860261, 48.352703935975036 ], [ -123.783423243209185, 48.346360444860771 ], [ -123.741590425878016, 48.346937488690756 ], [ -123.718006595121693, 48.341551287089814 ], [ -123.657777843012511, 48.297521454194737 ], [ -123.621338177154442, 48.316844120610305 ], [ -123.605566313686452, 48.314490037733961 ], [ -123.578793502741021, 48.30074598875823 ], [ -123.55407362485343, 48.297599329964136 ], [ -123.530276802837108, 48.307196594572225 ], [ -123.526392633459054, 48.332667715033168 ], [ -123.514856506087668, 48.347652413147216 ], [ -123.478379923746061, 48.363117814858185 ], [ -123.456244892065584, 48.39833965603475 ], [ -123.432434169289593, 48.404112496561311 ], [ -123.372565485179592, 48.40284575150163 ], [ -123.326469130385078, 48.389564227004314 ], [ -123.311789981402598, 48.388697940937448 ], [ -123.278289460141906, 48.423690760096221 ], [ -123.268775920691937, 48.437871052223542 ], [ -123.270872984796341, 48.448445137120665 ], [ -123.29715822764804, 48.484822140128315 ], [ -123.321770512243631, 48.499352629971192 ], [ -123.349915925846446, 48.507172461517733 ], [ -123.363060837465724, 48.521580005902223 ], [ -123.363146436881792, 48.571947031262688 ], [ -123.372859905093009, 48.593148667882822 ], [ -123.388537924086478, 48.606859114226204 ], [ -123.390492395674173, 48.617394638693781 ], [ -123.387891034690227, 48.636961180478188 ], [ -123.391653623620016, 48.673124858824224 ], [ -123.401654422463295, 48.679201666603376 ], [ -123.43460017653338, 48.68182224291548 ], [ -123.457554273463046, 48.674470139763898 ], [ -123.445486126309902, 48.654011783112047 ], [ -123.433331446749435, 48.637368593567579 ], [ -123.444958932636666, 48.622376508378586 ], [ -123.46432897039773, 48.614273274673913 ], [ -123.466401920133777, 48.574432054339063 ], [ -123.471184538519609, 48.557941008900706 ], [ -123.498779354914191, 48.541590847448262 ], [ -123.515986072962008, 48.526682258716733 ], [ -123.528611276203108, 48.520719929108104 ], [ -123.541888481537612, 48.535189625299452 ], [ -123.506571473215914, 48.606388169049787 ], [ -123.513606928439572, 48.650802506971729 ], [ -123.563713936250849, 48.715221640094654 ], [ -123.610010938138601, 48.739562137386606 ], [ -123.621234214954157, 48.747230252473329 ], [ -123.627843533721361, 48.760085523084321 ], [ -123.582453840642302, 48.752219947491724 ], [ -123.573083863770506, 48.762714750762385 ], [ -123.577478983685154, 48.77628330928971 ], [ -123.591990943876425, 48.795986306364625 ], [ -123.583622607193305, 48.815445262107545 ], [ -123.604932109233104, 48.836765409027421 ], [ -123.747595323714279, 48.929495502660387 ], [ -123.757566282221163, 48.950686554501843 ], [ -123.752677151309271, 48.974772342274171 ], [ -123.738576967716597, 49.005526628510168 ], [ -123.738319911739012, 49.024417213400021 ], [ -123.756409826536711, 49.044814456347311 ], [ -123.78818013159551, 49.068419257006973 ], [ -123.804049684122717, 49.093344045958247 ], [ -123.816456190910543, 49.106268820882853 ], [ -123.857702884839526, 49.123022017553502 ], [ -123.894311910460573, 49.141267144987154 ], [ -123.912493426238456, 49.157945385597927 ], [ -123.924983478857484, 49.182084461035231 ], [ -123.929378821090282, 49.203217614972289 ], [ -123.946552270277948, 49.222142040964229 ], [ -123.964910989520916, 49.23125109985515 ], [ -123.985525608479946, 49.23582133004227 ], [ -124.048912796345164, 49.232245954942194 ], [ -124.099628286276101, 49.245905726867662 ], [ -124.118030504022073, 49.254988455144648 ], [ -124.152494762909654, 49.285169255505615 ], [ -124.175475596029699, 49.292760186198947 ], [ -124.22859433313107, 49.29806986512255 ], [ -124.259800687334632, 49.308700801893664 ], [ -124.291006667254791, 49.326766762356932 ], [ -124.336051788230307, 49.344134715881403 ], [ -124.3960895437489, 49.350835749966443 ], [ -124.441152527179256, 49.353063401444984 ], [ -124.514115296538506, 49.361198899497253 ], [ -124.583553968016773, 49.379836453004728 ], [ -124.664772390760959, 49.413516151044696 ], [ -124.720592687785938, 49.432882098674277 ], [ -124.763593200312414, 49.45083004110424 ], [ -124.795134135130922, 49.468743175845965 ], [ -124.844278444809163, 49.501727956283652 ], [ -124.890325352536294, 49.564071186833232 ], [ -124.919722928320439, 49.586557956153889 ], [ -124.928048943933291, 49.604631628462762 ], [ -124.970797946221381, 49.654977690920205 ], [ -124.96532854389234, 49.677659487553314 ], [ -124.950274887051009, 49.680745812874676 ], [ -124.924456136666905, 49.670404737225425 ], [ -124.896363789790286, 49.660715252772448 ], [ -124.87788398919443, 49.670706987790183 ], [ -124.878083218953023, 49.685812627635002 ], [ -124.880639401049095, 49.700144276637552 ], [ -124.906581575182202, 49.721903078930914 ], [ -124.981024470044119, 49.778786041325837 ], [ -125.038858780399138, 49.818419488191772 ], [ -125.112142883986223, 49.854833610058627 ], [ -125.125494944556493, 49.882744881738446 ], [ -125.138679733859576, 49.895492785357291 ], [ -125.155244215776264, 49.905185985524973 ], [ -125.190693043554859, 49.919943410033653 ], [ -125.256859935612539, 50.004203790903432 ], [ -125.28005262938683, 50.036491833814125 ], [ -125.315231842263898, 50.080024990431106 ], [ -125.367927794256644, 50.115780175902351 ], [ -125.382667887438387, 50.141365422695593 ], [ -125.385811739310682, 50.214721574790246 ], [ -125.424216303952846, 50.24003942403408 ], [ -125.441544366704761, 50.264793478898383 ], [ -125.459342615270614, 50.312317028581724 ], [ -125.486090753837175, 50.333923187441847 ], [ -125.518173442771925, 50.340393239090602 ], [ -125.566757056751371, 50.341308476045064 ], [ -125.643387044211551, 50.33264556579649 ], [ -125.697981895214625, 50.333411906114605 ], [ -125.762191367331681, 50.3423231717031 ], [ -125.817496891041742, 50.365676699058746 ], [ -125.847183144112634, 50.365211217268218 ], [ -125.879203234204809, 50.367729152161182 ], [ -125.937050479557897, 50.390293406972013 ], [ -126.001877529532194, 50.410362134746862 ], [ -126.059303136939207, 50.421470473310265 ], [ -126.116364334491067, 50.424995237567401 ], [ -126.339233060672314, 50.442600195450773 ], [ -126.369293186076504, 50.449569437695899 ], [ -126.523552166688717, 50.467426462902644 ], [ -126.571968408982798, 50.464053513243186 ], [ -126.652381287014151, 50.497787345130526 ], [ -126.730949518961836, 50.518646731240118 ], [ -126.789779727428908, 50.527004665487603 ], [ -126.837309678412737, 50.525791616350638 ], [ -126.85796393560355, 50.53205483124141 ], [ -126.904907663318198, 50.558166613900227 ], [ -126.947181303480889, 50.568370975733487 ], [ -126.970969713884386, 50.567730203958959 ] ] ] } },
{ "type": "Feature", "properties": { "island": null }, "geometry": { "type": "Polygon", "coordinates": [ [ [ -126.766486498521971, 50.848464949072039 ], [ -126.746612677094362, 50.857338068806463 ], [ -126.759559135264553, 50.872241733751117 ], [ -126.777747376022802, 50.875514601694 ], [ -126.813377609365091, 50.870853707178007 ], [ -126.848052735811464, 50.868469015851709 ], [ -126.872672880235228, 50.857918082258635 ], [ -126.876571918532747, 50.8449819796827 ], [ -126.839362821849704, 50.844440675736173 ], [ -126.766486498521971, 50.848464949072039 ] ] ] } },
{ "type": "Feature", "properties": { "island": null }, "geometry": { "type": "Polygon", "coordinates": [ [ [ -128.665190881200857, 50.784641239632819 ], [ -128.642529898642408, 50.796981901159384 ], [ -128.666748121357159, 50.809669435895636 ], [ -128.685562821757316, 50.806529296851593 ], [ -128.665190881200857, 50.784641239632819 ] ] ] } },
{ "type": "Feature", "properties": { "island": null }, "geometry": { "type": "Polygon", "coordinates": [ [ [ -126.581443170074223, 50.779346574784348 ], [ -126.566260876227332, 50.786453718416823 ], [ -126.595809820883105, 50.82074337065653 ], [ -126.610496724999209, 50.82720190127452 ], [ -126.651755783761288, 50.836108913575657 ], [ -126.683067296579566, 50.836898600244297 ], [ -126.783814171056505, 50.819210377663453 ], [ -126.826766574715776, 50.815898751621042 ], [ -126.88086678892985, 50.81827229489442 ], [ -126.889831738140472, 50.807387931536788 ], [ -126.873657275445765, 50.799511421684457 ], [ -126.803862977063574, 50.775474696409532 ], [ -126.771232419554593, 50.769413310661335 ], [ -126.737098007706976, 50.779445813619233 ], [ -126.704353608070008, 50.773403458929835 ], [ -126.67064666809334, 50.790893920219773 ], [ -126.649322953160436, 50.794475055398294 ], [ -126.620041563498404, 50.785247893587311 ], [ -126.581443170074223, 50.779346574784348 ] ] ] } },
{ "type": "Feature", "properties": { "island": null }, "geometry": { "type": "Polygon", "coordinates": [ [ [ -128.583429259793263, 50.760060004356617 ], [ -128.561669931785104, 50.770154397638272 ], [ -128.548623006778598, 50.782876992984875 ], [ -128.552148375252244, 50.793306456665185 ], [ -128.574107777645338, 50.796986815892119 ], [ -128.609157615960896, 50.787811627710681 ], [ -128.618480157046037, 50.774476019904959 ], [ -128.605296632128017, 50.763657099376196 ], [ -128.583429259793263, 50.760060004356617 ] ] ] } },
{ "type": "Feature", "properties": { "island": null }, "geometry": { "type": "Polygon", "coordinates": [ [ [ -126.284416175143875, 50.65600231505865 ], [ -126.262160899490198, 50.665587793102276 ], [ -126.250258845854262, 50.690822629044682 ], [ -126.19452614333818, 50.725284353554748 ], [ -126.184433357963016, 50.738384037534651 ], [ -126.19020810580092, 50.759513527932697 ], [ -126.214843980242634, 50.774212580408495 ], [ -126.297638058037776, 50.803649722921769 ], [ -126.339446595921729, 50.80279872297853 ], [ -126.414757162416123, 50.776935392716702 ], [ -126.527876760845615, 50.720634070832055 ], [ -126.555328857520578, 50.699501264698739 ], [ -126.566833402077904, 50.670390791509114 ], [ -126.55740294038101, 50.648639653690481 ], [ -126.535231802231422, 50.636966599474704 ], [ -126.490890920930681, 50.634925733789039 ], [ -126.467529569888299, 50.643009669010716 ], [ -126.464882235610801, 50.661308745633868 ], [ -126.455703425018612, 50.668388446547013 ], [ -126.418601642554705, 50.667613981223894 ], [ -126.392738191624488, 50.651538513625709 ], [ -126.360283300803815, 50.645348203020951 ], [ -126.336563184146996, 50.649600398056165 ], [ -126.284416175143875, 50.65600231505865 ] ] ] } },
{ "type": "Feature", "properties": { "island": null }, "geometry": { "type": "Polygon", "coordinates": [ [ [ -126.659697588862755, 50.725105457067812 ], [ -126.646873552406248, 50.731521258470373 ], [ -126.651428545606549, 50.747356023420991 ], [ -126.684067553933573, 50.753333703796748 ], [ -126.697921692415392, 50.74470577631994 ], [ -126.695953028103972, 50.731883817536989 ], [ -126.684883093366963, 50.726039874462202 ], [ -126.659697588862755, 50.725105457067812 ] ] ] } },
{ "type": "Feature", "properties": { "island": null }, "geometry": { "type": "Polygon", "coordinates": [ [ [ -126.631606989603384, 50.674991681224029 ], [ -126.612083091634332, 50.687550086996126 ], [ -126.633635792680892, 50.709011164320962 ], [ -126.662772459160195, 50.697033147344612 ], [ -126.657272206520958, 50.683486981390679 ], [ -126.631606989603384, 50.674991681224029 ] ] ] } },
{ "type": "Feature", "properties": { "island": null }, "geometry": { "type": "Polygon", "coordinates": [ [ [ -126.858261691017333, 50.613269992473093 ], [ -126.83621217282483, 50.622860100973348 ], [ -126.856629170444393, 50.642845067432837 ], [ -126.913550909323234, 50.655803250517359 ], [ -127.031883365859159, 50.658676358622323 ], [ -127.069503851314593, 50.666694933837654 ], [ -127.113517265041068, 50.664684845849564 ], [ -127.134529229895477, 50.657245407948075 ], [ -127.134193813515125, 50.636051445763542 ], [ -127.115539988979791, 50.62517187239385 ], [ -127.099990810390466, 50.624885315205532 ], [ -127.055290678976021, 50.632938045531006 ], [ -127.026549546434211, 50.631511159222796 ], [ -127.001900152559188, 50.620777459017972 ], [ -126.981498091988414, 50.618255690549489 ], [ -126.92582632628573, 50.624321218899304 ], [ -126.905144311476377, 50.618072009994926 ], [ -126.858261691017333, 50.613269992473093 ] ] ] } },
{ "type": "Feature", "properties": { "island": null }, "geometry": { "type": "Polygon", "coordinates": [ [ [ -126.409415927413306, 50.582141759231362 ], [ -126.396728018003984, 50.588481797939515 ], [ -126.378318477185331, 50.602538957818211 ], [ -126.387305750161303, 50.616706653373512 ], [ -126.420837423166461, 50.61676022588675 ], [ -126.456282465565351, 50.612228624839588 ], [ -126.500588113428634, 50.61428516515462 ], [ -126.527732483999586, 50.610640983800366 ], [ -126.51849270134305, 50.592651198952787 ], [ -126.48523705225314, 50.575152992523385 ], [ -126.455405929046478, 50.572010643841388 ], [ -126.409415927413306, 50.582141759231362 ] ] ] } },
{ "type": "Feature", "properties": { "island": null }, "geometry": { "type": "Polygon", "coordinates": [ [ [ -126.22254243388123, 50.536678277982453 ], [ -126.209824113397076, 50.54299198859421 ], [ -126.210356859326922, 50.554302054156636 ], [ -126.279083344084029, 50.596210863536861 ], [ -126.296012098420618, 50.601894237317254 ], [ -126.299889278375204, 50.585155274344892 ], [ -126.260193000416436, 50.552592995945979 ], [ -126.240599896079559, 50.540126584186012 ], [ -126.22254243388123, 50.536678277982453 ] ] ] } },
{ "type": "Feature", "properties": { "island": null }, "geometry": { "type": "Polygon", "coordinates": [ [ [ -126.727417165960375, 50.560386791696935 ], [ -126.717758619949691, 50.577369783162709 ], [ -126.758903496979599, 50.586181782942397 ], [ -126.777976454939221, 50.587242352042743 ], [ -126.793266285814965, 50.583743791358309 ], [ -126.770621939282293, 50.564655592426448 ], [ -126.727417165960375, 50.560386791696935 ] ] ] } },
{ "type": "Feature", "properties": { "island": null }, "geometry": { "type": "Polygon", "coordinates": [ [ [ -126.569282636918132, 50.563385371035451 ], [ -126.556641271584837, 50.573543064781767 ], [ -126.570502860803444, 50.586128757310952 ], [ -126.612197693683044, 50.585117601583953 ], [ -126.638588476431565, 50.58757025060261 ], [ -126.64598823918908, 50.571498907807687 ], [ -126.617812717313186, 50.559993677542863 ], [ -126.594016470146371, 50.560547319723888 ], [ -126.569282636918132, 50.563385371035451 ] ] ] } },
{ "type": "Feature", "properties": { "island": null }, "geometry": { "type": "Polygon", "coordinates": [ [ [ -126.323448017850069, 50.505867012213805 ], [ -126.291846361939164, 50.518600332003672 ], [ -126.302582705019901, 50.541915833748682 ], [ -126.324432626385715, 50.54979722669983 ], [ -126.34198680987069, 50.566863908239469 ], [ -126.358466691577163, 50.564982891491333 ], [ -126.423232108766882, 50.548485026491512 ], [ -126.470328596795994, 50.539898169753265 ], [ -126.54638743856195, 50.536654805376969 ], [ -126.593613099622019, 50.531765011527561 ], [ -126.603866564470508, 50.522426813717047 ], [ -126.593673575773479, 50.510536420929796 ], [ -126.579246335816819, 50.507835327866779 ], [ -126.47852321523122, 50.513916657271096 ], [ -126.450896866412378, 50.509918058993478 ], [ -126.426537076770643, 50.499126461843815 ], [ -126.408477679974382, 50.49571269346562 ], [ -126.37095623260619, 50.504878509902476 ], [ -126.323448017850069, 50.505867012213805 ] ] ] } },
{ "type": "Feature", "properties": { "island": null }, "geometry": { "type": "Polygon", "coordinates": [ [ [ -125.782340616164106, 50.406422137427363 ], [ -125.767150571541848, 50.413398340683194 ], [ -125.776100014796455, 50.43152629942081 ], [ -125.801719823958479, 50.451583628732131 ], [ -125.909507664331457, 50.443767406928366 ], [ -125.929511510155578, 50.438911871401984 ], [ -125.939780708063225, 50.429683623728863 ], [ -125.92601028660421, 50.413185018828059 ], [ -125.855147644030367, 50.418137160924246 ], [ -125.804787158015841, 50.404540979767255 ], [ -125.782340616164106, 50.406422137427363 ] ] ] } },
{ "type": "Feature", "properties": { "island": null }, "geometry": { "type": "Polygon", "coordinates": [ [ [ -125.425749860636287, 50.336906756569491 ], [ -125.405853201532764, 50.345497340399852 ], [ -125.387168297613741, 50.355602559653271 ], [ -125.366562017691905, 50.381523186613045 ], [ -125.342010317743515, 50.395405032564767 ], [ -125.331558085811594, 50.404686324549743 ], [ -125.336708340013942, 50.418247549693042 ], [ -125.346411919746259, 50.426425732736796 ], [ -125.379783831228366, 50.434463738246421 ], [ -125.396477628442511, 50.436538953911374 ], [ -125.416587055095704, 50.435543078544789 ], [ -125.440063054824165, 50.423836128677941 ], [ -125.452490848765024, 50.402557552139989 ], [ -125.461447654756881, 50.384273342304539 ], [ -125.49313284636753, 50.371727013812318 ], [ -125.497596672103867, 50.362583037621889 ], [ -125.486526003864839, 50.349067765727206 ], [ -125.476822099565439, 50.340904696714901 ], [ -125.425749860636287, 50.336906756569491 ] ] ] } },
{ "type": "Feature", "properties": { "island": null }, "geometry": { "type": "Polygon", "coordinates": [ [ [ -125.184837099826836, 50.312191447601926 ], [ -125.148481769728335, 50.326167922058751 ], [ -125.143928615396078, 50.335297065479693 ], [ -125.158737461609576, 50.360893262369977 ], [ -125.182770135596343, 50.379581351196087 ], [ -125.23446594819174, 50.410160048118456 ], [ -125.267966724931838, 50.421947777580122 ], [ -125.28325545810938, 50.41880458187449 ], [ -125.303756212318575, 50.385227070301632 ], [ -125.301742342091131, 50.349658964913203 ], [ -125.313491694160078, 50.341984003176044 ], [ -125.334685512137, 50.338687616477742 ], [ -125.365097369422685, 50.32854477643663 ], [ -125.377608741143078, 50.307163730407268 ], [ -125.367797890971914, 50.29139741677713 ], [ -125.346313253213054, 50.287071766201699 ], [ -125.326369812497433, 50.291888857230191 ], [ -125.285492703793679, 50.314972389554214 ], [ -125.264312144631802, 50.318252305605398 ], [ -125.233306075469841, 50.309432865396097 ], [ -125.184837099826836, 50.312191447601926 ] ] ] } },
{ "type": "Feature", "properties": { "island": null }, "geometry": { "type": "Polygon", "coordinates": [ [ [ -125.557372861403095, 50.380775561980961 ], [ -125.528083797837468, 50.392544243691759 ], [ -125.518981185426796, 50.403240703298628 ], [ -125.531082348378149, 50.414481765551606 ], [ -125.55129199022862, 50.413417895107479 ], [ -125.578392443857453, 50.410034155775016 ], [ -125.673041780410983, 50.401149478620972 ], [ -125.750763325169146, 50.386451928038113 ], [ -125.762359074246618, 50.378639785124641 ], [ -125.755951263222642, 50.367423733804074 ], [ -125.738128331708978, 50.363849646156382 ], [ -125.708381762350228, 50.360526779840541 ], [ -125.557372861403095, 50.380775561980961 ] ] ] } },
{ "type": "Feature", "properties": { "island": null }, "geometry": { "type": "Polygon", "coordinates": [ [ [ -125.094918456655861, 50.366733967693257 ], [ -125.086822345389749, 50.382717070610845 ], [ -125.098929311655169, 50.393966810848283 ], [ -125.116751855151207, 50.393775973245639 ], [ -125.122413970356476, 50.382457386361779 ], [ -125.115081026259233, 50.373394358356727 ], [ -125.094918456655861, 50.366733967693257 ] ] ] } },
{ "type": "Feature", "properties": { "island": null }, "geometry": { "type": "Polygon", "coordinates": [ [ [ -124.979538361910926, 50.267669359688426 ], [ -124.968970463312147, 50.276832699048036 ], [ -124.966843392431826, 50.289001562851666 ], [ -124.997703556137679, 50.297825031033675 ], [ -125.014129793119452, 50.292411911936775 ], [ -125.01406073636376, 50.281066714036285 ], [ -125.002006308932138, 50.269809706874483 ], [ -124.979538361910926, 50.267669359688426 ] ] ] } },
{ "type": "Feature", "properties": { "island": null }, "geometry": { "type": "Polygon", "coordinates": [ [ [ -125.121727662395003, 50.23025514579821 ], [ -125.110106149529059, 50.237865141704134 ], [ -125.099868885667789, 50.258422775692573 ], [ -125.102630406834749, 50.280365158405537 ], [ -125.11595172971326, 50.296890421427655 ], [ -125.181930875214221, 50.282657578727566 ], [ -125.175613564394752, 50.263817082089325 ], [ -125.170516222126054, 50.250255543108487 ], [ -125.160819654672537, 50.238231601729687 ], [ -125.146506468621652, 50.231494815645931 ], [ -125.121727662395003, 50.23025514579821 ] ] ] } },
{ "type": "Feature", "properties": { "island": null }, "geometry": { "type": "Polygon", "coordinates": [ [ [ -124.810837226479791, 50.108276310242616 ], [ -124.78273846555075, 50.121341554577427 ], [ -124.76171907547149, 50.139568736824046 ], [ -124.75727095418442, 50.152466189750065 ], [ -124.776413159132574, 50.176586150532259 ], [ -124.802542686390822, 50.194572484639323 ], [ -124.821768600316815, 50.222522937679607 ], [ -124.810517183982043, 50.264210274918987 ], [ -124.818908436979953, 50.274742253644433 ], [ -124.845970166823435, 50.271563997019221 ], [ -124.870985394045505, 50.284255919277207 ], [ -124.897116728258823, 50.294754490556159 ], [ -124.914902310521526, 50.294601492703372 ], [ -124.935692706440378, 50.261192229253702 ], [ -124.940039843253004, 50.240691718555468 ], [ -124.929129898167247, 50.219528508711086 ], [ -124.883742753003219, 50.188815979540735 ], [ -124.864722355461737, 50.168506981610875 ], [ -124.859749370060712, 50.154934264070121 ], [ -124.855927213121262, 50.1277162656813 ], [ -124.836800159957974, 50.111198644893683 ], [ -124.810837226479791, 50.108276310242616 ] ] ] } },
{ "type": "Feature", "properties": { "island": null }, "geometry": { "type": "Polygon", "coordinates": [ [ [ -124.684189467703774, 50.153564222031612 ], [ -124.662979299928935, 50.164223002408441 ], [ -124.653869297683926, 50.193805932866638 ], [ -124.65769856212026, 50.228588264462175 ], [ -124.685173399736925, 50.26327880069811 ], [ -124.699509090233533, 50.27379636800697 ], [ -124.720770885961471, 50.282062382236752 ], [ -124.736182789604499, 50.278961530833989 ], [ -124.760719372524008, 50.257686350154067 ], [ -124.770941449539407, 50.22578102064616 ], [ -124.762571776948249, 50.21524475360787 ], [ -124.731780727933113, 50.202515003410397 ], [ -124.716269992493935, 50.186721556916659 ], [ -124.711440869716853, 50.1692663374671 ], [ -124.701890232109747, 50.157200267549975 ], [ -124.684189467703774, 50.153564222031612 ] ] ] } },
{ "type": "Feature", "properties": { "island": null }, "geometry": { "type": "Polygon", "coordinates": [ [ [ -125.151081265830157, 49.984637490460578 ], [ -125.140670594799104, 50.003078351669934 ], [ -125.162643074948207, 50.041450943471389 ], [ -125.200104184885063, 50.091747041741982 ], [ -125.193528355330145, 50.113037268333322 ], [ -125.171562503265349, 50.133663534444025 ], [ -125.164786518391608, 50.143532200410434 ], [ -125.153685474949242, 50.177696281006632 ], [ -125.157624430661883, 50.19356934381662 ], [ -125.180632314115783, 50.222103419495213 ], [ -125.214277677704203, 50.249043019234215 ], [ -125.23249836403906, 50.271560889622542 ], [ -125.259948461189737, 50.28348510244286 ], [ -125.286003611545027, 50.286213408700725 ], [ -125.332991948518028, 50.274414139329338 ], [ -125.342140677485347, 50.259857690828696 ], [ -125.323996966060903, 50.244949631726392 ], [ -125.289741410347034, 50.243045814357885 ], [ -125.279907381254901, 50.227199872146763 ], [ -125.304496316329249, 50.220928227917597 ], [ -125.336486303184586, 50.223579823397905 ], [ -125.34323138330744, 50.21369533520572 ], [ -125.33107748257386, 50.198726756603129 ], [ -125.322350023241398, 50.176818537778757 ], [ -125.325363289939219, 50.158622878748915 ], [ -125.318877721888967, 50.135967286597051 ], [ -125.26347379781113, 50.085846111634631 ], [ -125.198433850168186, 50.012355899199427 ], [ -125.174779200717467, 49.991968889647822 ], [ -125.151081265830157, 49.984637490460578 ] ] ] } },
{ "type": "Feature", "properties": { "island": null }, "geometry": { "type": "Polygon", "coordinates": [ [ [ -125.09834958858184, 50.119891798937367 ], [ -125.087851356538835, 50.129058457097727 ], [ -125.076691835082144, 50.163215380361919 ], [ -125.060516635249684, 50.176182310124979 ], [ -125.03362297674812, 50.18700833309412 ], [ -125.027908870093157, 50.198437087338853 ], [ -125.041443312743453, 50.226348740944687 ], [ -125.054443521511502, 50.231495332114548 ], [ -125.08952330703147, 50.212280494332987 ], [ -125.116226127720935, 50.131122748858466 ], [ -125.09834958858184, 50.119891798937367 ] ] ] } },
{ "type": "Feature", "properties": { "island": null }, "geometry": { "type": "Polygon", "coordinates": [ [ [ -124.962347747281839, 50.012755890784739 ], [ -124.945106435757822, 50.035591072182335 ], [ -124.919418010571462, 50.044075396956423 ], [ -124.895911931919315, 50.044223944534181 ], [ -124.885557987027624, 50.060912739979777 ], [ -124.895461669034972, 50.099506747507291 ], [ -124.924667429971166, 50.158321407301514 ], [ -124.970360421294856, 50.211738261456375 ], [ -124.992736787158066, 50.210045410371883 ], [ -124.995902531748271, 50.191856313499791 ], [ -124.966018650305955, 50.165588624535879 ], [ -124.962181120745626, 50.149712096289747 ], [ -124.980682130853779, 50.128391242443065 ], [ -125.029877085250732, 50.112125160746082 ], [ -125.035582468238488, 50.100704023811879 ], [ -125.024803220278798, 50.08722717088407 ], [ -125.004668130281871, 50.084350696149912 ], [ -124.99281349511493, 50.076813160412932 ], [ -124.988777632222479, 50.0496487634313 ], [ -124.994216203546387, 50.023098101016423 ], [ -124.984618128369021, 50.007316588368177 ], [ -124.962347747281839, 50.012755890784739 ] ] ] } },
{ "type": "Feature", "properties": { "island": null }, "geometry": { "type": "Polygon", "coordinates": [ [ [ -127.228287654703024, 50.055698157575442 ], [ -127.208830743140297, 50.064559564391011 ], [ -127.22168729939834, 50.079364924241517 ], [ -127.239357517993781, 50.078792368333069 ], [ -127.245133053136783, 50.06121087842309 ], [ -127.228287654703024, 50.055698157575442 ] ] ] } },
{ "type": "Feature", "properties": { "island": null }, "geometry": { "type": "Polygon", "coordinates": [ [ [ -125.043852716346919, 50.037086944531104 ], [ -125.030982204158576, 50.043277690300862 ], [ -125.031250064630612, 50.05465329635053 ], [ -125.04785216112505, 50.06436875037263 ], [ -125.065338702562315, 50.060398401937533 ], [ -125.072227534112415, 50.046745196191381 ], [ -125.059089447024249, 50.037815421152331 ], [ -125.043852716346919, 50.037086944531104 ] ] ] } },
{ "type": "Feature", "properties": { "island": null }, "geometry": { "type": "Polygon", "coordinates": [ [ [ -124.7700727156314, 50.045707687570591 ], [ -124.741446861202064, 50.001953407234609 ], [ -124.721559083915281, 49.985961617741964 ], [ -124.697960118850645, 49.978523771846689 ], [ -124.682808398741926, 49.985404585572724 ], [ -124.695807733804799, 50.022575083378356 ], [ -124.690193310734699, 50.037766195060989 ], [ -124.700851996919738, 50.051277344046426 ], [ -124.718468406957641, 50.051280888975697 ], [ -124.747726315828913, 50.043517772287821 ], [ -124.7700727156314, 50.045707687570591 ] ] ] } },
{ "type": "Feature", "properties": { "island": null }, "geometry": { "type": "Polygon", "coordinates": [ [ [ -127.215278169782792, 50.006130119715969 ], [ -127.198173381555748, 50.014152448898855 ], [ -127.194106720198477, 50.023357277736977 ], [ -127.2116087165778, 50.036487352691566 ], [ -127.231460969050175, 50.0351293029129 ], [ -127.244468104311053, 50.018863693051173 ], [ -127.232917411882397, 50.00556216635222 ], [ -127.215278169782792, 50.006130119715969 ] ] ] } },
{ "type": "Feature", "properties": { "island": null }, "geometry": { "type": "Polygon", "coordinates": [ [ [ -127.298255888573209, 49.978338393746782 ], [ -127.266942705664391, 49.983854992131853 ], [ -127.264220068141569, 49.994559010315683 ], [ -127.269851867604274, 50.013535172865751 ], [ -127.29139747062672, 50.017437290096552 ], [ -127.304802006957075, 50.008666529639491 ], [ -127.309815914113599, 49.991632666031499 ], [ -127.298255888573209, 49.978338393746782 ] ] ] } },
{ "type": "Feature", "properties": { "island": null }, "geometry": { "type": "Polygon", "coordinates": [ [ [ -129.761157612152516, 55.35482343708582 ], [ -129.742176435260802, 55.36348796166363 ], [ -129.735981289435699, 55.403877379280708 ], [ -129.762882293862418, 55.402552449827596 ], [ -129.77868982371379, 55.380925795795022 ], [ -129.779346043874369, 55.358567689000715 ], [ -129.761157612152516, 55.35482343708582 ] ] ] } },
{ "type": "Feature", "properties": { "island": null }, "geometry": { "type": "Polygon", "coordinates": [ [ [ -130.371010939103286, 54.768672828634266 ], [ -130.319717181058166, 54.789277213269315 ], [ -130.288243926523108, 54.808723383589424 ], [ -130.233300830482733, 54.848667048212356 ], [ -130.203608320291892, 54.863427077828582 ], [ -130.151990803183253, 54.916298017449535 ], [ -130.155943053001664, 54.93297516300499 ], [ -130.187830592967032, 54.998379093790618 ], [ -130.204705615009459, 54.994385445160795 ], [ -130.243766318471017, 54.929835077999542 ], [ -130.294390274393123, 54.895464458198049 ], [ -130.341047281514449, 54.854379526191728 ], [ -130.408409149916878, 54.825927746692152 ], [ -130.443425834368071, 54.803210263179984 ], [ -130.44595827701167, 54.786094288210499 ], [ -130.425435510887695, 54.767190003703675 ], [ -130.40494311548639, 54.764479110102762 ], [ -130.371010939103286, 54.768672828634266 ] ] ] } },
{ "type": "Feature", "properties": { "island": null }, "geometry": { "type": "Polygon", "coordinates": [ [ [ -130.480823439904924, 54.692441466860984 ], [ -130.461979995969017, 54.70739893012184 ], [ -130.451298444824829, 54.723369772308814 ], [ -130.454807464004233, 54.73623863294101 ], [ -130.481386425793431, 54.767076172868933 ], [ -130.502183667335714, 54.779827290946784 ], [ -130.519502428740083, 54.779583431504236 ], [ -130.532516135195607, 54.746534857749232 ], [ -130.555145188320495, 54.738296309215777 ], [ -130.593153095338067, 54.750704735013315 ], [ -130.613080741101385, 54.74959555714041 ], [ -130.622007080787029, 54.732060461510066 ], [ -130.610517647673504, 54.711927919395961 ], [ -130.586607537228559, 54.696334492943258 ], [ -130.517212623138875, 54.687289428118682 ], [ -130.480823439904924, 54.692441466860984 ] ] ] } },
{ "type": "Feature", "properties": { "island": null }, "geometry": { "type": "Polygon", "coordinates": [ [ [ -130.319085632943256, 54.688375843783021 ], [ -130.2956185264662, 54.698917900508306 ], [ -130.2675904204836, 54.71508121828947 ], [ -130.24154612923175, 54.726532501741609 ], [ -130.227675172113692, 54.739613808857889 ], [ -130.219647182725822, 54.76469284799434 ], [ -130.232188987730865, 54.776336317793927 ], [ -130.274772604125928, 54.75095591248671 ], [ -130.346420805649785, 54.71696469039798 ], [ -130.354646247904498, 54.701798803014867 ], [ -130.355303536872356, 54.6894832833975 ], [ -130.319085632943256, 54.688375843783021 ] ] ] } },
{ "type": "Feature", "properties": { "island": null }, "geometry": { "type": "Polygon", "coordinates": [ [ [ -131.08255463226115, 54.570242671073466 ], [ -131.046922507947357, 54.585579585811786 ], [ -131.046567250459645, 54.597975404481858 ], [ -131.071072759409219, 54.601014171032944 ], [ -131.097489023645863, 54.593237742274241 ], [ -131.107715441269534, 54.58334678768658 ], [ -131.100483659890131, 54.573766366087874 ], [ -131.08255463226115, 54.570242671073466 ] ] ] } },
{ "type": "Feature", "properties": { "island": null }, "geometry": { "type": "Polygon", "coordinates": [ [ [ -124.907678551615987, 49.953151968946855 ], [ -124.88784860191339, 49.961628282214143 ], [ -124.87873098166088, 49.976082680974812 ], [ -124.895319974692669, 49.993404431521391 ], [ -124.915148484283719, 49.988678319541975 ], [ -124.932626965812517, 49.977229683833841 ], [ -124.934763261005116, 49.961322280559031 ], [ -124.92289205297466, 49.95389947476643 ], [ -124.907678551615987, 49.953151968946855 ] ] ] } },
{ "type": "Feature", "properties": { "island": null }, "geometry": { "type": "Polygon", "coordinates": [ [ [ -124.786540038830509, 49.922926438755333 ], [ -124.773783424894745, 49.932791542454403 ], [ -124.78564905931016, 49.947813389095224 ], [ -124.833807979512841, 49.952916667482839 ], [ -124.846547589122679, 49.946793650587814 ], [ -124.84992090145839, 49.936165940313565 ], [ -124.821712764753755, 49.926527704881167 ], [ -124.786540038830509, 49.922926438755333 ] ] ] } },
{ "type": "Feature", "properties": { "island": null }, "geometry": { "type": "Polygon", "coordinates": [ [ [ -124.654460977203684, 49.833531857248431 ], [ -124.625307923532574, 49.84501104053858 ], [ -124.627756820055026, 49.855524264626972 ], [ -124.653559988297829, 49.866071579893848 ], [ -124.681561530786226, 49.856884462076124 ], [ -124.672084876626286, 49.837251302962578 ], [ -124.654460977203684, 49.833531857248431 ] ] ] } },
{ "type": "Feature", "properties": { "island": "Nootka Island" }, "geometry": { "type": "Polygon", "coordinates": [ [ [ -126.660591776553218, 49.571647910390411 ], [ -126.647132728932718, 49.580238298973221 ], [ -126.637106978506338, 49.589549898697946 ], [ -126.618147556063875, 49.602139238544865 ], [ -126.615416985860477, 49.61655410160985 ], [ -126.627099770876072, 49.658603560928732 ], [ -126.63697280610721, 49.709005938360917 ], [ -126.669615468962576, 49.789883770907835 ], [ -126.690224050235031, 49.824916480746133 ], [ -126.714319666271763, 49.835696357470042 ], [ -126.75368121801003, 49.846815508343425 ], [ -126.802045347570498, 49.854619261189264 ], [ -126.872094539218722, 49.831608059748014 ], [ -126.905893551697631, 49.829215468632327 ], [ -126.936831064803101, 49.820109871326352 ], [ -126.950068189836685, 49.807647525968875 ], [ -126.938966955370262, 49.798023069247947 ], [ -126.918923474357328, 49.795620307935373 ], [ -126.894623799849867, 49.781144052351792 ], [ -126.880431037831343, 49.77849732080707 ], [ -126.812032839479741, 49.806714772965371 ], [ -126.78867764993646, 49.80731832735507 ], [ -126.775248944706121, 49.798624204387572 ], [ -126.778101984787611, 49.787939386998218 ], [ -126.824895374986298, 49.769308203919856 ], [ -126.852910602965693, 49.74973869070579 ], [ -126.887442785970634, 49.741200402344745 ], [ -126.939919103172585, 49.722401458628099 ], [ -126.941260606963297, 49.7064754109444 ], [ -126.917746720014534, 49.685979235914822 ], [ -126.878619906511446, 49.674891271136445 ], [ -126.828369285144149, 49.615734605553101 ], [ -126.806518425490538, 49.600418492912098 ], [ -126.785077882857536, 49.5926677683035 ], [ -126.732723498345834, 49.594000057141685 ], [ -126.708064448306615, 49.589338776889761 ], [ -126.684182016969331, 49.578643224735558 ], [ -126.660591776553218, 49.571647910390411 ] ] ] } },
{ "type": "Feature", "properties": { "island": null }, "geometry": { "type": "Polygon", "coordinates": [ [ [ -124.115095722981081, 49.649814006581501 ], [ -124.092962104778891, 49.658759651978912 ], [ -124.064680381835302, 49.716930365042458 ], [ -124.03656547622694, 49.737217076011255 ], [ -124.009648391544175, 49.751580207764263 ], [ -124.009564134798481, 49.762863622250926 ], [ -124.023435402031268, 49.773498822089138 ], [ -124.04216633666735, 49.775036340077037 ], [ -124.074837451067111, 49.768374803124019 ], [ -124.119248050330768, 49.750277367851346 ], [ -124.159060323339929, 49.722365209116035 ], [ -124.190677075956273, 49.6951536783832 ], [ -124.181344724690362, 49.675523674969604 ], [ -124.15463350324498, 49.655870894549182 ], [ -124.137206816599758, 49.648318358412475 ], [ -124.115095722981081, 49.649814006581501 ] ] ] } },
{ "type": "Feature", "properties": { "island": null }, "geometry": { "type": "Polygon", "coordinates": [ [ [ -124.156474974118808, 49.483690908241286 ], [ -124.136714100428705, 49.491999675314418 ], [ -124.134319265784526, 49.504034614216017 ], [ -124.144634730154507, 49.52523283490747 ], [ -124.17133238959191, 49.541128514806985 ], [ -124.221207271180049, 49.583417572877913 ], [ -124.372393892059407, 49.685381864554223 ], [ -124.454076875958151, 49.711697610945677 ], [ -124.606070054256534, 49.775538515930286 ], [ -124.622473697220457, 49.770163423971361 ], [ -124.631629549060165, 49.763315467888546 ], [ -124.637306114645625, 49.740644813836688 ], [ -124.63142308650815, 49.729342231634192 ], [ -124.589268311254415, 49.705310308642645 ], [ -124.512200153317252, 49.685139501153984 ], [ -124.467924979476166, 49.661786349026322 ], [ -124.412973720286303, 49.617327255638081 ], [ -124.386231489351644, 49.590170205237108 ], [ -124.353613629868008, 49.581866535967102 ], [ -124.322225894773567, 49.544952014850175 ], [ -124.304820229487959, 49.533603387352549 ], [ -124.25611385041465, 49.526802949399695 ], [ -124.205008024476882, 49.513211856234342 ], [ -124.177236342211017, 49.488222159192581 ], [ -124.156474974118808, 49.483690908241286 ] ] ] } },
{ "type": "Feature", "properties": { "island": null }, "geometry": { "type": "Polygon", "coordinates": [ [ [ -126.517244526797342, 49.608980583410741 ], [ -126.473802934035803, 49.645559906752624 ], [ -126.48282155601531, 49.663500347977575 ], [ -126.499407989750793, 49.669130118261592 ], [ -126.515507373907909, 49.663442370390896 ], [ -126.554379370580577, 49.628556365493736 ], [ -126.558529555647539, 49.619393097695614 ], [ -126.54983909861663, 49.609033087747761 ], [ -126.517244526797342, 49.608980583410741 ] ] ] } },
{ "type": "Feature", "properties": { "island": null }, "geometry": { "type": "Polygon", "coordinates": [ [ [ -124.733700288495342, 49.475900037083427 ], [ -124.718745511375047, 49.482774783414101 ], [ -124.717709259637402, 49.496347392034693 ], [ -124.745909295262223, 49.52488841982386 ], [ -124.771645196742085, 49.550411866506373 ], [ -124.791727093921764, 49.57225833653419 ], [ -124.823154301150311, 49.57881186813772 ], [ -124.829914010667366, 49.568988978736989 ], [ -124.815736882719193, 49.539623900976522 ], [ -124.802781925636296, 49.523106215806401 ], [ -124.775854420744196, 49.507379128220876 ], [ -124.747755556392448, 49.482557358670874 ], [ -124.733700288495342, 49.475900037083427 ] ] ] } },
{ "type": "Feature", "properties": { "island": null }, "geometry": { "type": "Polygon", "coordinates": [ [ [ -123.288609577526458, 49.504507370057674 ], [ -123.273159888811236, 49.518728992081385 ], [ -123.29033391263799, 49.53013823768439 ], [ -123.306586157813101, 49.528848245074499 ], [ -123.313818869538665, 49.519094484319837 ], [ -123.308324995369148, 49.507722537697362 ], [ -123.288609577526458, 49.504507370057674 ] ] ] } },
{ "type": "Feature", "properties": { "island": null }, "geometry": { "type": "Polygon", "coordinates": [ [ [ -124.653863756362171, 49.4890891168411 ], [ -124.601815536354707, 49.50808291066722 ], [ -124.594893503493836, 49.517933139212943 ], [ -124.60430976664118, 49.526237554789084 ], [ -124.621628589044491, 49.526176182225299 ], [ -124.655505750283382, 49.543368460838302 ], [ -124.67172628397401, 49.541849381540487 ], [ -124.688945781665538, 49.522932626774953 ], [ -124.68880896792831, 49.507830354534889 ], [ -124.672495834874553, 49.490503737348732 ], [ -124.653863756362171, 49.4890891168411 ] ] ] } },
{ "type": "Feature", "properties": { "island": null }, "geometry": { "type": "Polygon", "coordinates": [ [ [ -123.313337381738094, 49.440526018695415 ], [ -123.304929973244967, 49.456346103567604 ], [ -123.309171975443093, 49.469999431948544 ], [ -123.333778901170845, 49.507245272728035 ], [ -123.35687291958763, 49.514996272020852 ], [ -123.433992623439948, 49.490760656662019 ], [ -123.445795138605035, 49.479544371111366 ], [ -123.44494813745996, 49.462908474284603 ], [ -123.435944776263142, 49.450751328564756 ], [ -123.416558001732554, 49.4324639870471 ], [ -123.40273356774405, 49.429325193808559 ], [ -123.38643658690593, 49.434451683182324 ], [ -123.373497360012379, 49.444114955656566 ], [ -123.351622251754378, 49.441697171260834 ], [ -123.343710523168554, 49.430993219628483 ], [ -123.313337381738094, 49.440526018695415 ] ] ] } },
{ "type": "Feature", "properties": { "island": null }, "geometry": { "type": "Polygon", "coordinates": [ [ [ -124.178585801399436, 49.429361353282701 ], [ -124.161204908083334, 49.436910998479433 ], [ -124.165858181224465, 49.450483436963687 ], [ -124.177365463791077, 49.465555001227905 ], [ -124.212018700416735, 49.47693365783956 ], [ -124.236503957729354, 49.482262764393646 ], [ -124.289789363518935, 49.495110363855659 ], [ -124.339642915822893, 49.499599410557806 ], [ -124.359372614425311, 49.495074947386591 ], [ -124.361707616157588, 49.479205682925304 ], [ -124.344180793815426, 49.46408395337977 ], [ -124.234197179618349, 49.449006185687161 ], [ -124.202847973981989, 49.434655559738466 ], [ -124.178585801399436, 49.429361353282701 ] ] ] } },
{ "type": "Feature", "properties": { "island": null }, "geometry": { "type": "Polygon", "coordinates": [ [ [ -123.327161390360018, 49.396939742941861 ], [ -123.313435617448675, 49.389959029096026 ], [ -123.304013369536008, 49.396710589077543 ], [ -123.310703797977808, 49.40579332956672 ], [ -123.327161390360018, 49.396939742941861 ] ] ] } },
{ "type": "Feature", "properties": { "island": null }, "geometry": { "type": "Polygon", "coordinates": [ [ [ -123.327161390360018, 49.396939742941861 ], [ -123.395857409203458, 49.373424367027773 ], [ -123.4088512872069, 49.359935045030994 ], [ -123.411535508004889, 49.344103236678613 ], [ -123.391118712893274, 49.328063485514853 ], [ -123.373830723475422, 49.324122836666128 ], [ -123.349399718920338, 49.333714141740003 ], [ -123.334119848127827, 49.344113208018619 ], [ -123.32456814605375, 49.354606960725356 ], [ -123.313435617448675, 49.389959029096026 ], [ -123.327161390360018, 49.396939742941861 ] ] ] } },
{ "type": "Feature", "properties": { "island": null }, "geometry": { "type": "Polygon", "coordinates": [ [ [ -123.449494176515586, 49.356505056313381 ], [ -123.434249834940445, 49.363219352575669 ], [ -123.428283909422191, 49.37439626640851 ], [ -123.448739471172573, 49.390428918263297 ], [ -123.466149929256218, 49.386831108517043 ], [ -123.474542636281967, 49.371084618193308 ], [ -123.465539391393989, 49.358934349911685 ], [ -123.449494176515586, 49.356505056313381 ] ] ] } },
{ "type": "Feature", "properties": { "island": null }, "geometry": { "type": "Polygon", "coordinates": [ [ [ -126.077996295319238, 49.377954120157753 ], [ -126.056313212725215, 49.387372615528008 ], [ -126.06050132776528, 49.40316121460711 ], [ -126.08610742058103, 49.405747016779152 ], [ -126.10745508176683, 49.392463831834746 ], [ -126.096513299470217, 49.379139579251436 ], [ -126.077996295319238, 49.377954120157753 ] ] ] } },
{ "type": "Feature", "properties": { "island": null }, "geometry": { "type": "Polygon", "coordinates": [ [ [ -126.077763130422113, 49.238314444721027 ], [ -126.06428230133767, 49.246813218513473 ], [ -126.069417857769906, 49.260320933177496 ], [ -126.060703842296888, 49.271028863017726 ], [ -126.061116964173536, 49.282412411069991 ], [ -126.080611044280545, 49.306203331360884 ], [ -126.093422513684246, 49.336114294208805 ], [ -126.113809293085794, 49.350105986422051 ], [ -126.195103314587712, 49.359885818248102 ], [ -126.203740577193017, 49.34530181151419 ], [ -126.220295912080374, 49.329871232772376 ], [ -126.224217966176994, 49.31316698610906 ], [ -126.218792857607582, 49.295966731290584 ], [ -126.186098309832616, 49.26344714901709 ], [ -126.161134336878874, 49.247311487838644 ], [ -126.077763130422113, 49.238314444721027 ] ] ] } },
{ "type": "Feature", "properties": { "island": null }, "geometry": { "type": "Polygon", "coordinates": [ [ [ -123.076334807314865, 49.112716680827134 ], [ -123.038919384300115, 49.131874734214357 ], [ -123.023637354175392, 49.142220417357898 ], [ -122.958455131542692, 49.16629708675223 ], [ -122.976515083635917, 49.179292776925891 ], [ -123.053506207082449, 49.183388793165591 ], [ -123.113378205234497, 49.18331458118881 ], [ -123.153431329504556, 49.191306066299148 ], [ -123.172163240106613, 49.177965510818069 ], [ -123.15221958473586, 49.150625980333402 ], [ -123.131465779011847, 49.114184308134909 ], [ -123.108584270289981, 49.110094746376816 ], [ -123.076334807314865, 49.112716680827134 ] ] ] } },
{ "type": "Feature", "properties": { "island": null }, "geometry": { "type": "Polygon", "coordinates": [ [ [ -125.792280465975296, 49.124035697359091 ], [ -125.785482644827681, 49.158859611267594 ], [ -125.77316886250884, 49.201294429288161 ], [ -125.783142647485974, 49.220733925076722 ], [ -125.806397340482874, 49.227931762498415 ], [ -125.875506605770582, 49.226816791706781 ], [ -125.898412573134763, 49.22261237664209 ], [ -125.910680036133613, 49.212625413209089 ], [ -125.914700673951174, 49.195939497026394 ], [ -125.908290931996063, 49.180960240794803 ], [ -125.89429131242683, 49.174436915723085 ], [ -125.859415315021948, 49.196055291943573 ], [ -125.836198598868336, 49.192733588483144 ], [ -125.822944621635571, 49.176368558370079 ], [ -125.843957443737438, 49.151855371851077 ], [ -125.831870749831666, 49.136920655755794 ], [ -125.792280465975296, 49.124035697359091 ] ] ] } },
{ "type": "Feature", "properties": { "island": null }, "geometry": { "type": "Polygon", "coordinates": [ [ [ -123.741511475947391, 49.124667832829196 ], [ -123.727662813291346, 49.132916112431985 ], [ -123.725169324364416, 49.144928246879815 ], [ -123.745784146482208, 49.153324199075506 ], [ -123.813253591480319, 49.18612599144226 ], [ -123.838577892381181, 49.189298915806518 ], [ -123.834380530084445, 49.153082262251012 ], [ -123.813887352906136, 49.137141109396019 ], [ -123.764507247406968, 49.124793249034852 ], [ -123.741511475947391, 49.124667832829196 ] ] ] } },
{ "type": "Feature", "properties": { "island": null }, "geometry": { "type": "Polygon", "coordinates": [ [ [ -125.953031585848763, 49.146280037104077 ], [ -125.950101186128421, 49.160654010683835 ], [ -125.946463056003722, 49.18485730785487 ], [ -125.963911354360476, 49.18833623978599 ], [ -125.993087366797027, 49.199127811840818 ], [ -126.007035047920539, 49.201896445330043 ], [ -126.013405393561655, 49.188140726628923 ], [ -125.994262707307939, 49.171909784468028 ], [ -125.992331708029624, 49.151585587428798 ], [ -125.980620069677215, 49.144268589748933 ], [ -125.953031585848763, 49.146280037104077 ] ] ] } },
{ "type": "Feature", "properties": { "island": null }, "geometry": { "type": "Polygon", "coordinates": [ [ [ -123.624860759194789, 49.021432335540958 ], [ -123.600605130201416, 49.027299606187512 ], [ -123.635450536749886, 49.074330997760491 ], [ -123.644445583164682, 49.086449884394725 ], [ -123.660348239383609, 49.100064781420407 ], [ -123.676368702216962, 49.106236091778968 ], [ -123.6948399305018, 49.100316171331826 ], [ -123.693748583304242, 49.091263239299991 ], [ -123.624860759194789, 49.021432335540958 ] ] ] } },
{ "type": "Feature", "properties": { "island": null }, "geometry": { "type": "Polygon", "coordinates": [ [ [ -123.327303992566755, 48.848710687723973 ], [ -123.300815380213692, 48.859010257727135 ], [ -123.311772050815293, 48.877965361966908 ], [ -123.329830733228334, 48.887185122717277 ], [ -123.35678599002209, 48.908539910911188 ], [ -123.38274228761945, 48.920837863718781 ], [ -123.449980677666204, 48.938754680916482 ], [ -123.484908557198494, 48.963156788364849 ], [ -123.515526471640456, 48.981448441031979 ], [ -123.531480217163434, 48.987643199238619 ], [ -123.556605188197807, 48.990805089190161 ], [ -123.561342602655714, 48.981798390555959 ], [ -123.555810159232678, 48.966684535084227 ], [ -123.534440552467771, 48.949239888859744 ], [ -123.405179596848853, 48.893154461912125 ], [ -123.379276438982544, 48.873268484351243 ], [ -123.371524274240201, 48.862671574230617 ], [ -123.352336457974573, 48.8519218945817 ], [ -123.327303992566755, 48.848710687723973 ] ] ] } },
{ "type": "Feature", "properties": { "island": null }, "geometry": { "type": "Polygon", "coordinates": [ [ [ -123.67832569701325, 48.966789106195208 ], [ -123.663380548979845, 48.973488623893623 ], [ -123.662015009134322, 48.987026961184007 ], [ -123.674518905307892, 48.992409387447537 ], [ -123.697606265559997, 48.984992588432135 ], [ -123.692014341677108, 48.969886441810061 ], [ -123.67832569701325, 48.966789106195208 ] ] ] } },
{ "type": "Feature", "properties": { "island": null }, "geometry": { "type": "Polygon", "coordinates": [ [ [ -123.63456121674858, 48.915272167475202 ], [ -123.618371782919866, 48.92416455118331 ], [ -123.627146713832474, 48.943837137742904 ], [ -123.639757047259252, 48.94918523908521 ], [ -123.653507082833983, 48.94477087369328 ], [ -123.651581996791876, 48.922897840905222 ], [ -123.63456121674858, 48.915272167475202 ] ] ] } },
{ "type": "Feature", "properties": { "island": null }, "geometry": { "type": "Polygon", "coordinates": [ [ [ -123.455832166516217, 48.703042692681692 ], [ -123.44314452438033, 48.70899807067601 ], [ -123.44059688313736, 48.720983548569599 ], [ -123.449500954618486, 48.736879271696296 ], [ -123.43786611557816, 48.744292199967241 ], [ -123.396988770583775, 48.738707218376064 ], [ -123.375168643098831, 48.747458877731148 ], [ -123.371522565283513, 48.757987695913393 ], [ -123.391473515787283, 48.78532345333398 ], [ -123.457025904969868, 48.812975900786192 ], [ -123.470369980585303, 48.831164207120892 ], [ -123.464404869262125, 48.842440636451698 ], [ -123.450549812140224, 48.850562143670416 ], [ -123.46281908782332, 48.86729709386443 ], [ -123.487705512404901, 48.881803950432662 ], [ -123.562340274429033, 48.925336440505177 ], [ -123.579490829755571, 48.921643960024092 ], [ -123.583144069492434, 48.91118385895421 ], [ -123.576598529119394, 48.894502101258645 ], [ -123.558554577125619, 48.877816191437908 ], [ -123.554273420395788, 48.864205812013076 ], [ -123.56467161348597, 48.85527902098616 ], [ -123.570592568119096, 48.843994946983415 ], [ -123.52171470790563, 48.773614133492416 ], [ -123.541603817815727, 48.742881970199512 ], [ -123.536155246114205, 48.731556901811295 ], [ -123.482030559573957, 48.704026512070676 ], [ -123.455832166516217, 48.703042692681692 ] ] ] } },
{ "type": "Feature", "properties": { "island": null }, "geometry": { "type": "Polygon", "coordinates": [ [ [ -125.116353906986276, 48.888763236988261 ], [ -125.044619442354403, 48.907487051728765 ], [ -125.040270777216222, 48.920380246296801 ], [ -125.045162478259186, 48.933884380286095 ], [ -125.080433775731095, 48.927566779272752 ], [ -125.112026727855692, 48.90166062210082 ], [ -125.116353906986276, 48.888763236988261 ] ] ] } },
{ "type": "Feature", "properties": { "island": null }, "geometry": { "type": "Polygon", "coordinates": [ [ [ -123.241526731724306, 48.808661133026057 ], [ -123.228784782318812, 48.814589092958009 ], [ -123.230830576971115, 48.825098190724638 ], [ -123.244099250182401, 48.839621135315966 ], [ -123.250690287466185, 48.848692642223135 ], [ -123.276112248528349, 48.840639250072634 ], [ -123.288974268182798, 48.827192405632026 ], [ -123.28457847766613, 48.817426316940356 ], [ -123.241526731724306, 48.808661133026057 ] ] ] } },
{ "type": "Feature", "properties": { "island": null }, "geometry": { "type": "Polygon", "coordinates": [ [ [ -123.350068726217501, 48.798511457223107 ], [ -123.343096063020667, 48.808208929617308 ], [ -123.383601014235609, 48.828914371555612 ], [ -123.401004027280081, 48.817787301415692 ], [ -123.380693200270116, 48.805511928826817 ], [ -123.350068726217501, 48.798511457223107 ] ] ] } },
{ "type": "Feature", "properties": { "island": null }, "geometry": { "type": "Polygon", "coordinates": [ [ [ -123.091679579501445, 48.742153781878628 ], [ -123.06972870659861, 48.75095896543597 ], [ -123.062534631713859, 48.764363509192428 ], [ -123.072438768774333, 48.774369726977476 ], [ -123.127883160210828, 48.792316403601582 ], [ -123.157295444269948, 48.797962121722101 ], [ -123.182677966166125, 48.786162701114911 ], [ -123.190100448436013, 48.765196446312217 ], [ -123.183632064818127, 48.752314992715078 ], [ -123.153021138865498, 48.745174075012457 ], [ -123.091679579501445, 48.742153781878628 ] ] ] } },
{ "type": "Feature", "properties": { "island": null }, "geometry": { "type": "Polygon", "coordinates": [ [ [ -123.256852358331685, 48.740262480466392 ], [ -123.24757549658672, 48.746992192954465 ], [ -123.262758470954282, 48.779524071000914 ], [ -123.275026725436859, 48.792462981519733 ], [ -123.290819815697617, 48.798611695574053 ], [ -123.306252075812438, 48.773183037695055 ], [ -123.298547696984869, 48.762582215049676 ], [ -123.256852358331685, 48.740262480466392 ] ] ] } },
{ "type": "Feature", "properties": { "island": null }, "geometry": { "type": "Polygon", "coordinates": [ [ [ -123.307196579286199, 48.685123015664338 ], [ -123.293342408579704, 48.69321491568595 ], [ -123.297659541239739, 48.70309444469973 ], [ -123.312217768819963, 48.711513385084615 ], [ -123.326033452866355, 48.707114999126624 ], [ -123.330901259898198, 48.690620046778243 ], [ -123.307196579286199, 48.685123015664338 ] ] ] } },
{ "type": "Feature", "properties": { "island": null }, "geometry": { "type": "Polygon", "coordinates": [ [ [ -123.285983295292652, 48.570502000128734 ], [ -123.270747043966423, 48.592177328210269 ], [ -123.279383932965558, 48.608042527956869 ], [ -123.294017778416759, 48.616420252395145 ], [ -123.30881169280697, 48.613600573823391 ], [ -123.301570755972719, 48.58414675640087 ], [ -123.285983295292652, 48.570502000128734 ] ] ] } },
{ "type": "Feature", "properties": { "island": null }, "geometry": { "type": "Polygon", "coordinates": [ [ [ -127.994904142069274, 51.654083605046658 ], [ -127.974907627189111, 51.663219619749391 ], [ -127.972526453976343, 51.677768938015362 ], [ -127.984832819620337, 51.691054800385004 ], [ -128.003748137455773, 51.692456213936879 ], [ -128.027537962645823, 51.683944861454549 ], [ -128.048138447913715, 51.668719625563519 ], [ -128.039973070495478, 51.65991931304977 ], [ -127.994904142069274, 51.654083605046658 ] ] ] } },
{ "type": "Feature", "properties": { "island": null }, "geometry": { "type": "Polygon", "coordinates": [ [ [ -127.89308184789212, 51.41031638293429 ], [ -127.866126462006264, 51.421947397429562 ], [ -127.894256269149238, 51.490211368765699 ], [ -127.89600344070746, 51.536601978614144 ], [ -127.894081220962235, 51.568630512520244 ], [ -127.913047617400821, 51.589236955418542 ], [ -127.968757157120194, 51.622329995631588 ], [ -127.992415700789607, 51.627563134241626 ], [ -128.018395058165737, 51.626425953553245 ], [ -128.050898738124175, 51.620633925779281 ], [ -128.074275310590309, 51.622082990797459 ], [ -128.081539768367861, 51.633187747656685 ], [ -128.082576945121275, 51.64464819143226 ], [ -128.093503773598968, 51.65642759927858 ], [ -128.108076498300079, 51.655069561778269 ], [ -128.125349903968925, 51.643002251564894 ], [ -128.127164527035006, 51.624649670966512 ], [ -128.092493816711567, 51.556606991487953 ], [ -128.089943987035042, 51.530098001198397 ], [ -128.081383132183987, 51.503776593019758 ], [ -128.079933331536694, 51.488601429819326 ], [ -128.070059125815675, 51.474472273586628 ], [ -128.029407111411075, 51.444027556363679 ], [ -128.002367138199304, 51.441937738036685 ], [ -127.972747284708731, 51.442439912608435 ], [ -127.957892654398066, 51.43993421757019 ], [ -127.941017015376389, 51.414642599860734 ], [ -127.92814651045417, 51.407558587192312 ], [ -127.89308184789212, 51.41031638293429 ] ] ] } },
{ "type": "Feature", "properties": { "island": null }, "geometry": { "type": "Polygon", "coordinates": [ [ [ -127.606086948042261, 51.487067929488823 ], [ -127.55877649839951, 51.535045604775988 ], [ -127.563423939854673, 51.547157636037191 ], [ -127.589072915060385, 51.547786420432587 ], [ -127.612961112169359, 51.52569191191801 ], [ -127.653632479775411, 51.501495051622058 ], [ -127.643202989201399, 51.493519190741587 ], [ -127.606086948042261, 51.487067929488823 ] ] ] } },
{ "type": "Feature", "properties": { "island": null }, "geometry": { "type": "Polygon", "coordinates": [ [ [ -127.717277126047719, 51.475044335186219 ], [ -127.704375654538268, 51.481608937087067 ], [ -127.700996592441854, 51.498447245597902 ], [ -127.7283318039363, 51.504383038744237 ], [ -127.741882057051271, 51.491745293142024 ], [ -127.732132853325652, 51.477584934210782 ], [ -127.717277126047719, 51.475044335186219 ] ] ] } },
{ "type": "Feature", "properties": { "island": null }, "geometry": { "type": "Polygon", "coordinates": [ [ [ -127.643370785095357, 51.452392374798379 ], [ -127.626052839219952, 51.464370573250271 ], [ -127.635514195405335, 51.474773338824917 ], [ -127.658835394106646, 51.476192280101174 ], [ -127.671112234860999, 51.462146753451087 ], [ -127.661650851089973, 51.451744044805544 ], [ -127.643370785095357, 51.452392374798379 ] ] ] } },
{ "type": "Feature", "properties": { "island": null }, "geometry": { "type": "Polygon", "coordinates": [ [ [ -127.485076118261503, 51.270397727053393 ], [ -127.453246644552095, 51.283527501266384 ], [ -127.464202609638178, 51.299205530370131 ], [ -127.496139849171897, 51.303508853534517 ], [ -127.541266647229364, 51.3051077658221 ], [ -127.585640039146071, 51.299041319268696 ], [ -127.582656267929977, 51.278651664446507 ], [ -127.50926969289759, 51.269626806784736 ], [ -127.485076118261503, 51.270397727053393 ] ] ] } },
{ "type": "Feature", "properties": { "island": null }, "geometry": { "type": "Polygon", "coordinates": [ [ [ -127.56719937107691, 51.044212241057487 ], [ -127.535652673636477, 51.057441537408842 ], [ -127.52053141183714, 51.064697702346351 ], [ -127.550217426365336, 51.073668883618659 ], [ -127.58933959958604, 51.065540841914988 ], [ -127.585478597808972, 51.047466028644131 ], [ -127.56719937107691, 51.044212241057487 ] ] ] } }
]
}
