{
"type": "FeatureCollection",
"name": "thompson_okanagan_boundary",
"crs": { "type": "name", "properties": { "name": "urn:ogc:def:crs:OGC:1.3:CRS84" } },
"features": [
{ "type": "Feature", "properties": { "TOURISM_REGION_ID": "C", "TOURISM_REGION_NAME": "Thompson Okanagan", "OBJECTID": 3, "SE_ANNO_CAD_DATA": null, "FEATURE_AREA_SQM": 80575390738.002502, "FEATURE_LENGTH_M": 2105601.9778, "GEOMETRY.AREA": 0, "GEOMETRY.LEN": 0 }, "geometry": { "type": "Polygon", "coordinates": [ [ [ -119.333002646899999, 53.298591050600002 ], [ -119.333228532299998, 53.2986259678 ], [ -119.333249940499996, 53.298628406399999 ], [ -119.333530310800001, 53.298656235700001 ], [ -119.333824143300006, 53.298692519200003 ], [ -119.334115720499994, 53.298734841600002 ], [ -119.334351142499997, 53.298766296399997 ], [ -119.334408513599996, 53.298773972900001 ], [ -119.3346717453, 53.298797017600002 ], [ -119.334705324200002, 53.298799951900001 ], [ -119.334992739, 53.298851490399997 ], [ -119.335065441200001, 53.298856779600001 ], [ -119.335090273099993, 53.298858582299999 ], [ -119.335290508400007, 53.298873137699999 ], [ -119.335589084099993, 53.2988553721 ], [ -119.335845463400005, 53.298820134 ], [ -119.335881454499997, 53.298815182600002 ], [ -119.336031714699999, 53.298811791299997 ], [ -119.336181264199993, 53.298808404900001 ], [ -119.336254358, 53.298801400099997 ], [ -119.336387541199997, 53.298788630200001 ], [ -119.336477521299997, 53.298780000800001 ], [ -119.336578082599999, 53.298766835400002 ], [ -119.336770613499993, 53.298741632300001 ], [ -119.337063304500006, 53.298702169199998 ], [ -119.337358393499997, 53.298669781299999 ], [ -119.337658722499995, 53.298653990699997 ], [ -119.337826448900003, 53.298672393399997 ], [ -119.337952029600004, 53.298686165100001 ], [ -119.338228522700007, 53.298768535500002 ], [ -119.338486690699995, 53.298810686899998 ], [ -119.338509451899995, 53.2988144069 ], [ -119.338809500400004, 53.298813361599997 ], [ -119.339108362199994, 53.298797583800003 ], [ -119.339406019400002, 53.298775102800001 ], [ -119.339703837299993, 53.298753512300003 ], [ -119.340003042800006, 53.298740326400001 ], [ -119.340302948499996, 53.298736073400001 ], [ -119.340421675200005, 53.298733513899997 ], [ -119.340602781, 53.298729609900001 ], [ -119.34090072, 53.298708581500001 ], [ -119.341185931599995, 53.298652879800002 ], [ -119.341443926099998, 53.298561105099999 ], [ -119.341660150099997, 53.298436553400002 ], [ -119.341790062300007, 53.298347658899999 ], [ -119.341857815899999, 53.298301280399997 ], [ -119.344920294399998, 53.298736864 ], [ -119.345137460800004, 53.298860840800003 ], [ -119.345229132300005, 53.2989146408 ], [ -119.345231508799998, 53.272242777099997 ], [ -119.345232128299997, 53.265108248399997 ], [ -119.345232374700004, 53.262374900399998 ], [ -119.345240093200005, 53.2000000269 ], [ -119.3452425686, 53.184396868299999 ], [ -119.345243236, 53.180168152 ], [ -119.3452457044, 53.164625108800003 ], [ -119.345249067599994, 53.145584941400003 ], [ -119.345249116900007, 53.145320885399997 ], [ -119.345250087599993, 53.140460387600001 ], [ -119.380079598899997, 53.134660849799999 ], [ -119.380365230099997, 53.134587699500003 ], [ -119.381304264899995, 53.134375599499997 ], [ -119.381992802300005, 53.133993179299999 ], [ -119.383182912300001, 53.133429870699999 ], [ -119.383852781, 53.133259108099999 ], [ -119.384177868899997, 53.133131212 ], [ -119.384413416499996, 53.133090524799997 ], [ -119.384537105600003, 53.132818299900002 ], [ -119.384741104, 53.1325624447 ], [ -119.384849474500001, 53.132384941200002 ], [ -119.384985686, 53.132161924499997 ], [ -119.385191712600005, 53.131883567800003 ], [ -119.385354231400001, 53.131646523599997 ], [ -119.385350163599995, 53.131480269199997 ], [ -119.385344075299997, 53.131336525099996 ], [ -119.385006611, 53.131055568500003 ], [ -119.384880399599993, 53.130927719600002 ], [ -119.384606075099995, 53.130614013100001 ], [ -119.384280581599995, 53.130346301899998 ], [ -119.383669322, 53.129760628100001 ], [ -119.384034356599997, 53.129375671399998 ], [ -119.384137213599999, 53.1291605344 ], [ -119.3842486458, 53.128945959299998 ], [ -119.3843547508, 53.128730527199998 ], [ -119.384441913900005, 53.128511655799997 ], [ -119.384499400699994, 53.128286717400002 ], [ -119.384581492, 53.1280685248 ], [ -119.384733141, 53.127865955200001 ], [ -119.384932128800003, 53.127672774700002 ], [ -119.385166879300002, 53.127495184799997 ], [ -119.385430808400002, 53.127339018900003 ], [ -119.385721637200007, 53.127198945400004 ], [ -119.386025520199993, 53.127066076299997 ], [ -119.386327660800006, 53.126931641399999 ], [ -119.386613686900006, 53.126787137500003 ], [ -119.386883680500006, 53.126632137199998 ], [ -119.387146022, 53.126471908900001 ], [ -119.38740733, 53.126311063899998 ], [ -119.387687802200006, 53.126163743699998 ], [ -119.387866650500001, 53.126003766 ], [ -119.387804744, 53.125782134600001 ], [ -119.387730911199995, 53.125554540899998 ], [ -119.387752187700002, 53.125335466700001 ], [ -119.387853039399999, 53.125119404899998 ], [ -119.38788014, 53.124895210699997 ], [ -119.387963992500005, 53.124675314800001 ], [ -119.388037389299996, 53.124531931100002 ], [ -119.388076358299998, 53.1244558203 ], [ -119.388104815399998, 53.124239093200003 ], [ -119.387939357199997, 53.124031686400002 ], [ -119.387682160599994, 53.123868064600003 ], [ -119.387397882399995, 53.123713834699998 ], [ -119.387088333099996, 53.123588660700001 ], [ -119.386746018599993, 53.123518509 ], [ -119.386366937600002, 53.123500013 ], [ -119.385988853499995, 53.123476206200003 ], [ -119.385639344099999, 53.123402838700002 ], [ -119.385300164, 53.123303176699999 ], [ -119.384976464800005, 53.123185818499998 ], [ -119.384679064400004, 53.123054197899997 ], [ -119.384474842100005, 53.122864731299998 ], [ -119.384219269799999, 53.122694124699997 ], [ -119.383899171099998, 53.1225538192 ], [ -119.383893811500002, 53.122373284799998 ], [ -119.384104121700005, 53.122161250799998 ], [ -119.384137911799996, 53.121936999299997 ], [ -119.384087916200002, 53.121704868899997 ], [ -119.383934574600005, 53.121508820499997 ], [ -119.3836780619, 53.121343227799997 ], [ -119.383365345499996, 53.121204450599997 ], [ -119.383030332, 53.121115295499997 ], [ -119.38262823, 53.1211265807 ], [ -119.382368487, 53.121009121 ], [ -119.3822125465, 53.120797466200003 ], [ -119.382086373700005, 53.120625158099998 ], [ -119.382055374499998, 53.120582834099999 ], [ -119.381767835800005, 53.120446509399997 ], [ -119.381404039900005, 53.120423065 ], [ -119.381037389300005, 53.1204776569 ], [ -119.380666421599997, 53.120507094799997 ], [ -119.380292458200003, 53.120504772799997 ], [ -119.379923858300003, 53.1204670638 ], [ -119.379575029899996, 53.120387925800003 ], [ -119.379250946699997, 53.120276316899997 ], [ -119.378921870200003, 53.120169423 ], [ -119.378620265699993, 53.120037998800001 ], [ -119.378327364200004, 53.119901913 ], [ -119.37796287, 53.119848601199998 ], [ -119.377597393800002, 53.119810195699998 ], [ -119.377239337299997, 53.119745467599998 ], [ -119.376877894299994, 53.119689685899999 ], [ -119.376541317600001, 53.119592419699998 ], [ -119.376197619600006, 53.1195049974 ], [ -119.375845657499994, 53.119429911899999 ], [ -119.375492219500003, 53.119356956899999 ], [ -119.375142252200007, 53.119275301099997 ], [ -119.374773527800002, 53.119260624399999 ], [ -119.374398589400002, 53.119263134900002 ], [ -119.374026483899996, 53.119244700700001 ], [ -119.373654679799998, 53.119221852899997 ], [ -119.373282670699993, 53.119202422500003 ], [ -119.372909551800007, 53.119193137800004 ], [ -119.372535760299996, 53.119196003799999 ], [ -119.372163672100001, 53.119217348299998 ], [ -119.371792660099999, 53.119255029199998 ], [ -119.371423400799998, 53.119266960399997 ], [ -119.371055807700003, 53.119229540399999 ], [ -119.370692171499996, 53.1191715991 ], [ -119.370348636599999, 53.119084465299998 ], [ -119.370034820300006, 53.1189621527 ], [ -119.369690215800006, 53.118874281499998 ], [ -119.369380968800002, 53.118744913599997 ], [ -119.369181284600003, 53.118561378 ], [ -119.369063979, 53.1183450049 ], [ -119.368936076699995, 53.1181308086 ], [ -119.368813918100003, 53.117912505600003 ], [ -119.368676414099994, 53.1177034496 ], [ -119.368485443699996, 53.117528162900001 ], [ -119.368120846500005, 53.117454988699997 ], [ -119.367844066299995, 53.117301765800001 ], [ -119.367572571, 53.117143914800003 ], [ -119.367260956600006, 53.117030990300002 ], [ -119.366883400800006, 53.116992122299997 ], [ -119.366548036799998, 53.116907119099999 ], [ -119.366271817500007, 53.116756030099999 ], [ -119.366011920700004, 53.116589779599998 ], [ -119.36577544, 53.116416059099997 ], [ -119.365566493100005, 53.116229329699998 ], [ -119.365347339899998, 53.116047850299999 ], [ -119.365082315500004, 53.115889213199999 ], [ -119.364823012900004, 53.115728241600003 ], [ -119.3646298898, 53.115535882400003 ], [ -119.364419515500003, 53.115350735500002 ], [ -119.364168545799998, 53.115183370899999 ], [ -119.363908519899994, 53.115019871199998 ], [ -119.363769541, 53.114813137 ], [ -119.363667275099999, 53.114595549900002 ], [ -119.363405976199999, 53.114442105400002 ], [ -119.363069335700004, 53.114335519800001 ], [ -119.362720118699997, 53.114256359300001 ], [ -119.362362579299997, 53.114188163 ], [ -119.361997003499994, 53.114129587400001 ], [ -119.361627755100002, 53.1140760165 ], [ -119.361284260299996, 53.113999703600001 ], [ -119.361027793399998, 53.113846300100001 ], [ -119.360806723, 53.113658553299999 ], [ -119.360557788600005, 53.113491014899999 ], [ -119.360305704599995, 53.1133250631 ], [ -119.360056043900002, 53.113157959699997 ], [ -119.359814495, 53.112986901100001 ], [ -119.359594767199994, 53.112804259599997 ], [ -119.359382751499993, 53.112618387799998 ], [ -119.359127327300001, 53.112461598899998 ], [ -119.358805249900001, 53.112343926800001 ], [ -119.358594720200003, 53.112158776199998 ], [ -119.358455657299999, 53.111949732900001 ], [ -119.3584006488, 53.111727878 ], [ -119.358491299, 53.1115090885 ], [ -119.358594937299998, 53.111126122 ], [ -119.361612573499997, 53.099997347600002 ], [ -119.363695793900007, 53.092311047700001 ], [ -119.363706322599995, 53.092288493799998 ], [ -119.371296872599999, 53.082137496100003 ], [ -119.373295258100001, 53.080767543100002 ], [ -119.373404078700005, 53.080552685500002 ], [ -119.373554143600003, 53.080346450100002 ], [ -119.373731984200006, 53.080149447399997 ], [ -119.373814082199999, 53.079997241900003 ], [ -119.373938777199996, 53.079767341599997 ], [ -119.374099442499997, 53.079567733899999 ], [ -119.374173816600006, 53.079359509200003 ], [ -119.374212765099998, 53.079131312800001 ], [ -119.374234530600006, 53.078903464299998 ], [ -119.374326054099996, 53.078694898599998 ], [ -119.374398150700003, 53.078445374899999 ], [ -119.374540935300004, 53.078251198300002 ], [ -119.374643238700003, 53.078034893 ], [ -119.374717272200002, 53.077814611800001 ], [ -119.374883093299999, 53.0775880594 ], [ -119.375011731900003, 53.077430449300003 ], [ -119.375206125800005, 53.077219818300001 ], [ -119.375401076800003, 53.077019526900003 ], [ -119.375546755800002, 53.076833092800001 ], [ -119.375859629199994, 53.076714031599998 ], [ -119.3762211608, 53.076651778 ], [ -119.376582389099994, 53.076595196100001 ], [ -119.376949833899999, 53.076553691699999 ], [ -119.377320813099999, 53.076553897700002 ], [ -119.3776930513, 53.076573313700003 ], [ -119.378067316400006, 53.076572585699999 ], [ -119.378434847700007, 53.076538959200001 ], [ -119.378788602900002, 53.076466357599998 ], [ -119.37912423, 53.076367221600002 ], [ -119.379442179400002, 53.076248941099998 ], [ -119.379624375800006, 53.076097821600001 ], [ -119.379873579399998, 53.075948118100001 ], [ -119.380035358100002, 53.075769147599999 ], [ -119.380229155, 53.075548195099998 ], [ -119.380392631899994, 53.0754002089 ], [ -119.380587551399998, 53.075199899799998 ], [ -119.380816767300004, 53.074998916 ], [ -119.381081408200004, 53.074817883400002 ], [ -119.381361462, 53.074605539899999 ], [ -119.381506656499994, 53.074437240800002 ], [ -119.381794399599997, 53.074249078400001 ], [ -119.381952015799996, 53.074045438100001 ], [ -119.382108924899995, 53.073841505799997 ], [ -119.382215843699996, 53.073706959200003 ], [ -119.382269938899995, 53.073638884399998 ], [ -119.382451202200002, 53.0734424061 ], [ -119.3826490334, 53.073251882199997 ], [ -119.382866995800001, 53.073069790399998 ], [ -119.382932166299994, 53.0728994969 ], [ -119.383127626, 53.072709505399999 ], [ -119.383425973800001, 53.0725174791 ], [ -119.383588288200002, 53.072348825500001 ], [ -119.383923183899995, 53.072197402 ], [ -119.384187228800002, 53.072006049099997 ], [ -119.384387245900001, 53.071898661699997 ], [ -119.384550709099997, 53.071750670299998 ], [ -119.384778169800001, 53.071518683800001 ], [ -119.3849724839, 53.071308062900002 ], [ -119.385169069, 53.071138721600001 ], [ -119.385262807100005, 53.070971445300003 ], [ -119.385322230699998, 53.070804870499998 ], [ -119.385375974200002, 53.0705350283 ], [ -119.385502847699996, 53.070346421300002 ], [ -119.385658304100005, 53.070053869299997 ], [ -119.385736544400004, 53.069829373 ], [ -119.385922740300003, 53.069561450499997 ], [ -119.3861862352, 53.069369028099999 ], [ -119.386357237699997, 53.069156466099997 ], [ -119.386434536899998, 53.068901729899999 ], [ -119.386460106, 53.068703093800004 ], [ -119.386449154700003, 53.068505161700003 ], [ -119.386489923799999, 53.068251182899999 ], [ -119.386495419699997, 53.068019909299998 ], [ -119.386448566699997, 53.067833717399999 ], [ -119.386439443100002, 53.067668775500003 ], [ -119.386410240299995, 53.067471240700002 ], [ -119.386361560899999, 53.067252058400001 ], [ -119.386367056, 53.067020793499999 ], [ -119.386390784900001, 53.066789148200002 ], [ -119.386468686900002, 53.066545420300002 ], [ -119.386567272600004, 53.066345302800002 ], [ -119.386563836899995, 53.066139743900003 ], [ -119.386491779599993, 53.065919266500003 ], [ -119.386408717899997, 53.065700106599998 ], [ -119.386340101900004, 53.065479435100002 ], [ -119.386297226699995, 53.065256094799999 ], [ -119.386285801100001, 53.0650316129 ], [ -119.386303515899996, 53.0648072101 ], [ -119.386337150499998, 53.064583386300001 ], [ -119.386381124, 53.064360197100001 ], [ -119.386404330800005, 53.064135436500003 ], [ -119.386382572, 53.0639119135 ], [ -119.386304137099998, 53.063691527400003 ], [ -119.386280792, 53.063478061600001 ], [ -119.3861597163, 53.0632713416 ], [ -119.386056914500003, 53.063064270300003 ], [ -119.385957130500003, 53.062912169299999 ], [ -119.385757580900005, 53.062607959099999 ], [ -119.385528230299997, 53.062425423900002 ], [ -119.385349975699995, 53.062175823399997 ], [ -119.385121830800003, 53.062015286099999 ], [ -119.384896348699996, 53.061853673500003 ], [ -119.385000740699994, 53.0616589519 ], [ -119.385233286599998, 53.061480342599999 ], [ -119.385450453499999, 53.06129788 ], [ -119.385646907799995, 53.061106871200003 ], [ -119.385843960499997, 53.0609160578 ], [ -119.386031663899999, 53.060722018 ], [ -119.386206741799995, 53.060523613699999 ], [ -119.386396280400007, 53.060330108800002 ], [ -119.386643831900003, 53.060162252399998 ], [ -119.386893468, 53.05999517 ], [ -119.387142857, 53.059828118200002 ], [ -119.387399106199993, 53.059663378 ], [ -119.3875603531, 53.059522660600003 ], [ -119.3878627319, 53.059373492399999 ], [ -119.388239926599994, 53.059255839800002 ], [ -119.3886492, 53.059181031900003 ], [ -119.388961935899999, 53.059059631700002 ], [ -119.389298340099998, 53.058962148 ], [ -119.389628225899997, 53.058856969099999 ], [ -119.389950638, 53.0588031817 ], [ -119.390275486799993, 53.058730615 ], [ -119.390711685599996, 53.058688822199997 ], [ -119.3911077347, 53.0585817897 ], [ -119.391491004, 53.058574079099998 ], [ -119.391730084299994, 53.058602298799997 ], [ -119.392099354500004, 53.058671927799999 ], [ -119.392377992799993, 53.058754376 ], [ -119.392620739899996, 53.058848565799998 ], [ -119.392952932, 53.058907927500002 ], [ -119.3933428948, 53.059021162100002 ], [ -119.393693333100003, 53.059080149899998 ], [ -119.394025498800005, 53.059139506900003 ], [ -119.394423356399997, 53.059180356299997 ], [ -119.394780118100002, 53.0592448361 ], [ -119.395146736100003, 53.059260027900002 ], [ -119.395548864299997, 53.059262940700002 ], [ -119.395932152399993, 53.059255225500003 ], [ -119.396278909200007, 53.059248242 ], [ -119.396569699599993, 53.059220356 ], [ -119.396990086299994, 53.059222892599998 ], [ -119.397445750200006, 53.059202702100002 ], [ -119.397737149600005, 53.059185821900002 ], [ -119.398064453399996, 53.059157206899997 ], [ -119.398388069099994, 53.059062609500003 ], [ -119.398783487800003, 53.058944569399998 ], [ -119.399049918900005, 53.058807106899998 ], [ -119.399520773600003, 53.0587315557 ], [ -119.399999104399996, 53.058773377400001 ], [ -119.400353944399995, 53.058842683899996 ], [ -119.400709650500005, 53.058910102299997 ], [ -119.401068800299996, 53.058972103800002 ], [ -119.401430522599995, 53.059029746900002 ], [ -119.401796773, 53.0590650006 ], [ -119.402170626699998, 53.059061508 ], [ -119.402544071700007, 53.059060539199997 ], [ -119.402910788, 53.059096661700003 ], [ -119.403273724499996, 53.059151639100001 ], [ -119.403631818199997, 53.059215049800002 ], [ -119.403982165399995, 53.059292420699997 ], [ -119.404333742299997, 53.059367401700001 ], [ -119.4046961138, 53.059421208499998 ], [ -119.405057928700003, 53.059475316099999 ], [ -119.405399990600003, 53.059564732299997 ], [ -119.405747092699997, 53.0596449409 ], [ -119.406111001400006, 53.059694688 ], [ -119.406473456800001, 53.059748079599999 ], [ -119.406828740099996, 53.059816184100001 ], [ -119.407181764900002, 53.059888959399998 ], [ -119.407535373499996, 53.059961271200002 ], [ -119.407859727599998, 53.060071672900001 ], [ -119.408200536799995, 53.060159839900003 ], [ -119.408557715699999, 53.060226028300001 ], [ -119.408914317200001, 53.060291688100001 ], [ -119.409279984299999, 53.060336751900003 ], [ -119.409638320799999, 53.060397357 ], [ -119.409989383899998, 53.060473524599999 ], [ -119.410340899600001, 53.060548915200002 ], [ -119.410693568799999, 53.060622208600002 ], [ -119.411040427900005, 53.060704178400002 ], [ -119.411378214, 53.060799674599998 ], [ -119.411721137800001, 53.060888417100003 ], [ -119.412072662499995, 53.060962821399997 ], [ -119.412432341400006, 53.061023150499999 ], [ -119.412796185399998, 53.061072647099998 ], [ -119.413166482099996, 53.061099699899998 ], [ -119.413537294199998, 53.061123926400001 ], [ -119.413901527799993, 53.061177105399999 ], [ -119.414242642600001, 53.061264586599997 ], [ -119.414542370899994, 53.0613989605 ], [ -119.414844207200005, 53.061533406300001 ], [ -119.415162381, 53.061648671 ], [ -119.415523990500006, 53.061701571900002 ], [ -119.415888985600006, 53.061754048700003 ], [ -119.4162623868, 53.061804527600003 ], [ -119.416632508700005, 53.0618591972 ], [ -119.416976377200001, 53.061938019199999 ], [ -119.417273030600001, 53.0620592227 ], [ -119.417527051600004, 53.062219030900003 ], [ -119.4177572599, 53.062400536 ], [ -119.417982317600007, 53.0625869741 ], [ -119.418218275300006, 53.062763595900002 ], [ -119.418461288399996, 53.062934939800002 ], [ -119.418756897899996, 53.063069971499999 ], [ -119.419065096799997, 53.063196973399997 ], [ -119.419381237600007, 53.063317630199997 ], [ -119.419702855, 53.063431957299997 ], [ -119.420029062500006, 53.063541597499999 ], [ -119.420361053500002, 53.063646698399999 ], [ -119.420698667099998, 53.063743659099998 ], [ -119.421041712800005, 53.063828777799998 ], [ -119.421404033399995, 53.063873389500003 ], [ -119.421779335, 53.063891213399998 ], [ -119.422151608700005, 53.063913251300001 ], [ -119.422524524500005, 53.063933478300001 ], [ -119.422894208299994, 53.063960779600002 ], [ -119.423254546099997, 53.064011108300001 ], [ -119.423589505600006, 53.064113313500002 ], [ -119.423894149800006, 53.064235196600002 ], [ -119.424233676399993, 53.064329003300003 ], [ -119.424570993800003, 53.064425728499998 ], [ -119.424904195, 53.064528461499997 ], [ -119.425228709699994, 53.064639359899999 ], [ -119.425509944200002, 53.064784463099997 ], [ -119.425721309400004, 53.064969804 ], [ -119.425935016500006, 53.065153519699997 ], [ -119.426273320500002, 53.065233612900002 ], [ -119.426645517500006, 53.065205757900003 ], [ -119.426841680400003, 53.065038971699998 ], [ -119.426948314100002, 53.064823373 ], [ -119.427059969699997, 53.064608504799999 ], [ -119.427190387899998, 53.064398239699997 ], [ -119.427340021899994, 53.064192656899998 ], [ -119.427499522299996, 53.063989389299998 ], [ -119.427660810899994, 53.0637864913 ], [ -119.427815755400005, 53.0635820778 ], [ -119.427960136199999, 53.063374598899998 ], [ -119.428106879400005, 53.0631652442 ], [ -119.428243714299995, 53.062953923 ], [ -119.4283536768, 53.062740210800001 ], [ -119.428414555, 53.062523147 ], [ -119.428390505899998, 53.062299615199997 ], [ -119.4283366202, 53.062073355899997 ], [ -119.428326321100002, 53.0618474495 ], [ -119.4284628005, 53.061640123499998 ], [ -119.428625611499996, 53.061437003499996 ], [ -119.428739067699993, 53.061223288 ], [ -119.428824024600004, 53.061004029899998 ], [ -119.4288848849, 53.060780087099999 ], [ -119.428792716900006, 53.0605652582 ], [ -119.428660535099993, 53.060355325899998 ], [ -119.428753830600002, 53.0601380636 ], [ -119.428830810299999, 53.0599181352 ], [ -119.428900577099995, 53.059697363200002 ], [ -119.428951747400006, 53.0594750761 ], [ -119.428981438, 53.059250987200002 ], [ -119.429018671, 53.059027256100002 ], [ -119.429065744200003, 53.058804074199998 ], [ -119.429157166300001, 53.0585871392 ], [ -119.429280785900005, 53.058374629799999 ], [ -119.429361804099997, 53.058155538699999 ], [ -119.429467472799999, 53.057942090399997 ], [ -119.429601804599997, 53.057744222300002 ], [ -119.429617364400002, 53.057517400099997 ], [ -119.429722241, 53.057301296799999 ], [ -119.429877124300006, 53.057099669 ], [ -119.430084772100003, 53.0569148672 ], [ -119.430146048, 53.056690776099998 ], [ -119.430024215700001, 53.0564816292 ], [ -119.429951622600001, 53.056260474699997 ], [ -119.429822635199997, 53.0560508111 ], [ -119.429698292099999, 53.055847123 ], [ -119.429737441300006, 53.055621257 ], [ -119.429732120099999, 53.055396519200002 ], [ -119.429734390199997, 53.055171628899998 ], [ -119.429739685300007, 53.054946790400002 ], [ -119.429758452800002, 53.054722892699999 ], [ -119.429837041499994, 53.054503044599997 ], [ -119.429897610899999, 53.054281362600001 ], [ -119.429963157399996, 53.054060210499998 ], [ -119.430031909899995, 53.053839390299999 ], [ -119.430100807800002, 53.053618596100002 ], [ -119.430167667399999, 53.053397580199999 ], [ -119.430221547900004, 53.053174957700001 ], [ -119.430305183599998, 53.0529567054 ], [ -119.430425186500003, 53.052743750399998 ], [ -119.430458615500001, 53.052520643699999 ], [ -119.430458582399993, 53.052296056800003 ], [ -119.4304554908, 53.052071344300003 ], [ -119.430392312, 53.051902550900003 ], [ -119.430317139799996, 53.051657521199999 ], [ -119.4302426526, 53.051424818100003 ], [ -119.430268973300002, 53.051165385600001 ], [ -119.430406642199998, 53.050948078099999 ], [ -119.430395680900006, 53.050723385300003 ], [ -119.430383996900005, 53.050498706100001 ], [ -119.430371177300003, 53.0502740895 ], [ -119.4303567714, 53.0500495374 ], [ -119.430340394599995, 53.049825109399997 ], [ -119.430321611300002, 53.049600808100003 ], [ -119.430299977399997, 53.049376689699997 ], [ -119.430274831, 53.049152762399999 ], [ -119.430236148899994, 53.048929475 ], [ -119.430183163699994, 53.048706937600002 ], [ -119.430121450499996, 53.048485020400001 ], [ -119.430056626099997, 53.0482636136 ], [ -119.429989797600001, 53.048041968900002 ], [ -119.429893495599998, 53.047824899699997 ], [ -119.429761623900006, 53.047614640399999 ], [ -119.429630647400003, 53.047402684399998 ], [ -119.429496492300004, 53.0471910009 ], [ -119.429354323400005, 53.046981822600003 ], [ -119.429199254400004, 53.046777325400001 ], [ -119.429026417599999, 53.046579758299998 ], [ -119.428831514300001, 53.0463908977 ], [ -119.428617165199995, 53.046208657299999 ], [ -119.428387084099995, 53.046031839800001 ], [ -119.428144365600005, 53.045859852699998 ], [ -119.427892101300003, 53.045692121400002 ], [ -119.427633358600005, 53.045528033799997 ], [ -119.427327460399994, 53.045425086500003 ], [ -119.426971787, 53.045284419799998 ], [ -119.426738030699994, 53.045128927199997 ], [ -119.426421148599999, 53.044950480499999 ], [ -119.426107041, 53.044821269700002 ], [ -119.425854938699999, 53.044703137399999 ], [ -119.425480242899994, 53.0445874925 ], [ -119.4252063096, 53.044445146599998 ], [ -119.424928926600003, 53.044241227599997 ], [ -119.424753720799998, 53.0440352285 ], [ -119.424696946200001, 53.043752841200003 ], [ -119.424702846499997, 53.0434938239 ], [ -119.424960180400006, 53.043340643199997 ], [ -119.425030850300004, 53.0431419425 ], [ -119.425098748899998, 53.042894004799997 ], [ -119.425168032, 53.042670685499999 ], [ -119.425216881699995, 53.042447773100001 ], [ -119.425248745900006, 53.042286867100003 ], [ -119.425199099799997, 53.0420052562 ], [ -119.425258614800001, 53.041783929799998 ], [ -119.425298668699995, 53.041561102199999 ], [ -119.425236372499995, 53.041337850600002 ], [ -119.425303568299995, 53.041077593899999 ], [ -119.425365628799995, 53.040887225699997 ], [ -119.425374898900003, 53.0406620571 ], [ -119.425379228599994, 53.040437287800003 ], [ -119.425379558499998, 53.040213240299998 ], [ -119.425306581200005, 53.039995180399998 ], [ -119.425196698500002, 53.039776328 ], [ -119.425132878400007, 53.0395558536 ], [ -119.4252166582, 53.039341986499998 ], [ -119.425351927199998, 53.039130392700002 ], [ -119.425485198600001, 53.038917444900001 ], [ -119.425566720299997, 53.038699058200002 ], [ -119.425605376700005, 53.038474955 ], [ -119.4256598156, 53.038251958399997 ], [ -119.425736870500003, 53.03802946 ], [ -119.425782229600003, 53.037807900799997 ], [ -119.425748946400006, 53.037586017400002 ], [ -119.425646476899999, 53.037366714800001 ], [ -119.425604426800007, 53.037311394200003 ], [ -119.425490979499997, 53.0371621217 ], [ -119.4252765727, 53.036969136499998 ], [ -119.425075790400001, 53.036778118299999 ], [ -119.425004334099995, 53.036576986299998 ], [ -119.425186186600001, 53.036367005099997 ], [ -119.425378423300003, 53.036169298399997 ], [ -119.425653726799993, 53.036025161399998 ], [ -119.425975601100006, 53.035913685300002 ], [ -119.426312341900001, 53.035812005499999 ], [ -119.426644957199997, 53.035707015500002 ], [ -119.426930449599993, 53.035566803 ], [ -119.427163073200006, 53.0353901923 ], [ -119.427388182900003, 53.035211117899998 ], [ -119.427578157499994, 53.035017342099998 ], [ -119.427786770599994, 53.034832169300003 ], [ -119.428037883800002, 53.034665178300003 ], [ -119.428301515200005, 53.0345032882 ], [ -119.428566996100002, 53.034342329200001 ], [ -119.428823634500006, 53.0341781841 ], [ -119.429060795699996, 53.034006658199999 ], [ -119.429268372199999, 53.03382364 ], [ -119.4294617762, 53.033627298600003 ], [ -119.429644195500003, 53.033420881799998 ], [ -119.429805193600004, 53.033208299400002 ], [ -119.429934389799996, 53.032993491 ], [ -119.430021331899994, 53.0327803745 ], [ -119.430047472799998, 53.032572136600002 ], [ -119.429941615199994, 53.03236455 ], [ -119.429747086600003, 53.032158773 ], [ -119.429536087599999, 53.031957990499997 ], [ -119.429325927799994, 53.0317727029 ], [ -119.429065258, 53.031610521700003 ], [ -119.4287999485, 53.031452915 ], [ -119.428532702499993, 53.031296387899999 ], [ -119.428264059499995, 53.031140655199998 ], [ -119.427994548200004, 53.030985404500001 ], [ -119.427724725800005, 53.030830333700003 ], [ -119.427455152, 53.030675123 ], [ -119.427186335299993, 53.030519494700002 ], [ -119.426917827699995, 53.030370490899998 ], [ -119.426538791900001, 53.030356302 ], [ -119.426179790600003, 53.030308661 ], [ -119.425839000600007, 53.030205193599997 ], [ -119.425537625, 53.030069402199999 ], [ -119.425345050100006, 53.0298890316 ], [ -119.425243432, 53.029666407100002 ], [ -119.425125229700001, 53.029450183800002 ], [ -119.424993245899998, 53.029238645900001 ], [ -119.424784738400007, 53.029057419499999 ], [ -119.424510193200007, 53.028901985899999 ], [ -119.424254972499995, 53.028738079699998 ], [ -119.4240028376, 53.028572481700003 ], [ -119.423756714700005, 53.0284018085 ], [ -119.423512530099998, 53.028221177900001 ], [ -119.423509266500005, 53.028016274199999 ], [ -119.423641462500001, 53.0277950129 ], [ -119.423601842, 53.027575311100001 ], [ -119.423509627399994, 53.0273541639 ], [ -119.423498723099996, 53.027131016600002 ], [ -119.423518768099996, 53.0269070425 ], [ -119.423550314799996, 53.026682631 ], [ -119.4235821, 53.026458034699999 ], [ -119.423602905199999, 53.026233508799997 ], [ -119.423631805, 53.026003331600002 ], [ -119.4236385273, 53.025774894599998 ], [ -119.423541196399995, 53.025567586199998 ], [ -119.423334564399994, 53.025383228400003 ], [ -119.423083174300004, 53.025207765499999 ], [ -119.422850121600007, 53.025027376200001 ], [ -119.422698557100006, 53.0248280721 ], [ -119.422650453, 53.024603627600001 ], [ -119.422640207, 53.0243700913 ], [ -119.422592042199994, 53.024146525500001 ], [ -119.422442519300006, 53.023981347199999 ], [ -119.422185708399994, 53.023777003799999 ], [ -119.421911237800003, 53.023622330599999 ], [ -119.421654434399997, 53.023417968099999 ], [ -119.421360240400006, 53.0232760277 ], [ -119.421046305700003, 53.023146819700003 ], [ -119.420772526899995, 53.0230044527 ], [ -119.420600872500003, 53.022860018300001 ], [ -119.420386990699996, 53.022691777299997 ], [ -119.420132475800003, 53.022508884200001 ], [ -119.419805023600006, 53.022396435600001 ], [ -119.419493138700005, 53.022272451 ], [ -119.419180318, 53.022147161699998 ], [ -119.418865495, 53.022022119600003 ], [ -119.418554199400006, 53.021894762099997 ], [ -119.418251944100007, 53.021762534799997 ], [ -119.417964272199995, 53.021622885 ], [ -119.417699336699997, 53.021471911699997 ], [ -119.417514638100002, 53.0212799273 ], [ -119.417373381800004, 53.021065507599999 ], [ -119.417213668499997, 53.020860480099998 ], [ -119.417059128899993, 53.020653257 ], [ -119.416880502400005, 53.020456803499997 ], [ -119.416648624499999, 53.0202844318 ], [ -119.416389156099996, 53.020124523699998 ], [ -119.41611488, 53.0199712856 ], [ -119.415835514700007, 53.019820300600003 ], [ -119.415560730899998, 53.019667167500003 ], [ -119.415289779399998, 53.0195122676 ], [ -119.415011044899998, 53.019360928399998 ], [ -119.414729552500006, 53.019210838600003 ], [ -119.414450637900003, 53.019059523800003 ], [ -119.414179697500003, 53.018904504399998 ], [ -119.413922093699995, 53.018743325800003 ], [ -119.413683179700001, 53.018573496899997 ], [ -119.413466036299994, 53.018393632799999 ], [ -119.413264835800007, 53.0182064774 ], [ -119.413075994699994, 53.018013657600001 ], [ -119.412896335699998, 53.017816598 ], [ -119.412722677800005, 53.017616750199998 ], [ -119.412551771, 53.017415525499999 ], [ -119.412380477300005, 53.017214386900001 ], [ -119.412205561799993, 53.017014746599997 ], [ -119.4120238446, 53.016818047 ], [ -119.411838110700003, 53.016618151099998 ], [ -119.411652882799999, 53.016405463 ], [ -119.411420824299995, 53.0162346165 ], [ -119.411107405899998, 53.016146765199998 ], [ -119.410755625700006, 53.016096646800001 ], [ -119.410381724499999, 53.016068092399998 ], [ -119.409996925, 53.016050386899998 ], [ -119.409612471200006, 53.016032870499998 ], [ -119.409238743800003, 53.016005807600003 ], [ -119.4088665867, 53.0159808031 ], [ -119.408492664799994, 53.015959524800003 ], [ -119.408120412900004, 53.015935421899997 ], [ -119.407753211200003, 53.015902003699999 ], [ -119.407394562099995, 53.015852480299998 ], [ -119.407058635, 53.015760970099997 ], [ -119.406738045, 53.015640807 ], [ -119.406412902100001, 53.0155272569 ], [ -119.406074558699999, 53.015436166400001 ], [ -119.405702689600005, 53.01541214 ], [ -119.405331510799996, 53.015430033 ], [ -119.404965106899994, 53.0154783435 ], [ -119.404599025500005, 53.015521107300003 ], [ -119.404228321100007, 53.015521584600002 ], [ -119.403861688199996, 53.015472790700002 ], [ -119.403522798799997, 53.015382058100002 ], [ -119.403191745100003, 53.015275792600001 ], [ -119.402839544599999, 53.015206107499999 ], [ -119.402472986600003, 53.015162345900002 ], [ -119.4021529738, 53.015049557099999 ], [ -119.401827029, 53.014939612699997 ], [ -119.401493825900005, 53.014837848900001 ], [ -119.401185986100003, 53.014713586 ], [ -119.400906264900001, 53.014564449 ], [ -119.400625848399997, 53.0144158393 ], [ -119.399999253100006, 53.014197206200002 ], [ -119.399679231500002, 53.014078971499998 ], [ -119.399325497700005, 53.014010359399997 ], [ -119.398960302399999, 53.013947630099999 ], [ -119.398591883899996, 53.013896926800001 ], [ -119.3982248935, 53.013871718200001 ], [ -119.397863304200001, 53.013886164 ], [ -119.397505555099997, 53.013941707299999 ], [ -119.397148853, 53.014017763399998 ], [ -119.396790543600005, 53.014092476800002 ], [ -119.3964276568, 53.0141483317 ], [ -119.396057641, 53.014205162800003 ], [ -119.395684785900002, 53.014260762 ], [ -119.395314429400003, 53.0143048503 ], [ -119.394951851599998, 53.014327136699997 ], [ -119.394607373300005, 53.014303766399998 ], [ -119.394307573800006, 53.014159534699999 ], [ -119.393943863499999, 53.014079803 ], [ -119.393625853499998, 53.014026972499998 ], [ -119.393250212599995, 53.014015289299998 ], [ -119.392872622900001, 53.0140003263 ], [ -119.392505852400006, 53.013964569400002 ], [ -119.392163005499995, 53.013883924300004 ], [ -119.3918370361, 53.013757311 ], [ -119.391519329399998, 53.013615630499999 ], [ -119.391202543, 53.013491718899999 ], [ -119.390879269899997, 53.013418435799998 ], [ -119.390545725699994, 53.013443105199997 ], [ -119.390205312, 53.013554583299999 ], [ -119.389859916299997, 53.013677403499997 ], [ -119.389498637900004, 53.013727989 ], [ -119.389136692899996, 53.013779571299999 ], [ -119.388785802399994, 53.013868453 ], [ -119.388436468400002, 53.013946005100003 ], [ -119.388077384, 53.013955880300003 ], [ -119.387754761099998, 53.013837492100002 ], [ -119.387529966, 53.013654504100003 ], [ -119.387252477800004, 53.013509256399999 ], [ -119.386920245699997, 53.013403929100001 ], [ -119.386605520299995, 53.0132835235 ], [ -119.386289979599994, 53.013162584900002 ], [ -119.385968270700005, 53.013045998099997 ], [ -119.385669783200001, 53.0129134751 ], [ -119.385409940499997, 53.0127527028 ], [ -119.385168905599997, 53.012575728500003 ], [ -119.384936544, 53.012392408 ], [ -119.384703148300005, 53.012212359800003 ], [ -119.384459057100003, 53.012045196300001 ], [ -119.38419461, 53.011900520700003 ], [ -119.383852483300004, 53.011850987199999 ], [ -119.383456369599998, 53.0118600427 ], [ -119.3830995207, 53.011798838899999 ], [ -119.382752779699999, 53.011712687299998 ], [ -119.382402863899998, 53.0116351522 ], [ -119.382036434400007, 53.011602072199999 ], [ -119.381660891400003, 53.011594299599999 ], [ -119.381307486, 53.011533355899999 ], [ -119.380971097100002, 53.0114318635 ], [ -119.380616807300001, 53.011365168700003 ], [ -119.380254487900004, 53.011314730899997 ], [ -119.379890561300002, 53.011267478599997 ], [ -119.379525471400001, 53.011222491600002 ], [ -119.379159649299993, 53.0111789296 ], [ -119.378793519799999, 53.011135898500001 ], [ -119.378427509199994, 53.0110924946 ], [ -119.378062048700002, 53.011047878100001 ], [ -119.377697579400007, 53.0110011465 ], [ -119.377334523399995, 53.010951423100003 ], [ -119.376980528299995, 53.010897383100001 ], [ -119.376973540099996, 53.010896314299998 ], [ -119.376616661499995, 53.0108300192 ], [ -119.3762663893, 53.0107522737 ], [ -119.37592444, 53.010663804700002 ], [ -119.375584473299995, 53.010571106699999 ], [ -119.3752465492, 53.010474660200003 ], [ -119.374913269199993, 53.010372793199998 ], [ -119.374587306500004, 53.0102638555 ], [ -119.374271329199999, 53.010146134 ], [ -119.373970693199993, 53.010011089 ], [ -119.373683101099999, 53.009860176 ], [ -119.373401307500004, 53.0097034665 ], [ -119.373118077900003, 53.009551059899998 ], [ -119.372826131300002, 53.009413061899998 ], [ -119.372518250300004, 53.0092995547 ], [ -119.372185382699996, 53.009224676499997 ], [ -119.3718214891, 53.009201330700002 ], [ -119.37143902, 53.009208124499999 ], [ -119.371051883199996, 53.009220686299997 ], [ -119.370673987, 53.009214644499998 ], [ -119.370319339, 53.009164327699999 ], [ -119.3699906513, 53.009059985299999 ], [ -119.369671996099996, 53.008934581299997 ], [ -119.369347788200002, 53.008821378 ], [ -119.369021924099997, 53.008712537 ], [ -119.368685580900006, 53.008622452499999 ], [ -119.368319940500001, 53.008574939799999 ], [ -119.367953297599996, 53.008525019399997 ], [ -119.367586039499997, 53.008476062500002 ], [ -119.367218595400004, 53.008431460700002 ], [ -119.366851349300006, 53.008394602800003 ], [ -119.366484719599995, 53.008368852700002 ], [ -119.366118950900002, 53.008359734499997 ], [ -119.365753106699998, 53.008390181199999 ], [ -119.365388740100002, 53.008450268600001 ], [ -119.365028145500006, 53.008520552699999 ], [ -119.364674676199996, 53.008592453299997 ], [ -119.364329420100006, 53.008681436800003 ], [ -119.363984669499999, 53.0087669905 ], [ -119.363621668600004, 53.0087901634 ], [ -119.363287860499995, 53.008846639200002 ], [ -119.363007324199998, 53.009001404899998 ], [ -119.362757407199993, 53.009168387300001 ], [ -119.362483381700002, 53.0093214937 ], [ -119.362205788599994, 53.009472273299998 ], [ -119.361977080100004, 53.009658377500003 ], [ -119.361803821, 53.009883670599997 ], [ -119.361566445899996, 53.009904970500003 ], [ -119.361436012200002, 53.009796632799997 ], [ -119.361315969900005, 53.0096969397 ], [ -119.3612465211, 53.009476556099997 ], [ -119.361167586899995, 53.009255348799996 ], [ -119.3609981412, 53.009057122500003 ], [ -119.360803176499999, 53.008864865 ], [ -119.360602142100007, 53.008674020100003 ], [ -119.360425845899996, 53.008476657300001 ], [ -119.360207304300005, 53.008304991 ], [ -119.359928442300003, 53.008145719200002 ], [ -119.359631885300004, 53.008005282299997 ], [ -119.359306947700006, 53.007910033400002 ], [ -119.358954042500002, 53.007859437299999 ], [ -119.358583458599995, 53.007834834400001 ], [ -119.358203918, 53.007823256800002 ], [ -119.357824208500006, 53.0078117045 ], [ -119.357451444, 53.007781878800003 ], [ -119.357086956499998, 53.007788713899998 ], [ -119.356729339899999, 53.007856764300001 ], [ -119.3563824684, 53.007940078700003 ], [ -119.356036742, 53.0080262209 ], [ -119.355696921700002, 53.008119646700003 ], [ -119.3553699486, 53.0082257364 ], [ -119.3550644253, 53.008352953200003 ], [ -119.354774780200003, 53.008496363900001 ], [ -119.354484992300002, 53.008639045499997 ], [ -119.354177743, 53.008763074599997 ], [ -119.353824428799996, 53.008838031800003 ], [ -119.353460292899996, 53.008886535899997 ], [ -119.353094287399998, 53.008930314399997 ], [ -119.352726309900007, 53.008968299 ], [ -119.352357262, 53.008998568899997 ], [ -119.351987097399999, 53.009014728899999 ], [ -119.351614192, 53.009009925299999 ], [ -119.351240951099996, 53.009003913100003 ], [ -119.350868547, 53.009008148200003 ], [ -119.350518167800004, 53.0089603618 ], [ -119.350186746, 53.008846848099999 ], [ -119.349880314100005, 53.008720925900001 ], [ -119.349711143299999, 53.008536093300002 ], [ -119.349576153499996, 53.008325209900001 ], [ -119.349375522700001, 53.0081357432 ], [ -119.349165614100002, 53.007948821500001 ], [ -119.348960009500004, 53.007760675199997 ], [ -119.348772287900005, 53.007567552399998 ], [ -119.348648656699993, 53.0073553561 ], [ -119.348556614499998, 53.007135240499998 ], [ -119.348366615499998, 53.006946237599998 ], [ -119.348099713400003, 53.006783613700001 ], [ -119.347793925399998, 53.006656775800003 ], [ -119.347466554700006, 53.006546273200001 ], [ -119.347124260300006, 53.006451537099998 ], [ -119.346773745099995, 53.006377448499997 ], [ -119.346411463400003, 53.006337699500001 ], [ -119.346036796, 53.006324862900001 ], [ -119.3456620356, 53.006310804400002 ], [ -119.345289288199993, 53.006260150300001 ], [ -119.344928700699995, 53.0062590916 ], [ -119.344585933399998, 53.006341388700001 ], [ -119.344248168299998, 53.006446927600003 ], [ -119.343906796100001, 53.006541519899997 ], [ -119.343550204799996, 53.006581551399996 ], [ -119.343173600699998, 53.006553433800001 ], [ -119.342803071500001, 53.006552715300003 ], [ -119.342430932100001, 53.006537615399999 ], [ -119.342058484600003, 53.006520372 ], [ -119.341685970300006, 53.006502790500001 ], [ -119.341313670199995, 53.006486615500002 ], [ -119.340941856399994, 53.006473645200003 ], [ -119.340570733899995, 53.006465628900003 ], [ -119.340200803299993, 53.006466061600001 ], [ -119.339837300599996, 53.006514343200003 ], [ -119.339477673299996, 53.006580139599997 ], [ -119.339120125799994, 53.006663421100001 ], [ -119.338763747100003, 53.006714930299999 ], [ -119.338405226700004, 53.006683986200002 ], [ -119.338046460100003, 53.006610538 ], [ -119.337694452700006, 53.006526639900002 ], [ -119.337368800500002, 53.006416610300001 ], [ -119.337095284399993, 53.0062651179 ], [ -119.336837527699998, 53.006101939499999 ], [ -119.336584623899995, 53.0059354789 ], [ -119.336315548100004, 53.0057814448 ], [ -119.336006840699994, 53.005657766900001 ], [ -119.335678990700004, 53.005548615800002 ], [ -119.3353818378, 53.005411959 ], [ -119.335014740199995, 53.005389656600002 ], [ -119.334640102, 53.005403274199999 ], [ -119.334279264200006, 53.005459406 ], [ -119.333935088399997, 53.005546149099999 ], [ -119.333596937699994, 53.005641777500003 ], [ -119.333225525, 53.005645075099999 ], [ -119.332850003, 53.005588982900001 ], [ -119.332550798900002, 53.005668719100001 ], [ -119.332309404300005, 53.005849091800002 ], [ -119.332032532100001, 53.005998973 ], [ -119.3317653565, 53.006154706799997 ], [ -119.331524795199996, 53.0063270761 ], [ -119.331292055700004, 53.0065015813 ], [ -119.331087831, 53.0066902728 ], [ -119.330779248400006, 53.006805119600003 ], [ -119.330422505900003, 53.006856079400002 ], [ -119.330057056800001, 53.006895640499998 ], [ -119.329686237399997, 53.006928719199998 ], [ -119.329313392299994, 53.006960178200003 ], [ -119.328941845299994, 53.006994915100002 ], [ -119.328574952699995, 53.007037811399996 ], [ -119.328216588700002, 53.007095317699999 ], [ -119.327870255, 53.007176627699998 ], [ -119.327529865299994, 53.007270285399997 ], [ -119.327188046399996, 53.0073616731 ], [ -119.3268314635, 53.007431837 ], [ -119.3264777869, 53.007501444500001 ], [ -119.326201813899999, 53.007647880199997 ], [ -119.325941842700004, 53.007860601300003 ], [ -119.325638340599994, 53.007955897400002 ], [ -119.325248512499996, 53.008052883600001 ], [ -119.324933057300001, 53.008155855299997 ], [ -119.324642681399993, 53.008265778400002 ], [ -119.324327624199995, 53.008376199499999 ], [ -119.324012179299999, 53.008479169499999 ], [ -119.323675024699995, 53.008590909699997 ], [ -119.323374649200005, 53.008724167799997 ], [ -119.323082995899995, 53.0088635571 ], [ -119.322801634699999, 53.009009968 ], [ -119.322528400799996, 53.009162287199999 ], [ -119.322260809400007, 53.009318672 ], [ -119.321996366099995, 53.009477342 ], [ -119.321755570899995, 53.009677449400002 ], [ -119.321385399700006, 53.0098420801 ], [ -119.296866331199993, 53.012070984399998 ], [ -119.296862792599995, 53.010557898099997 ], [ -119.293159436600007, 53.0106256109 ], [ -119.301919868499994, 53.005900522 ], [ -119.305965179500006, 53.0025365256 ], [ -119.310500154799996, 52.997752849100003 ], [ -119.319105871, 52.988839666700002 ], [ -119.3219609545, 52.982078866099997 ], [ -119.328536865700002, 52.978206943399996 ], [ -119.347490873300003, 52.973875824 ], [ -119.354366927900003, 52.973479358100001 ], [ -119.362474048799996, 52.974780354 ], [ -119.3645157638, 52.975298047599999 ], [ -119.364556135599997, 52.975308241699999 ], [ -119.364576342600003, 52.9753132994 ], [ -119.364596567299998, 52.975318340100003 ], [ -119.364616809599994, 52.975323363800001 ], [ -119.364637056099994, 52.975328360699997 ], [ -119.364657321699994, 52.9753333317 ], [ -119.364677604899995, 52.975338285699998 ], [ -119.3646979058, 52.975343222600003 ], [ -119.364738532199993, 52.975353034900003 ], [ -119.364779218600006, 52.975362751500001 ], [ -119.364819964899993, 52.975372372400003 ], [ -119.364840378699995, 52.975377162599997 ], [ -119.364860781800004, 52.975381925299999 ], [ -119.364881189200005, 52.975386661100003 ], [ -119.364901630399999, 52.975391371800001 ], [ -119.364942548200005, 52.975400759300001 ], [ -119.364983511099993, 52.975410050199997 ], [ -119.365004013700002, 52.975414656399998 ], [ -119.3650245205, 52.975419235799997 ], [ -119.365065599100006, 52.975428362099997 ], [ -119.365106737600001, 52.975437392800004 ], [ -119.3651273057, 52.975441867599997 ], [ -119.365147891500001, 52.9754463254 ], [ -119.3651685098, 52.975450766900003 ], [ -119.365209757599999, 52.975459578699997 ], [ -119.365230400599998, 52.975463958600002 ], [ -119.365271728799996, 52.975472639800003 ], [ -119.365292414, 52.975476941099998 ], [ -119.365333822599993, 52.975485491800001 ], [ -119.365354532500007, 52.975489731400003 ], [ -119.365396018699997, 52.975498169399998 ], [ -119.365437537899993, 52.975506492199997 ], [ -119.365458324, 52.975510628 ], [ -119.365479115699998, 52.975514728199997 ], [ -119.365520734399993, 52.975522894500003 ], [ -119.365541564200001, 52.975526942800002 ], [ -119.365583249799997, 52.975534968799998 ], [ -119.365624994, 52.975542908 ], [ -119.365666768400004, 52.975550749900002 ], [ -119.365708598599994, 52.975558522900002 ], [ -119.365750473800006, 52.975566199399999 ], [ -119.365771431900001, 52.975570002799998 ], [ -119.3657923942, 52.975573779400001 ], [ -119.3658133741, 52.975577539 ], [ -119.365855345100002, 52.975584986800001 ], [ -119.365876364499996, 52.975588685600002 ], [ -119.365897373300001, 52.975592356699998 ], [ -119.365939431699999, 52.9755996293 ], [ -119.365960494800007, 52.9756032405 ], [ -119.365981547299995, 52.975606824099998 ], [ -119.366005743700001, 52.975610909300002 ], [ -119.366029944399997, 52.975614967699997 ], [ -119.366078405600007, 52.9756229889 ], [ -119.366102635100006, 52.975626959 ], [ -119.366126899899996, 52.9756308949 ], [ -119.366151183699998, 52.975634805 ], [ -119.366175456899995, 52.9756386874 ], [ -119.366199762600004, 52.975642553699998 ], [ -119.3662240604, 52.9756463744 ], [ -119.366248392100005, 52.975650170100003 ], [ -119.366272729399995, 52.975653930100002 ], [ -119.3662970723, 52.975657654400003 ], [ -119.366321432899994, 52.975661361599997 ], [ -119.366345812500001, 52.975665042899998 ], [ -119.366370197699993, 52.975668688500001 ], [ -119.366418995499998, 52.975675900200002 ], [ -119.366443410900004, 52.975679448500003 ], [ -119.366467845399995, 52.975682970800001 ], [ -119.366492297500002, 52.975686476100002 ], [ -119.366516740400002, 52.975689944899997 ], [ -119.366541202299999, 52.975693387699998 ], [ -119.366565684600005, 52.975696795600001 ], [ -119.366590186, 52.975700177699999 ], [ -119.366639187900006, 52.975706851600002 ], [ -119.366688254, 52.975713403 ], [ -119.366737353100007, 52.975719839299998 ], [ -119.366761916300007, 52.975723017699998 ], [ -119.366786486600006, 52.975726151400004 ], [ -119.366811074500006, 52.975729268199999 ], [ -119.366860280500006, 52.975735404300003 ], [ -119.366884897199995, 52.975738432599996 ], [ -119.366934160900001, 52.975744391900001 ], [ -119.366958806499994, 52.975747331800001 ], [ -119.366983459, 52.975750227 ], [ -119.367008129200002, 52.975753105300001 ], [ -119.367032803599997, 52.975755956699999 ], [ -119.367057484900002, 52.975758763499996 ], [ -119.367082198800006, 52.975761554199998 ], [ -119.367106902, 52.975764317200003 ], [ -119.3671563252, 52.9757697362 ], [ -119.367181058599996, 52.975772401900002 ], [ -119.3672305395, 52.975777644 ], [ -119.367280054700004, 52.975782762 ], [ -119.367304840200006, 52.975785286499999 ], [ -119.367354398299995, 52.975790226800001 ], [ -119.367379214, 52.975792654 ], [ -119.367428814899995, 52.975797416600003 ], [ -119.367478479799999, 52.975802056699997 ], [ -119.367501189699993, 52.975804148899996 ], [ -119.367523919899995, 52.9758062063 ], [ -119.367569390200003, 52.975810258499997 ], [ -119.367614893500004, 52.9758141955 ], [ -119.3676603973, 52.975818033400003 ], [ -119.3677059611, 52.975821775699998 ], [ -119.3677515105, 52.975825418100001 ], [ -119.367774298900002, 52.975827199599998 ], [ -119.367819901700003, 52.975830691900001 ], [ -119.367842702700003, 52.975832393 ], [ -119.367865521400006, 52.975834077199998 ], [ -119.367888329300001, 52.9758357336 ], [ -119.367911141500002, 52.975837363399997 ], [ -119.367956806699993, 52.975840553 ], [ -119.3679796463, 52.975842103300003 ], [ -119.368025321800005, 52.9758451314 ], [ -119.368071024700001, 52.9758480801 ], [ -119.368116760600003, 52.975850913599999 ], [ -119.368139628099996, 52.9758522853 ], [ -119.368185371500005, 52.975854975099999 ], [ -119.368231134400006, 52.975857539899998 ], [ -119.368276908599995, 52.975860033300002 ], [ -119.368322702200004, 52.975862401800001 ], [ -119.368345604699996, 52.975863550299998 ], [ -119.368391420699993, 52.975865775899997 ], [ -119.368414334299999, 52.975866853100001 ], [ -119.368460159199998, 52.975868926099999 ], [ -119.3685059994, 52.975870901 ], [ -119.368528917700004, 52.975871852300003 ], [ -119.368551869900003, 52.975872778499998 ], [ -119.368574796600001, 52.975873676200003 ], [ -119.368620677300001, 52.975875392200003 ], [ -119.368643616499995, 52.975876209600003 ], [ -119.368689489900007, 52.975877781100003 ], [ -119.368712425400005, 52.975878526199999 ], [ -119.368758338800006, 52.975879937899997 ], [ -119.3688042526, 52.975881250500002 ], [ -119.368827207699994, 52.9758818707 ], [ -119.368850167, 52.975882464100003 ], [ -119.368873130400004, 52.975883030699997 ], [ -119.368919053699997, 52.975884091700003 ], [ -119.368942028299998, 52.975884587 ], [ -119.368987960400005, 52.9758854954 ], [ -119.369010919299996, 52.975885899700003 ], [ -119.3690568751, 52.975886656299998 ], [ -119.369079843700007, 52.975886998100002 ], [ -119.369102816600005, 52.975887313100003 ], [ -119.369125793600006, 52.975887601399997 ], [ -119.369148774799996, 52.975887862800001 ], [ -119.369171743899997, 52.975888105599999 ], [ -119.369194733499995, 52.9758883135 ], [ -119.3692406941, 52.975888656199999 ], [ -119.369286639, 52.9758889079 ], [ -119.369309633200004, 52.97588899 ], [ -119.369355587, 52.975889089200003 ], [ -119.369386224500005, 52.9758890803 ], [ -119.377554435299999, 52.977198689700003 ], [ -119.388967915199999, 52.979675803500001 ], [ -119.393815507599996, 52.980081769199998 ], [ -119.399950464100002, 52.980029781600003 ], [ -119.411091564399996, 52.978905536399999 ], [ -119.424433071799996, 52.976646945900001 ], [ -119.436908153299996, 52.976526216499998 ], [ -119.441017709600004, 52.977269390099998 ], [ -119.446659127399997, 52.979581030200002 ], [ -119.4653404986, 52.9887172627 ], [ -119.484105671500004, 52.994261131899997 ], [ -119.496209721900001, 53.000004530799998 ], [ -119.508334421, 53.00473999 ], [ -119.521080018199996, 53.010629516800002 ], [ -119.552365112, 53.033970107099996 ], [ -119.5572514232, 53.036643817799998 ], [ -119.565743829100001, 53.040015681900002 ], [ -119.606418988599998, 53.056149572400003 ], [ -119.629536099399999, 53.066916683599999 ], [ -119.654520313500001, 53.076548991599999 ], [ -119.669765806300006, 53.0835366011 ], [ -119.677631456499995, 53.0853920363 ], [ -119.685682032499997, 53.086352382800001 ], [ -119.694452312799996, 53.0866307302 ], [ -119.698026222799996, 53.087385724199997 ], [ -119.706303113499999, 53.091280051 ], [ -119.71523306, 53.099538404900002 ], [ -119.721497381199995, 53.1034218952 ], [ -119.729586956899993, 53.108435370199999 ], [ -119.822201475599996, 53.151712248800003 ], [ -119.843821674599994, 53.158779465499997 ], [ -119.853489703299999, 53.161082151899997 ], [ -119.864746733900006, 53.163761984099999 ], [ -119.867915297799996, 53.1645129578 ], [ -119.903845908500003, 53.179423167300001 ], [ -119.932378977, 53.190440886499999 ], [ -119.936092420199998, 53.195568269500001 ], [ -119.938777986600002, 53.199275546 ], [ -119.940254895600006, 53.202018015 ], [ -119.949848185, 53.211942090500003 ], [ -119.963446751500001, 53.217107986800002 ], [ -119.988703164399993, 53.2250286385 ], [ -120.000001065500001, 53.2290963787 ], [ -120.018675664200003, 53.242388571799999 ], [ -120.025790398599995, 53.247449704799998 ], [ -120.035525960100003, 53.2558307969 ], [ -120.040313794699998, 53.258791131800002 ], [ -120.065843096500004, 53.272075382399997 ], [ -120.080251184600002, 53.280747292199997 ], [ -120.103548489900007, 53.293661999699999 ], [ -120.123089972200006, 53.302147547300002 ], [ -120.146113226, 53.302188168900003 ], [ -120.1509119559, 53.303008228499998 ], [ -120.150852846500001, 53.301892419399998 ], [ -120.150974474, 53.298651456599998 ], [ -120.157511627800005, 53.298646789 ], [ -120.157473295100004, 53.2953785272 ], [ -120.157281106699998, 53.2947116315 ], [ -120.157005358899994, 53.2938335192 ], [ -120.157923608600001, 53.2935690909 ], [ -120.158551555700001, 53.293126884199999 ], [ -120.1589172475, 53.291339389500003 ], [ -120.162551684, 53.290473977200001 ], [ -120.164002160099997, 53.289043275600001 ], [ -120.163994180700001, 53.258017644 ], [ -120.163914791400003, 52.946989983 ], [ -120.163908951, 52.9239240749 ], [ -120.159125249400006, 52.921343813100002 ], [ -120.166911302200006, 52.914195018900003 ], [ -120.166606079700003, 52.909609437 ], [ -120.165867509500004, 52.898509959599998 ], [ -120.162520557099995, 52.893810656299998 ], [ -120.161951928600004, 52.893016312199997 ], [ -120.152668039600002, 52.887439145 ], [ -120.146586959, 52.884603668099999 ], [ -120.142596843800007, 52.876767337899999 ], [ -120.142545496799997, 52.876740773800002 ], [ -120.147102984399993, 52.873863981900001 ], [ -120.157439958400005, 52.866650432599997 ], [ -120.165268104399999, 52.861974029700001 ], [ -120.177253392699996, 52.860034544299999 ], [ -120.185613881099997, 52.864289241100003 ], [ -120.212142781, 52.876331767700002 ], [ -120.2183657092, 52.877868984499997 ], [ -120.225586098400001, 52.873059063699998 ], [ -120.227753375700004, 52.868193720699999 ], [ -120.232542682800002, 52.8634790459 ], [ -120.242504518100006, 52.861509810199998 ], [ -120.259537025399993, 52.859616022099999 ], [ -120.268170056299994, 52.861665329200001 ], [ -120.274944746100005, 52.865162055500001 ], [ -120.282731020699998, 52.868668987600003 ], [ -120.298805047100004, 52.864924747099998 ], [ -120.312922571200005, 52.858713182199999 ], [ -120.316333813100002, 52.852270079900002 ], [ -120.332026577799994, 52.839838752 ], [ -120.334228400800001, 52.833139101900002 ], [ -120.305607344400002, 52.8172189211 ], [ -120.302438157099999, 52.815110167500002 ], [ -120.316018850299997, 52.8057161479 ], [ -120.321408187900005, 52.8005157252 ], [ -120.339696421499994, 52.788233638500003 ], [ -120.3342383122, 52.781338591299999 ], [ -120.308273838900007, 52.780112517 ], [ -120.290362700800003, 52.771992902199997 ], [ -120.293627126199993, 52.763473531499997 ], [ -120.278380674399997, 52.7499928326 ], [ -120.273780528800003, 52.745923226199999 ], [ -120.293694143600007, 52.725604409200002 ], [ -120.288881399700003, 52.721402346399998 ], [ -120.275697235500004, 52.717971431199999 ], [ -120.272520482900006, 52.716274909200003 ], [ -120.272622880399993, 52.716213760199999 ], [ -120.271999579099997, 52.715766881900002 ], [ -120.270184677900005, 52.715030681899997 ], [ -120.269650020699999, 52.714576882300001 ], [ -120.269492972899997, 52.7136726839 ], [ -120.269119493100007, 52.712880463899999 ], [ -120.280348934, 52.707932556599999 ], [ -120.286897652600004, 52.705012635400003 ], [ -120.275197442099994, 52.696095654700002 ], [ -120.268267028, 52.688256308299998 ], [ -120.254914778400007, 52.6841268744 ], [ -120.2543835269, 52.677350999799998 ], [ -120.289727664500006, 52.657754730199997 ], [ -120.235278701, 52.6347139314 ], [ -120.234037592500002, 52.627993224699999 ], [ -120.237694563600002, 52.6207656176 ], [ -120.24458548, 52.621508438799999 ], [ -120.251507502600006, 52.619620042400001 ], [ -120.252234356200006, 52.618497230099997 ], [ -120.254285705800001, 52.615349621199996 ], [ -120.263176423399997, 52.611439431199997 ], [ -120.267893671500005, 52.608309885600001 ], [ -120.288465237899999, 52.607692584799999 ], [ -120.293677984499993, 52.607626543800002 ], [ -120.292979146899995, 52.597025425600002 ], [ -120.290555699899997, 52.589702735099998 ], [ -120.291580602, 52.587359043399999 ], [ -120.3005219474, 52.588388328400001 ], [ -120.303127028700004, 52.588355021600002 ], [ -120.306344437099995, 52.585150342200002 ], [ -120.305762264600006, 52.581377925 ], [ -120.304611225, 52.577187832 ], [ -120.316170038600006, 52.5663566566 ], [ -120.3255519187, 52.572210146300002 ], [ -120.333210152899994, 52.566752895800001 ], [ -120.333704404599999, 52.558283638399999 ], [ -120.341466702399998, 52.5523563068 ], [ -120.363012672400004, 52.528142098700002 ], [ -120.371266784499994, 52.529217705900002 ], [ -120.389651158899994, 52.537087612400001 ], [ -120.400901690599994, 52.535894041500001 ], [ -120.407677822899998, 52.534483469900003 ], [ -120.410032740700004, 52.532621698900002 ], [ -120.418039328500001, 52.5279269794 ], [ -120.441106947899996, 52.517184617799998 ], [ -120.449726424600001, 52.510551585 ], [ -120.462477514200003, 52.510657976499999 ], [ -120.495501050800002, 52.499462269399999 ], [ -120.500768836899994, 52.497674837300004 ], [ -120.509401858199993, 52.494744595500002 ], [ -120.532763374500007, 52.478985829 ], [ -120.538549778499998, 52.473324406899998 ], [ -120.540563320499999, 52.468633769299998 ], [ -120.542150545400006, 52.466116497500003 ], [ -120.541362274700006, 52.464090875899998 ], [ -120.5412319645, 52.463756113899997 ], [ -120.538863354900002, 52.461678295 ], [ -120.531242930399998, 52.4572049824 ], [ -120.521867816599993, 52.453834172699999 ], [ -120.518482392199999, 52.454393849600002 ], [ -120.5128320763, 52.452699891499996 ], [ -120.509009025099999, 52.451197485400002 ], [ -120.507617292099994, 52.4485388656 ], [ -120.504975584299999, 52.445811043299997 ], [ -120.502298211099998, 52.444847371400002 ], [ -120.500594332099993, 52.444157293300002 ], [ -120.49948023, 52.443706030500003 ], [ -120.500001946400005, 52.441651421700001 ], [ -120.497049593100002, 52.44003838 ], [ -120.492915453799995, 52.439650048600001 ], [ -120.484717071600002, 52.4356391647 ], [ -120.479789758600006, 52.4318324316 ], [ -120.471019353800003, 52.427697904399999 ], [ -120.463975706200003, 52.423930792900002 ], [ -120.459220387499997, 52.421242188100003 ], [ -120.459803440200005, 52.4117181612 ], [ -120.472604771700006, 52.405885137600002 ], [ -120.491154892400004, 52.400391240300003 ], [ -120.500425489899996, 52.39528377 ], [ -120.513243575800004, 52.388218445299998 ], [ -120.521090165800004, 52.379753083600001 ], [ -120.523515565500006, 52.3734794286 ], [ -120.5251958379, 52.3659648645 ], [ -120.527415442899994, 52.360336674899997 ], [ -120.527240735299998, 52.3543954007 ], [ -120.526944332300005, 52.349805881100004 ], [ -120.519534561699999, 52.345569918199999 ], [ -120.517549125, 52.343965856200001 ], [ -120.519992338899996, 52.341633072699999 ], [ -120.524738189399997, 52.3392006674 ], [ -120.534850970799994, 52.329400964599998 ], [ -120.519487805099999, 52.324453153299999 ], [ -120.512819438199998, 52.326277708399999 ], [ -120.507849113199995, 52.325118783 ], [ -120.5008022592, 52.3222370274 ], [ -120.500199030600001, 52.321971967700001 ], [ -120.489479531499995, 52.317260389799998 ], [ -120.480553049799994, 52.312597367199999 ], [ -120.466472756599998, 52.304419535900003 ], [ -120.4713905901, 52.298287196799997 ], [ -120.478098320499996, 52.293521907500001 ], [ -120.479546635600002, 52.292945929799998 ], [ -120.480359582199995, 52.2906595989 ], [ -120.481214135299993, 52.286315668599997 ], [ -120.491500068, 52.288514460899997 ], [ -120.493480809800005, 52.280475582 ], [ -120.4826937829, 52.277972112500002 ], [ -120.478651722, 52.274056977100003 ], [ -120.473116053, 52.268247384 ], [ -120.463315724500006, 52.257917257400003 ], [ -120.455196900900006, 52.2493306179 ], [ -120.452028872599996, 52.245978857200001 ], [ -120.4450275608, 52.242808819399997 ], [ -120.437092807900001, 52.238749713499999 ], [ -120.436680964900006, 52.236104661900001 ], [ -120.441184286, 52.232154074 ], [ -120.436676260799999, 52.228828234700003 ], [ -120.429398776400006, 52.223482463 ], [ -120.424651895400004, 52.218334222 ], [ -120.423067033500004, 52.212978867300002 ], [ -120.420751961400001, 52.210023640199999 ], [ -120.4152413817, 52.208743673500003 ], [ -120.408298220600003, 52.2074512015 ], [ -120.401027059399993, 52.207859181700002 ], [ -120.395099681399998, 52.2042256788 ], [ -120.394313077500001, 52.2030038734 ], [ -120.392891461, 52.200801447700002 ], [ -120.391624939300002, 52.194040585499998 ], [ -120.395356496600002, 52.193375658800001 ], [ -120.393744931699999, 52.189749015099999 ], [ -120.390200814099998, 52.188688629300003 ], [ -120.389717555900006, 52.187610534699999 ], [ -120.389493222900001, 52.187273454500001 ], [ -120.387680740700006, 52.184549837600002 ], [ -120.386956036599997, 52.178548792900003 ], [ -120.392928134399995, 52.1697931422 ], [ -120.401447049799998, 52.166189594800002 ], [ -120.403091966, 52.161174552200002 ], [ -120.407612273400005, 52.144257954799997 ], [ -120.395698638, 52.141454527500002 ], [ -120.38754755, 52.137445119299997 ], [ -120.382216247100004, 52.134822851700001 ], [ -120.378530942300003, 52.133441953899997 ], [ -120.375370621900004, 52.133944461399999 ], [ -120.370700314700002, 52.137668526799999 ], [ -120.357966580199999, 52.147145003 ], [ -120.350941324700003, 52.153318346299997 ], [ -120.347442522600005, 52.155816629299999 ], [ -120.344025746100002, 52.155082451200002 ], [ -120.338154496900003, 52.1533286405 ], [ -120.332614214100005, 52.153515315900002 ], [ -120.324550009899994, 52.155325039499999 ], [ -120.3199265266, 52.153346603499998 ], [ -120.308116308300001, 52.140331263900002 ], [ -120.309853582399995, 52.1328438054 ], [ -120.3109144501, 52.129043438300002 ], [ -120.316676449300004, 52.120953047299999 ], [ -120.313668987100002, 52.115881119599997 ], [ -120.310629694100001, 52.111981607 ], [ -120.305291564100003, 52.108470806100001 ], [ -120.302805987799999, 52.105280154200003 ], [ -120.301014516699993, 52.101158136899997 ], [ -120.299767307899998, 52.098038288600002 ], [ -120.295211811399994, 52.088846586400003 ], [ -120.293672245099998, 52.082616589799997 ], [ -120.296288213500006, 52.077778117100003 ], [ -120.301120889499998, 52.075485379900002 ], [ -120.308496976599997, 52.074336042 ], [ -120.314378648599998, 52.068535224 ], [ -120.316782710699997, 52.064339162800003 ], [ -120.3180305785, 52.0571414068 ], [ -120.31921035, 52.048946583800003 ], [ -120.320284274599999, 52.044561083799998 ], [ -120.320338133899995, 52.039168787800001 ], [ -120.316989635400006, 52.027651092600003 ], [ -120.308590612800003, 52.023769631100002 ], [ -120.297312084500007, 52.022729938099999 ], [ -120.288703785500005, 52.019735469399997 ], [ -120.288524385599999, 52.015777452199998 ], [ -120.288392582599997, 52.012869238100002 ], [ -120.296436963900007, 52.012180498699998 ], [ -120.305794578100006, 52.0129125108 ], [ -120.311255993800003, 52.007822740400002 ], [ -120.31665886, 52.004812684900003 ], [ -120.319890529099993, 52.0008948917 ], [ -120.322047386700007, 51.999987968100001 ], [ -120.326040201400005, 51.998308838600003 ], [ -120.328837808900005, 51.996030577399999 ], [ -120.329227663500006, 51.9957130835 ], [ -120.330011532499995, 51.99507468 ], [ -120.331635239, 51.991243950399998 ], [ -120.328570819700005, 51.9891873133 ], [ -120.328862009800005, 51.984719284400001 ], [ -120.336043317600002, 51.981311623700002 ], [ -120.345313171499996, 51.975481010199999 ], [ -120.340258824399996, 51.972210563300003 ], [ -120.339085939100002, 51.9688201576 ], [ -120.331015275799999, 51.968124555300001 ], [ -120.323659019, 51.972385669799998 ], [ -120.316314590900006, 51.976124943599999 ], [ -120.307584160199994, 51.974848841499998 ], [ -120.298318055199999, 51.968572071399997 ], [ -120.293575438299996, 51.969466530699997 ], [ -120.285160959400002, 51.975331656400002 ], [ -120.278017139699998, 51.9777145125 ], [ -120.276206181899994, 51.976282511199997 ], [ -120.2736888644, 51.974291747099997 ], [ -120.270098069400007, 51.967236560800004 ], [ -120.2695957623, 51.965052629900001 ], [ -120.268600129199996, 51.960722811700002 ], [ -120.268583399899995, 51.959506524299996 ], [ -120.268464343, 51.950844537199998 ], [ -120.264652906600006, 51.948622877399998 ], [ -120.257965253199998, 51.945384674800003 ], [ -120.257444714499997, 51.9450380368 ], [ -120.256529577199998, 51.944428543500003 ], [ -120.250687938, 51.940529400199999 ], [ -120.250275713400001, 51.940253091300001 ], [ -120.249353629799998, 51.938016247299998 ], [ -120.248613973800005, 51.936075757600001 ], [ -120.247791632800002, 51.93380836 ], [ -120.247787816900001, 51.933807709600003 ], [ -120.247240404799996, 51.933246605500003 ], [ -120.246821497499994, 51.933182514199999 ], [ -120.246385593400007, 51.932956112500001 ], [ -120.246406939899998, 51.932669284100001 ], [ -120.246466315, 51.9318707961 ], [ -120.246319697199993, 51.931426487400003 ], [ -120.246405803, 51.931339710300001 ], [ -120.246517410600006, 51.9312683888 ], [ -120.246958284599998, 51.9309821031 ], [ -120.247230004200006, 51.930557692 ], [ -120.247878308200001, 51.930049147 ], [ -120.247704616199997, 51.919561952800002 ], [ -120.247976624100005, 51.912331570200003 ], [ -120.255701892199994, 51.903372404400002 ], [ -120.269162025, 51.895896785700003 ], [ -120.273161466700003, 51.892605673799999 ], [ -120.272735070899998, 51.8905272533 ], [ -120.272455585, 51.889165087499997 ], [ -120.272374017199994, 51.888770389900003 ], [ -120.266332655, 51.8866167495 ], [ -120.260077928200005, 51.8834189632 ], [ -120.256622633600003, 51.877177183800001 ], [ -120.257449703600003, 51.872619964499997 ], [ -120.2383015833, 51.868918428900002 ], [ -120.232186705900006, 51.871644575200001 ], [ -120.231062582600003, 51.872143178 ], [ -120.223962892499998, 51.866594245800002 ], [ -120.225841863, 51.854740344600003 ], [ -120.228877083499995, 51.8507481117 ], [ -120.225652981300001, 51.8461548139 ], [ -120.225227939700005, 51.845539453299999 ], [ -120.222445787500007, 51.839845578099997 ], [ -120.219142687599998, 51.835535957700003 ], [ -120.219195670800005, 51.828632796900003 ], [ -120.226649682900003, 51.825429807 ], [ -120.237825022099997, 51.826272829600001 ], [ -120.247030773800006, 51.828927337800003 ], [ -120.267403499799997, 51.831382333 ], [ -120.275781790400004, 51.832196943299998 ], [ -120.286051754400006, 51.828270740299999 ], [ -120.296269532500006, 51.82843794 ], [ -120.298526063699995, 51.8284747103 ], [ -120.305008459500002, 51.8314465148 ], [ -120.307694488500005, 51.8269536006 ], [ -120.312353843400004, 51.824761821199999 ], [ -120.319525074599994, 51.819912554399998 ], [ -120.317382611, 51.810951038299997 ], [ -120.318690861099995, 51.802480576 ], [ -120.319987796500001, 51.794080110400003 ], [ -120.321558842, 51.783724464499997 ], [ -120.3289867867, 51.775647314099999 ], [ -120.336606361500003, 51.770897599500003 ], [ -120.3486429644, 51.768017630400003 ], [ -120.358650038, 51.771208542899998 ], [ -120.375760037700005, 51.769503156 ], [ -120.379362642199993, 51.762382764900003 ], [ -120.361025835899994, 51.756332579800002 ], [ -120.349924581899998, 51.752667315 ], [ -120.345597700900001, 51.749158717199997 ], [ -120.343592958, 51.747532787 ], [ -120.338669213399996, 51.738676669699998 ], [ -120.338488219799999, 51.738345749300002 ], [ -120.338523354900005, 51.732974924399997 ], [ -120.341823580799996, 51.730530686599998 ], [ -120.345668378900001, 51.727593458699999 ], [ -120.346386626200001, 51.727399142199999 ], [ -120.359195754599995, 51.723866561 ], [ -120.372432547499997, 51.722067027800001 ], [ -120.376948398400003, 51.719217590600003 ], [ -120.376810144900006, 51.719038954200002 ], [ -120.3749595747, 51.716610085699998 ], [ -120.375572977700003, 51.715579391799999 ], [ -120.3761593065, 51.714594059100001 ], [ -120.377018505799995, 51.713053175900001 ], [ -120.378070972299994, 51.711201888 ], [ -120.379180352500001, 51.709240942800001 ], [ -120.380728944300003, 51.708568242799998 ], [ -120.389305865799997, 51.704858956599999 ], [ -120.391270804100003, 51.704008973299999 ], [ -120.407524990499994, 51.7051425748 ], [ -120.432974674799993, 51.712162451899999 ], [ -120.442969382499996, 51.711806120600002 ], [ -120.453061406700002, 51.7106406666 ], [ -120.459355523799999, 51.709880758300002 ], [ -120.481308448299998, 51.704348831200001 ], [ -120.500501552499998, 51.6977410569 ], [ -120.503633751899997, 51.6966621782 ], [ -120.508043715599996, 51.694718470300003 ], [ -120.508256299099997, 51.694624736900003 ], [ -120.512304182199998, 51.692839982 ], [ -120.517993196199996, 51.6903310545 ], [ -120.528656590099999, 51.684997881800001 ], [ -120.531869309200005, 51.678634918699998 ], [ -120.538794052599997, 51.676551017800001 ], [ -120.542928096899999, 51.674200242 ], [ -120.543503180800002, 51.672093706 ], [ -120.544171204600005, 51.669646375799999 ], [ -120.544233783799996, 51.669580701299999 ], [ -120.546783316299994, 51.666911742 ], [ -120.550810423599998, 51.664980394499999 ], [ -120.558415040400007, 51.664548358499999 ], [ -120.560427701699993, 51.6612588383 ], [ -120.560418250200001, 51.660319701699997 ], [ -120.560417354, 51.660229777200001 ], [ -120.5603826344, 51.6421935292 ], [ -120.560425099400007, 51.639311271300002 ], [ -120.560408390199996, 51.639311094500002 ], [ -120.560740226700005, 51.625094447099997 ], [ -120.561461770899996, 51.5941536455 ], [ -120.561525048099995, 51.593101522600001 ], [ -120.561344088300004, 51.5908419525 ], [ -120.560765369400002, 51.574218946199998 ], [ -120.560428092799995, 51.5677873072 ], [ -120.560349809599998, 51.565913276899998 ], [ -120.560267243599995, 51.563575033900001 ], [ -120.559818173500005, 51.543736197100003 ], [ -120.559360908, 51.523759656199999 ], [ -120.558893892599997, 51.503336898299999 ], [ -120.558786732100003, 51.498649096500003 ], [ -120.558565871400006, 51.488981232 ], [ -120.558545841200001, 51.476517643800001 ], [ -120.557743894400005, 51.46924814 ], [ -120.557696345899998, 51.468074809299999 ], [ -120.557671325800001, 51.4669099571 ], [ -120.558555378299999, 51.458647944299997 ], [ -120.5590939529, 51.455609066900003 ], [ -120.559599632800001, 51.450796357500003 ], [ -120.560666964299998, 51.437585967499999 ], [ -120.560711612099993, 51.435375343399997 ], [ -120.560728810900002, 51.434617916599997 ], [ -120.560796078099997, 51.426381471 ], [ -120.560796098099999, 51.426380022700002 ], [ -120.560927028099997, 51.426382057 ], [ -120.558339566, 51.4025028155 ], [ -120.557947710600004, 51.394038521799999 ], [ -120.557907749899996, 51.393174159600001 ], [ -120.557789166800006, 51.388879861600003 ], [ -120.557769895500002, 51.388182338100002 ], [ -120.557608147400003, 51.380244427599997 ], [ -120.557652224600005, 51.363032210699998 ], [ -120.557889008900005, 51.329580219299999 ], [ -120.558006756, 51.312936131199997 ], [ -120.558001857899995, 51.312935319200001 ], [ -120.558710618899994, 51.299005510599997 ], [ -120.558826492600005, 51.297628842100004 ], [ -120.559149221499993, 51.293794596300003 ], [ -120.560544208600007, 51.275115847 ], [ -120.560793386, 51.271777070399999 ], [ -120.560806810200006, 51.2620330783 ], [ -120.560829836699995, 51.2610758975 ], [ -120.560880748599999, 51.249721698899997 ], [ -120.560865070700004, 51.249439375199998 ], [ -120.559870587800006, 51.231549681700002 ], [ -120.5577739326, 51.193571035200002 ], [ -120.592861819, 51.197617513600001 ], [ -120.608237179900001, 51.205957288500002 ], [ -120.617018077699996, 51.216516096699998 ], [ -120.632210832300004, 51.218840115500001 ], [ -120.653837302499994, 51.219632224599998 ], [ -120.658043960300006, 51.2192398392 ], [ -120.674185432599998, 51.217947631599998 ], [ -120.681111265, 51.215139904799997 ], [ -120.694464032499994, 51.229190447699999 ], [ -120.705579421099998, 51.224349980100001 ], [ -120.720541901100006, 51.223345878099998 ], [ -120.719600509499998, 51.2288975405 ], [ -120.719390657199995, 51.230134939599999 ], [ -120.724822026499993, 51.236663701700003 ], [ -120.735170222799994, 51.239692650099997 ], [ -120.746989576700003, 51.236647586300002 ], [ -120.757382600599996, 51.231320438099999 ], [ -120.768103814900002, 51.232073645100002 ], [ -120.775130221300003, 51.231807426 ], [ -120.776693914800006, 51.232935758399996 ], [ -120.7849793667, 51.237518743300001 ], [ -120.798282429699995, 51.246587719399997 ], [ -120.800824900899997, 51.2485484129 ], [ -120.803534621, 51.250637800100002 ], [ -120.803962419200005, 51.250702470299998 ], [ -120.816781097499998, 51.248591484599999 ], [ -120.817834555100006, 51.248417882399998 ], [ -120.842165430899996, 51.245160408799997 ], [ -120.862487933799997, 51.2440179484 ], [ -120.879698834899997, 51.244496599 ], [ -120.886587504199994, 51.244727145399999 ], [ -120.895898934499996, 51.239215995599999 ], [ -120.905304741600006, 51.231855139399997 ], [ -120.912970596700006, 51.223939224 ], [ -120.917530668799998, 51.214445398800002 ], [ -120.945682230700001, 51.208897996799998 ], [ -120.951554026699995, 51.207725336800003 ], [ -120.960321177400004, 51.204127088600004 ], [ -120.971306758200001, 51.184434718699997 ], [ -120.972725076399996, 51.178892121700002 ], [ -120.979254625, 51.178276612099999 ], [ -120.978304649799995, 51.174702637700001 ], [ -120.9737911088, 51.174884661900002 ], [ -120.975163218399999, 51.169520339499996 ], [ -120.975423114199998, 51.168503936500002 ], [ -120.979534322399999, 51.163242001900002 ], [ -121.000689217800002, 51.136142664499999 ], [ -121.000958108899994, 51.135797939500002 ], [ -121.000946711599994, 51.135785570800003 ], [ -121.000693646200006, 51.135510314299999 ], [ -120.999637351800004, 51.1344733886 ], [ -120.9949650322, 51.127940887900003 ], [ -120.972950834200006, 51.108254735899997 ], [ -120.951159479099999, 51.0963735391 ], [ -120.938004879800005, 51.090297676900001 ], [ -120.933258887099996, 51.078873098300001 ], [ -120.931581328500002, 51.068915580899997 ], [ -120.934224791199995, 51.056979759100003 ], [ -120.9464968156, 51.049196460399997 ], [ -120.959342486599994, 51.050693797299999 ], [ -120.973370042699997, 51.059511350199998 ], [ -120.988075480299997, 51.079139789800003 ], [ -120.995469760399999, 51.082536919500001 ], [ -121.000920569100003, 51.080476294500002 ], [ -121.026177906800001, 51.070921560400002 ], [ -121.017668930100001, 51.050285030399998 ], [ -121.057587697100004, 51.063802362600001 ], [ -121.072667500500003, 51.072238094200003 ], [ -121.072637986499998, 51.07132938 ], [ -121.071831471300001, 51.045788097500001 ], [ -121.07132344, 51.029684011699999 ], [ -121.070935094099994, 51.017365746199999 ], [ -121.070902979, 51.016346227500001 ], [ -121.070710844100006, 51.010335083800001 ], [ -121.070771664600002, 50.999556851800001 ], [ -121.071005586300004, 50.9580830345 ], [ -121.071008890300007, 50.956554474800001 ], [ -121.071034262699996, 50.944843854799998 ], [ -121.071077327599994, 50.924966287899998 ], [ -121.071077587299996, 50.924854089699998 ], [ -121.133040069, 50.925183237900001 ], [ -121.209766480300004, 50.925405984 ], [ -121.210000624599999, 50.925406533 ], [ -121.211925897900002, 50.9254137649 ], [ -121.239056416899999, 50.925511477599997 ], [ -121.245279195500004, 50.9255215612 ], [ -121.294609136800005, 50.925587807100001 ], [ -121.294635621799998, 50.925550732 ], [ -121.294897512399999, 50.925419473399998 ], [ -121.295197935100006, 50.925396707300003 ], [ -121.295439610800003, 50.925418067300001 ], [ -121.295847659, 50.925576650099998 ], [ -121.2958706302, 50.925588423400001 ], [ -121.305539281199998, 50.925597629899997 ], [ -121.306753177, 50.925156213299999 ], [ -121.306752293299994, 50.925158102300003 ], [ -121.306505923499998, 50.925280272199998 ], [ -121.305738412, 50.925597043400003 ], [ -121.335450737299993, 50.925648962 ], [ -121.343035433300003, 50.925654746900001 ], [ -121.354600639699996, 50.925654598900003 ], [ -121.360229330199999, 50.925663495599998 ], [ -121.361798528199998, 50.925666012 ], [ -121.370829099299996, 50.925682051599999 ], [ -121.396741152399997, 50.925715347400001 ], [ -121.399156820499996, 50.925717549200002 ], [ -121.399752303499994, 50.9376800334 ], [ -121.405557649100004, 50.937679453699999 ], [ -121.422574333100002, 50.937813704299998 ], [ -121.428142476100007, 50.937777037899998 ], [ -121.446863219899996, 50.937674763799997 ], [ -121.44662518, 50.925654875399999 ], [ -121.481939675700005, 50.9255432259 ], [ -121.499779565200001, 50.925506803499999 ], [ -121.541967898899998, 50.925408120199997 ], [ -121.553271750700006, 50.925383991799997 ], [ -121.606849972299997, 50.925253725899999 ], [ -121.626085385899998, 50.9249547597 ], [ -121.626137370899997, 50.924953954099998 ], [ -121.625337675400004, 50.896041085699999 ], [ -121.6300937404, 50.895965312199998 ], [ -121.648727510200004, 50.895666264 ], [ -121.648729459400002, 50.895568933299998 ], [ -121.649006802599999, 50.881767357800001 ], [ -121.658008574, 50.881717584900002 ], [ -121.672833074099998, 50.881633858500003 ], [ -121.672396321899996, 50.852852562400003 ], [ -121.678189499, 50.852816983099999 ], [ -121.696323493799994, 50.852703377600001 ], [ -121.69653885, 50.841161374 ], [ -121.696597919599995, 50.837994059400003 ], [ -121.698909975500001, 50.837956438900001 ], [ -121.719892524, 50.837700264 ], [ -121.719899834200007, 50.836517345 ], [ -121.720688151199994, 50.793718711300002 ], [ -121.741590549, 50.793710795700001 ], [ -121.742913750499994, 50.7937101399 ], [ -121.743347474800004, 50.765230616799997 ], [ -121.743573224800002, 50.7503915291 ], [ -121.765968582200003, 50.750211986 ], [ -121.765970125, 50.749665529300003 ], [ -121.765980208299993, 50.746047899700002 ], [ -121.766008387100001, 50.735967175100001 ], [ -121.766004665300002, 50.730805115400003 ], [ -121.766002815199997, 50.728214495400003 ], [ -121.765982728699996, 50.700135877500003 ], [ -121.765963081500004, 50.672711812800003 ], [ -121.765961375100005, 50.670283648400002 ], [ -121.765961291, 50.670161611099999 ], [ -121.766576501200007, 50.632350026600001 ], [ -121.76658833, 50.630439929799998 ], [ -121.766819898, 50.593039639600001 ], [ -121.766856743299996, 50.575326839299997 ], [ -121.762355610300006, 50.575331288900003 ], [ -121.762176147900007, 50.565880851400003 ], [ -121.762140712100006, 50.564012758700002 ], [ -121.762065497099996, 50.5600527685 ], [ -121.761941806699994, 50.557734115099997 ], [ -121.762003861099998, 50.555574101300003 ], [ -121.761928550500002, 50.546395998900003 ], [ -121.766244070799999, 50.546381543700001 ], [ -121.766411194100002, 50.546380288800002 ], [ -121.767117964799994, 50.5394100591 ], [ -121.767151579499995, 50.539396336499998 ], [ -121.770427451, 50.5401543105 ], [ -121.770445577900006, 50.539274115399998 ], [ -121.770472648699993, 50.537958087100002 ], [ -121.776420985399994, 50.539128532200003 ], [ -121.776219494200006, 50.5390082869 ], [ -121.776033388200005, 50.538548299600002 ], [ -121.776434282599993, 50.5372835975 ], [ -121.775794621299994, 50.536333604299998 ], [ -121.775760819400006, 50.536008902500001 ], [ -121.776152407, 50.5356171878 ], [ -121.776790178900001, 50.535507604 ], [ -121.777304804300002, 50.5352511846 ], [ -121.777172414700004, 50.534962093399997 ], [ -121.777157603399999, 50.534405186199997 ], [ -121.777022408899995, 50.534168783600002 ], [ -121.777198746099998, 50.532787982599999 ], [ -121.776803344300006, 50.532133035100003 ], [ -121.778278297599996, 50.532118051200001 ], [ -121.784874857600002, 50.5307774264 ], [ -121.784907687699999, 50.530582169299997 ], [ -121.784561032200003, 50.529965030299998 ], [ -121.784579401399995, 50.516889076600002 ], [ -121.806973688400006, 50.517309306800001 ], [ -121.807990863800001, 50.516032606700001 ], [ -121.812512272500001, 50.512628103300003 ], [ -121.814677709500003, 50.511114454599998 ], [ -121.816362144799996, 50.509440840700002 ], [ -121.818784120700002, 50.508159649600003 ], [ -121.822397040400006, 50.505905801300003 ], [ -121.824827976799995, 50.503583888500003 ], [ -121.826053948799995, 50.501517362 ], [ -121.826169616200005, 50.499686667799999 ], [ -121.826181965299995, 50.499491321500003 ], [ -121.828537900499995, 50.494802922600002 ], [ -121.8308692839, 50.491746065800001 ], [ -121.831957751499999, 50.487830579799997 ], [ -121.833705350100004, 50.487398016199997 ], [ -121.8393390369, 50.485299266399998 ], [ -121.840354390900004, 50.484022375199999 ], [ -121.840727674199996, 50.482999004100002 ], [ -121.840964332799999, 50.479449089900001 ], [ -121.841233699399993, 50.478459511 ], [ -121.847704720300001, 50.475411298300003 ], [ -121.850365445099996, 50.474141230400001 ], [ -121.852945842599993, 50.473213021600003 ], [ -121.854929443, 50.471891961799997 ], [ -121.856722548199997, 50.468918450300002 ], [ -121.858106850599995, 50.467025056899999 ], [ -121.859426663500003, 50.464521033099999 ], [ -121.862432535400004, 50.460884896300001 ], [ -121.862246622699999, 50.460497284200002 ], [ -121.861395726500007, 50.4600019055 ], [ -121.859229158100007, 50.45809073 ], [ -121.858824001900004, 50.455110171500003 ], [ -121.857552141100001, 50.452637172599999 ], [ -121.855587752900007, 50.451066350200001 ], [ -121.854943460200005, 50.4502611598 ], [ -121.854998845200001, 50.449958225700001 ], [ -121.857045426300004, 50.448382535 ], [ -121.861735975, 50.4431134258 ], [ -121.863574706400001, 50.4416132793 ], [ -121.865907427799996, 50.439140412 ], [ -121.867606300099993, 50.437730734699997 ], [ -121.868324457900002, 50.436685104799999 ], [ -121.868299413, 50.434798775099999 ], [ -121.867662362199994, 50.433472598500003 ], [ -121.866859419199997, 50.432380889599997 ], [ -121.865804742899996, 50.431416313100002 ], [ -121.864936629200002, 50.430792075100001 ], [ -121.864609306, 50.430241621500002 ], [ -121.864506881200001, 50.4290876313 ], [ -121.865302618100003, 50.427520619 ], [ -121.866804269, 50.426129925600002 ], [ -121.867996914900004, 50.424794529400003 ], [ -121.869331374799998, 50.423548340899998 ], [ -121.870442817500006, 50.422464921500001 ], [ -121.872125159800007, 50.422007818899999 ], [ -121.874734968200002, 50.421474557099998 ], [ -121.876730674200005, 50.421321563500001 ], [ -121.877795327599998, 50.4209751028 ], [ -121.880117798800001, 50.419993614699997 ], [ -121.883119576699997, 50.419332463 ], [ -121.886075896199998, 50.419498550900002 ], [ -121.892483295900007, 50.418946962 ], [ -121.896706705100001, 50.419196642599999 ], [ -121.898426876499997, 50.419494180900003 ], [ -121.9007954657, 50.419896467 ], [ -121.903251199500005, 50.420496165800003 ], [ -121.905053691299997, 50.420631300399997 ], [ -121.907527270599999, 50.4204574018 ], [ -121.913816296, 50.419491479800001 ], [ -121.919493858, 50.419085607600003 ], [ -121.920687189399999, 50.417929328299998 ], [ -121.92084221, 50.4169762828 ], [ -121.922008063299998, 50.415874060900002 ], [ -121.923516427, 50.415111412900004 ], [ -121.927161842800004, 50.4142838645 ], [ -121.927272512800002, 50.4141575162 ], [ -121.926890542600006, 50.413063876700001 ], [ -121.926559383, 50.411592630299999 ], [ -121.926333432099995, 50.410971112799999 ], [ -121.926456662199996, 50.410601599800003 ], [ -121.928097104299994, 50.409015204600003 ], [ -121.929245594799994, 50.408167050499998 ], [ -121.930468966600003, 50.407694863099998 ], [ -121.932012687699995, 50.407467220299999 ], [ -121.935529514500004, 50.407539049599997 ], [ -121.938976092800004, 50.406640186600001 ], [ -121.940206460799999, 50.406148378499999 ], [ -121.942047248700007, 50.405284055400003 ], [ -121.942733456100001, 50.405134245100001 ], [ -121.948466203, 50.405529876700001 ], [ -121.9492291352, 50.405777656399998 ], [ -121.949593702, 50.405703802799998 ], [ -121.950059330800002, 50.404874726 ], [ -121.952380437900004, 50.403981441600003 ], [ -121.953300681399995, 50.403455271200002 ], [ -121.954298711700005, 50.402497375800003 ], [ -121.955039982, 50.4013073502 ], [ -121.957331341599996, 50.402230403600001 ], [ -121.959930061500003, 50.403007768499997 ], [ -121.962032719, 50.404489595299999 ], [ -121.964750243300003, 50.405680018299996 ], [ -121.966181236099999, 50.407381581899998 ], [ -121.966772238100006, 50.409358103599999 ], [ -121.967074203300001, 50.410796343800001 ], [ -121.966615388299999, 50.412167279 ], [ -121.965359105299996, 50.4128953596 ], [ -121.965018652, 50.413505451799999 ], [ -121.965232271900007, 50.4140002631 ], [ -121.966085519200007, 50.414511356799999 ], [ -121.9678556155, 50.416282969900003 ], [ -121.968405247299998, 50.417323721199999 ], [ -121.973496171299999, 50.417241688 ], [ -121.977839863699998, 50.416138717199999 ], [ -121.9804303019, 50.416286057500002 ], [ -121.982340665300001, 50.416113471400003 ], [ -121.984764599599998, 50.416405521400002 ], [ -121.9873410549, 50.415653770399999 ], [ -121.990049169499997, 50.416186831099999 ], [ -121.990572384800004, 50.416167707900001 ], [ -121.992094231300001, 50.415590912900001 ], [ -121.9977375327, 50.414875106399997 ], [ -122.000727122699999, 50.414571544700003 ], [ -122.000742786199993, 50.414569950199997 ], [ -122.002170737499995, 50.4141480949 ], [ -122.004356442200006, 50.4136139047 ], [ -122.007852133599997, 50.412334887299998 ], [ -122.011397088400003, 50.412124912899998 ], [ -122.011723307300002, 50.412254260899999 ], [ -122.012930626900001, 50.413294490699997 ], [ -122.015151398499995, 50.414379066599999 ], [ -122.015574071700001, 50.414453813400002 ], [ -122.017445412900003, 50.414167141900002 ], [ -122.020007213100001, 50.414277653500001 ], [ -122.021877352700002, 50.415111883500003 ], [ -122.022984150599996, 50.416065095 ], [ -122.0235804812, 50.416359978400003 ], [ -122.026464609900003, 50.416955076500003 ], [ -122.030383039599997, 50.4174347696 ], [ -122.031804277399999, 50.418325602499998 ], [ -122.035764954399994, 50.419650375899998 ], [ -122.040727387299995, 50.420285070399999 ], [ -122.0426467538, 50.420758770299997 ], [ -122.042964398300001, 50.421100472900001 ], [ -122.043287902499998, 50.423742757699998 ], [ -122.043813778399993, 50.424927320199998 ], [ -122.045010088799998, 50.425801458199999 ], [ -122.045541915900003, 50.427346011 ], [ -122.045150336500001, 50.4292389863 ], [ -122.045281290199995, 50.430372249400001 ], [ -122.045683595300005, 50.430873612 ], [ -122.046306865600002, 50.431121547499998 ], [ -122.046955950899999, 50.431225391700004 ], [ -122.051131233099994, 50.430174172 ], [ -122.054722585099995, 50.4295400062 ], [ -122.056647867699994, 50.428592849499999 ], [ -122.057871193799997, 50.427740185899999 ], [ -122.059287849599997, 50.4266885053 ], [ -122.060485454, 50.4259797363 ], [ -122.061380761500004, 50.425686306099998 ], [ -122.068638740200001, 50.425567443299997 ], [ -122.072967890300006, 50.425323433400003 ], [ -122.075341749700002, 50.425901438300002 ], [ -122.076245421500005, 50.427179727599999 ], [ -122.076676048500005, 50.427455810300003 ], [ -122.079604641800003, 50.428302373900003 ], [ -122.084208671599995, 50.430862574599999 ], [ -122.087316904199994, 50.431561352400003 ], [ -122.0931163825, 50.433231304899998 ], [ -122.095617040400001, 50.432998592399997 ], [ -122.098897696199998, 50.432328984199998 ], [ -122.100952308499998, 50.432332975199998 ], [ -122.103291624299999, 50.432514797899998 ], [ -122.104134170799995, 50.432419124900001 ], [ -122.1055041045, 50.43192428 ], [ -122.107728392599995, 50.430470821 ], [ -122.108260688100003, 50.430341291700003 ], [ -122.110093068200001, 50.430508491600001 ], [ -122.113855882099998, 50.4315797 ], [ -122.117727490299998, 50.432434091899999 ], [ -122.119141232399997, 50.432783945 ], [ -122.120097361199996, 50.432741290099997 ], [ -122.121606052499999, 50.4321553435 ], [ -122.123396130100005, 50.431567377599997 ], [ -122.126198165, 50.430918220499997 ], [ -122.129521966699997, 50.429600108199999 ], [ -122.131469133799996, 50.428417709500003 ], [ -122.131653362500003, 50.427769533599999 ], [ -122.131296407400001, 50.426802144200003 ], [ -122.1296260835, 50.424910923500001 ], [ -122.125902892400006, 50.421706580699997 ], [ -122.1219265995, 50.419941874300001 ], [ -122.119271646800001, 50.418058455900002 ], [ -122.118348663, 50.416915848099997 ], [ -122.1179955761, 50.416128067099997 ], [ -122.118401968800001, 50.415316555300002 ], [ -122.119066110399999, 50.414736737200002 ], [ -122.122532888799995, 50.41359766 ], [ -122.123761296, 50.413103581800002 ], [ -122.126836418899998, 50.409199799 ], [ -122.127913507800002, 50.408167673299999 ], [ -122.1300614731, 50.407235546700001 ], [ -122.132261693299995, 50.406105289300001 ], [ -122.132674782799995, 50.405653008900003 ], [ -122.132366806299999, 50.404308049599997 ], [ -122.130070460799999, 50.400589434099999 ], [ -122.130088688499995, 50.400086285599997 ], [ -122.131058910700006, 50.399360389599998 ], [ -122.133871689900005, 50.397938140599997 ], [ -122.136027740100005, 50.397455223800002 ], [ -122.137833360800002, 50.397765941700001 ], [ -122.138366885799996, 50.397726133900001 ], [ -122.139565754399996, 50.397196151899998 ], [ -122.139755128800005, 50.396817426 ], [ -122.139738987100003, 50.396009158200002 ], [ -122.139533489800002, 50.3955796435 ], [ -122.138678793300002, 50.395047660099998 ], [ -122.138363271200006, 50.394744794300003 ], [ -122.138089399899997, 50.393705001599997 ], [ -122.138955073199995, 50.391973732099999 ], [ -122.140696570299994, 50.390451414 ], [ -122.141147370499993, 50.389082616400003 ], [ -122.1401289633, 50.387384138500003 ], [ -122.140094721500006, 50.3870790203 ], [ -122.143596714799997, 50.3850225021 ], [ -122.144099515099995, 50.384857050800001 ], [ -122.147097930699999, 50.384367734599998 ], [ -122.150809538, 50.384412533199999 ], [ -122.155101533600003, 50.379744343200002 ], [ -122.154472085699993, 50.377827325 ], [ -122.154805100399997, 50.37622592 ], [ -122.156741664699993, 50.374683929900002 ], [ -122.157161461599998, 50.374590937100002 ], [ -122.159297791499995, 50.374611075600001 ], [ -122.160308400600002, 50.374549631100003 ], [ -122.162376359700005, 50.373958977199997 ], [ -122.163988488900003, 50.373066184899997 ], [ -122.164123512399996, 50.372795675200003 ], [ -122.163566106499999, 50.371668549200002 ], [ -122.163079363, 50.371241468500003 ], [ -122.156941448200001, 50.369515184900003 ], [ -122.154261067199997, 50.369088924300002 ], [ -122.151267151400006, 50.36844962 ], [ -122.149495505199994, 50.367045029099998 ], [ -122.147926335799994, 50.364072206800003 ], [ -122.146835552599995, 50.362180497399997 ], [ -122.145419344, 50.360431523499997 ], [ -122.148568627, 50.359347851800003 ], [ -122.151006624199994, 50.357820134500002 ], [ -122.152002089800007, 50.355818394499998 ], [ -122.152749941500005, 50.355345575400001 ], [ -122.154014841600002, 50.354114208200002 ], [ -122.153947124400005, 50.353593793 ], [ -122.153126074699998, 50.352055643299998 ], [ -122.152946729, 50.351572093900003 ], [ -122.154321075400006, 50.350214114 ], [ -122.155016830799994, 50.349939368599998 ], [ -122.156748386399997, 50.349548977200001 ], [ -122.158062834299997, 50.3493414796 ], [ -122.159511937700003, 50.348863317199999 ], [ -122.161762496600005, 50.347804001100002 ], [ -122.164108782200003, 50.347301067099998 ], [ -122.166624051200003, 50.346832722 ], [ -122.167402371500003, 50.346485329 ], [ -122.167947856599994, 50.345762483800002 ], [ -122.169084567799999, 50.3438493198 ], [ -122.170620232399997, 50.340945006600002 ], [ -122.1702369753, 50.338900447199997 ], [ -122.170791158499995, 50.337315279499997 ], [ -122.172408187100004, 50.335560007600002 ], [ -122.174334891499996, 50.3351498699 ], [ -122.176384004300004, 50.335242152600003 ], [ -122.180383080799999, 50.3346902141 ], [ -122.181254815, 50.334809409099996 ], [ -122.183116743499994, 50.335370533599999 ], [ -122.185637849599999, 50.3366640156 ], [ -122.189117240900003, 50.338183751599999 ], [ -122.191322620700006, 50.339083810799998 ], [ -122.192196271499995, 50.339292822899999 ], [ -122.194236296100001, 50.338935353399997 ], [ -122.197167526200005, 50.338283237799999 ], [ -122.199802724199998, 50.338226591599998 ], [ -122.2013700806, 50.338070419700003 ], [ -122.201925099899995, 50.337796461099998 ], [ -122.202412134200003, 50.337002058499998 ], [ -122.203809069599998, 50.3354995523 ], [ -122.204832440100006, 50.334844475300002 ], [ -122.206253578299993, 50.334419770099998 ], [ -122.211594591199997, 50.3336941536 ], [ -122.212627831500001, 50.333488147200001 ], [ -122.2137912253, 50.3328318298 ], [ -122.214411964299998, 50.331766799299999 ], [ -122.214371710899997, 50.330060767200003 ], [ -122.214438671699995, 50.328138284300003 ], [ -122.214790668600003, 50.326393000300001 ], [ -122.215285597600001, 50.325957756100003 ], [ -122.21637034, 50.325553613099999 ], [ -122.218303866599996, 50.325502117299997 ], [ -122.222149710400004, 50.325722784 ], [ -122.226606233499993, 50.325650683500001 ], [ -122.234295826, 50.324688967699998 ], [ -122.237773909, 50.323492018099998 ], [ -122.240006525699997, 50.323024160800003 ], [ -122.241923802200006, 50.3222534039 ], [ -122.242140053300005, 50.321910239499999 ], [ -122.241725966900006, 50.321051816699999 ], [ -122.242165695699995, 50.319503269899997 ], [ -122.243484597299997, 50.318342271299997 ], [ -122.243808453900002, 50.316651052 ], [ -122.243574644399999, 50.316275976100002 ], [ -122.242264089900004, 50.315533652100001 ], [ -122.240089554400001, 50.315122882399997 ], [ -122.238696485299997, 50.314453165400003 ], [ -122.237431260099996, 50.313243285799999 ], [ -122.237318434700001, 50.3120588747 ], [ -122.238680105, 50.3103407288 ], [ -122.240788398600003, 50.309370769 ], [ -122.243512789, 50.308377625699997 ], [ -122.246618174199995, 50.306896024399997 ], [ -122.249391694300002, 50.305614825900001 ], [ -122.249779640100002, 50.304264353599997 ], [ -122.249401606800006, 50.302579496 ], [ -122.248947249599993, 50.2966208303 ], [ -122.248035211900003, 50.293755506399997 ], [ -122.246693039899995, 50.291666410799998 ], [ -122.245864468199997, 50.2910813572 ], [ -122.243873013499993, 50.290022131100002 ], [ -122.240673279500001, 50.288956283 ], [ -122.238058293899996, 50.287651283499997 ], [ -122.237138950399995, 50.286779615699999 ], [ -122.236204626299994, 50.2852793944 ], [ -122.236154090200003, 50.284345975900003 ], [ -122.236199736299994, 50.2827472273 ], [ -122.237311130799995, 50.281157150799999 ], [ -122.237353843600005, 50.280600057400001 ], [ -122.235645170500007, 50.2784064672 ], [ -122.234531196099994, 50.276423043699999 ], [ -122.234612255299993, 50.275129305299998 ], [ -122.234970554499995, 50.274874781900003 ], [ -122.236454835, 50.274880540600002 ], [ -122.240061899, 50.274635040200003 ], [ -122.243453214799999, 50.273510652100001 ], [ -122.245328688300006, 50.272255243399997 ], [ -122.247548134599995, 50.271338235499996 ], [ -122.249532486700005, 50.269956059599998 ], [ -122.250064646599995, 50.268784050800001 ], [ -122.250502925600003, 50.268367146800003 ], [ -122.253987722800005, 50.266487060300001 ], [ -122.255397615700005, 50.265702531899997 ], [ -122.2581166752, 50.264619316500003 ], [ -122.258639295699993, 50.264219622299997 ], [ -122.260534664700003, 50.261508997100002 ], [ -122.261764480400004, 50.2602409717 ], [ -122.262525133500006, 50.259264423899999 ], [ -122.262994226, 50.258972948599997 ], [ -122.264974071200001, 50.258632573500002 ], [ -122.267644656200005, 50.259149073700002 ], [ -122.269061288200007, 50.259946103099999 ], [ -122.269680561300007, 50.260102578199998 ], [ -122.271478966499998, 50.260410713500001 ], [ -122.272065463499999, 50.260351745199998 ], [ -122.273363669800005, 50.259603879099998 ], [ -122.275066510399995, 50.258223715600003 ], [ -122.2774158629, 50.256945628399997 ], [ -122.282381235299994, 50.2562015914 ], [ -122.286490542199999, 50.2559679696 ], [ -122.289280774299996, 50.255584068099999 ], [ -122.291158415, 50.254507476400001 ], [ -122.291853794900007, 50.254321630600003 ], [ -122.293699505899994, 50.254251459800003 ], [ -122.295705539799997, 50.253856284500003 ], [ -122.298309439700006, 50.252719161199998 ], [ -122.299551364099997, 50.251989390799999 ], [ -122.301641801399995, 50.250479593900003 ], [ -122.301831274600005, 50.2503325327 ], [ -122.303070160399997, 50.249370914700002 ], [ -122.303162851, 50.248615860299999 ], [ -122.3015564289, 50.246117331500002 ], [ -122.3000887643, 50.244659084699997 ], [ -122.298233985699994, 50.243420141100003 ], [ -122.296962401599998, 50.241941968200003 ], [ -122.296022365599995, 50.240263046700001 ], [ -122.295678832799993, 50.238883641299999 ], [ -122.296088934500006, 50.237389422100001 ], [ -122.297167941500007, 50.235763283200001 ], [ -122.298740281299999, 50.234833002400002 ], [ -122.300532359200005, 50.233739114400002 ], [ -122.300860090200004, 50.232317460200001 ], [ -122.301630087199996, 50.229787286300002 ], [ -122.298995537699994, 50.229073356299999 ], [ -122.286436316899994, 50.223863521699997 ], [ -122.274955902399995, 50.224424558 ], [ -122.267684379800002, 50.222435978299998 ], [ -122.269033188899996, 50.218923052400001 ], [ -122.277350280899995, 50.214051391200002 ], [ -122.277951209, 50.203316479 ], [ -122.283333608, 50.1999938429 ], [ -122.294982153899994, 50.201099064399997 ], [ -122.303108423, 50.198585851200001 ], [ -122.301555162599996, 50.192589411199997 ], [ -122.316251159, 50.187120216799997 ], [ -122.313553187599993, 50.172309162600001 ], [ -122.298320968599995, 50.173745004899999 ], [ -122.290863558300003, 50.157457438199998 ], [ -122.286258807199999, 50.152479163899997 ], [ -122.271196941300005, 50.145238213699997 ], [ -122.275963923099994, 50.141161653399998 ], [ -122.268204310100003, 50.132256071900002 ], [ -122.258440060599995, 50.123444314300002 ], [ -122.255939362199996, 50.121799770700001 ], [ -122.252929783900001, 50.12354908 ], [ -122.250823946300002, 50.124399448299997 ], [ -122.248110661799998, 50.1249285958 ], [ -122.246453537500003, 50.125180983500002 ], [ -122.245519358899998, 50.125596765300003 ], [ -122.244332029099994, 50.126242749 ], [ -122.243135135900005, 50.126452760900001 ], [ -122.2414377339, 50.126027489099997 ], [ -122.238467731100002, 50.125370958799998 ], [ -122.236108289399994, 50.125184035899998 ], [ -122.231645764600003, 50.1259954557 ], [ -122.228248927099997, 50.126975464799997 ], [ -122.227091315699994, 50.126837160100003 ], [ -122.22601601, 50.126223007500002 ], [ -122.224861870500007, 50.124065523699997 ], [ -122.222917229299995, 50.121647702799997 ], [ -122.222329334199998, 50.120049429200002 ], [ -122.221766531300005, 50.119638633 ], [ -122.221248017799994, 50.119138399699999 ], [ -122.2213809183, 50.118870000800001 ], [ -122.2219754634, 50.118597551299999 ], [ -122.222664922500002, 50.118443059 ], [ -122.222981208, 50.118113647199998 ], [ -122.223417822900004, 50.116922134299998 ], [ -122.224866286600005, 50.115543591399998 ], [ -122.227500448499995, 50.113471637400004 ], [ -122.2294482458, 50.111702625 ], [ -122.229915224799996, 50.1105120709 ], [ -122.222197985199998, 50.110818461699999 ], [ -122.210893555599995, 50.108702820799998 ], [ -122.204513328100006, 50.110670903399999 ], [ -122.198274738, 50.110484399199997 ], [ -122.196324515300006, 50.110680222200003 ], [ -122.189971997300006, 50.109477417800001 ], [ -122.1812408495, 50.110267498100001 ], [ -122.178711749900003, 50.1094509741 ], [ -122.176016025099997, 50.1095927215 ], [ -122.17003271, 50.112930804500003 ], [ -122.163424032, 50.112864706499998 ], [ -122.159361259, 50.114512136899997 ], [ -122.153217603100003, 50.114441646300001 ], [ -122.150640734600003, 50.1112322922 ], [ -122.145864050499995, 50.109655294200003 ], [ -122.136969572400005, 50.111698628799999 ], [ -122.132311690199998, 50.111435802899997 ], [ -122.131117612099999, 50.112282274800002 ], [ -122.128577801, 50.110866515799998 ], [ -122.116367325200002, 50.107311734500001 ], [ -122.115537647099998, 50.107736605600003 ], [ -122.114237325199994, 50.113128436399997 ], [ -122.106477449799996, 50.116296696900001 ], [ -122.104283360099998, 50.118525797300002 ], [ -122.104409534599995, 50.120438458199999 ], [ -122.103225026, 50.121882578 ], [ -122.100078943300005, 50.122922692800003 ], [ -122.0990792801, 50.124305577 ], [ -122.095922342500003, 50.124747598500001 ], [ -122.089279408199999, 50.122882500099998 ], [ -122.087205646200005, 50.121462188599999 ], [ -122.083752541799996, 50.120949026200002 ], [ -122.079701024100004, 50.123490156 ], [ -122.070069935800007, 50.1263701373 ], [ -122.068102661, 50.125666384 ], [ -122.066092153100001, 50.122570352700002 ], [ -122.067369985799999, 50.121245226699997 ], [ -122.061712084899995, 50.117098480599999 ], [ -122.058254469199994, 50.116285423199997 ], [ -122.056319559, 50.114743918199999 ], [ -122.055901188600004, 50.112174893300001 ], [ -122.056967309800001, 50.109415971499999 ], [ -122.053674486600002, 50.1073456572 ], [ -122.05213094, 50.104246251699998 ], [ -122.044886451899998, 50.099571587699998 ], [ -122.042175766300005, 50.098812720700003 ], [ -122.041129852799997, 50.0975040951 ], [ -122.039788255199994, 50.095240584700001 ], [ -122.036417758799999, 50.0939478202 ], [ -122.031487503500003, 50.093921366300002 ], [ -122.029871804099997, 50.091898835800002 ], [ -122.026291611399998, 50.089171802400003 ], [ -122.023631271599996, 50.085840473700003 ], [ -122.018217517, 50.084620572799999 ], [ -122.010399188299999, 50.084193478899998 ], [ -122.005583712299995, 50.085480543300001 ], [ -122.004685441299998, 50.087579105800003 ], [ -122.001150821799996, 50.0875421227 ], [ -121.999851437700002, 50.086928548099998 ], [ -121.998901851599996, 50.086480122600001 ], [ -121.997657861600004, 50.0843350946 ], [ -121.992311283500001, 50.084369139 ], [ -121.99031831, 50.08187 ], [ -121.986295932800004, 50.080340548400002 ], [ -121.984815518700003, 50.0808282112 ], [ -121.981177495300003, 50.080073537700002 ], [ -121.976271233099993, 50.081539099899999 ], [ -121.974063399200006, 50.083167173900002 ], [ -121.972393333499994, 50.083416650499998 ], [ -121.969865421500003, 50.0822959144 ], [ -121.964476159100002, 50.082567874799999 ], [ -121.959392422299999, 50.084691452599998 ], [ -121.957743172700006, 50.0864353921 ], [ -121.957693740899998, 50.089604674199997 ], [ -121.956315719200006, 50.090808855900001 ], [ -121.9534309796, 50.090706432700003 ], [ -121.950605244200005, 50.088331029800003 ], [ -121.9521909921, 50.082699684300003 ], [ -121.950656048900001, 50.079598996800001 ], [ -121.948034292100004, 50.078358653700001 ], [ -121.944509002100006, 50.078917546900001 ], [ -121.939580600300005, 50.078886495500001 ], [ -121.9357454636, 50.077294106099998 ], [ -121.936088275200007, 50.075378361699997 ], [ -121.934861361100005, 50.074129601099997 ], [ -121.9279365007, 50.074229062400001 ], [ -121.924743370900003, 50.071974768499999 ], [ -121.919906314800002, 50.071762853199999 ], [ -121.918107688500001, 50.069500525800002 ], [ -121.914988573700001, 50.065870115 ], [ -121.912626972799998, 50.063192296099999 ], [ -121.912506361499993, 50.061279305 ], [ -121.910519380699995, 50.058778767100002 ], [ -121.910368638799994, 50.054773009800002 ], [ -121.908678665099998, 50.053526598200001 ], [ -121.903827595099997, 50.0521181087 ], [ -121.902445499300001, 50.053022463799998 ], [ -121.900402203699997, 50.053093324 ], [ -121.895802309900006, 50.0496499841 ], [ -121.892082087700004, 50.049370945699998 ], [ -121.886711823400006, 50.050834390799999 ], [ -121.880770921299998, 50.051284059399997 ], [ -121.8783420484, 50.050280254100002 ], [ -121.872782397899996, 50.051504741700001 ], [ -121.869286841399997, 50.0506257515 ], [ -121.866094817600001, 50.048070798 ], [ -121.862918740799998, 50.046711591300003 ], [ -121.858455098099995, 50.046375220500003 ], [ -121.856342179500004, 50.0484185185 ], [ -121.855622113400003, 50.050454738900001 ], [ -121.853404318900004, 50.051482146300003 ], [ -121.851734740599994, 50.051729513 ], [ -121.850910210099997, 50.052749943 ], [ -121.855790960899995, 50.057448305800001 ], [ -121.855339949200001, 50.058646287400002 ], [ -121.8532090856, 50.059194936200001 ], [ -121.848506419100005, 50.062386909799997 ], [ -121.848334505799997, 50.063643272500002 ], [ -121.8528494854, 50.0687623014 ], [ -121.848529570799997, 50.073028695399998 ], [ -121.849390796500003, 50.075296359900001 ], [ -121.848006707, 50.076200003700002 ], [ -121.842355169699999, 50.077901683599997 ], [ -121.838727147100002, 50.0777397325 ], [ -121.836507440299997, 50.0787668352 ], [ -121.829251347699994, 50.0784423299 ], [ -121.822864110300003, 50.080983486699999 ], [ -121.817012471499993, 50.081548569799999 ], [ -121.814145030700004, 50.082936893300001 ], [ -121.808151517300004, 50.083322682400002 ], [ -121.801196837700004, 50.085147453799998 ], [ -121.793621511400005, 50.090023961900002 ], [ -121.790834689199997, 50.090334980800002 ], [ -121.786071087699995, 50.088441743799997 ], [ -121.779473296399999, 50.088947951 ], [ -121.777792409400007, 50.0882971666 ], [ -121.767757207200006, 50.089175695100003 ], [ -121.758762800100001, 50.091962516899997 ], [ -121.753464998, 50.092342246100003 ], [ -121.750671964800006, 50.092054188600002 ], [ -121.7489822207, 50.090505853800003 ], [ -121.737146278799997, 50.087919862299998 ], [ -121.731054518700006, 50.087882803100001 ], [ -121.726208305200004, 50.086764414199997 ], [ -121.714578966900007, 50.086208173 ], [ -121.706914306900003, 50.081809738700002 ], [ -121.704816820600001, 50.076195566099997 ], [ -121.702667466199998, 50.074947155799997 ], [ -121.698577951700003, 50.0750806211 ], [ -121.695702302200004, 50.075867589300003 ], [ -121.690210737100003, 50.075108437300003 ], [ -121.686867761100004, 50.075597710399997 ], [ -121.681591595499995, 50.078664132699998 ], [ -121.675731427700001, 50.0783239103 ], [ -121.670995616900001, 50.079115997899997 ], [ -121.666266082800007, 50.080804754299997 ], [ -121.662222773099998, 50.080996354900002 ], [ -121.6580273127, 50.0795138971 ], [ -121.656986871100003, 50.077304325299998 ], [ -121.657624335600005, 50.075747512500001 ], [ -121.654614463399994, 50.0713311839 ], [ -121.657280066300004, 50.067914389599999 ], [ -121.659687916099998, 50.067129519700003 ], [ -121.661248851600007, 50.064971886 ], [ -121.655567212099996, 50.0633742873 ], [ -121.653410482799998, 50.060928932 ], [ -121.649965806099999, 50.0601017993 ], [ -121.641030704299993, 50.058213746100002 ], [ -121.637038417599996, 50.058762921800003 ], [ -121.635635762199996, 50.057570863199999 ], [ -121.635326688199996, 50.053625034 ], [ -121.6321556539, 50.051959431299998 ], [ -121.628967671200002, 50.051973243 ], [ -121.626084583099995, 50.050907067799997 ], [ -121.617308248100002, 50.045499376499997 ], [ -121.609751347900001, 50.041881981899998 ], [ -121.598700510599997, 50.045835681699998 ], [ -121.590132566099996, 50.0495885972 ], [ -121.575729947900001, 50.050832389900002 ], [ -121.564979128600001, 50.052227740500001 ], [ -121.5595376208, 50.052247535799999 ], [ -121.551920421899993, 50.0521544566 ], [ -121.547037212600003, 50.0521872562 ], [ -121.546179985, 50.052192954900001 ], [ -121.546012213500006, 50.052194095099999 ], [ -121.543707017800003, 50.052296112800001 ], [ -121.542682099299995, 50.0524079355 ], [ -121.542106923899993, 50.0523878849 ], [ -121.541717250199994, 50.052397962699999 ], [ -121.540743283699996, 50.052384791800002 ], [ -121.526167170400001, 50.052186739 ], [ -121.499852789900004, 50.052247378399997 ], [ -121.467285262499999, 50.052312691600001 ], [ -121.443459489399999, 50.052353725899998 ], [ -121.442296617300002, 50.052357336900002 ], [ -121.375225944, 50.052541515199998 ], [ -121.364255279299996, 50.052545562299997 ], [ -121.339743809, 50.0525501264 ], [ -121.338207567799998, 50.052550502 ], [ -121.315328139599998, 50.0524663359 ], [ -121.316535276, 50.050131932799999 ], [ -121.319227199400004, 50.048515669499999 ], [ -121.3227539632, 50.047676814799999 ], [ -121.324424677600007, 50.046240178799998 ], [ -121.323217194899996, 50.043785165899997 ], [ -121.325258874400006, 50.041031738900003 ], [ -121.328042721499997, 50.039534928199998 ], [ -121.328320748, 50.037798970799997 ], [ -121.325163384099994, 50.0331281586 ], [ -121.321263293499996, 50.032286424799999 ], [ -121.3192208424, 50.030848337599998 ], [ -121.318107025299994, 50.028213870199998 ], [ -121.310170165200006, 50.024854635899999 ], [ -121.303674146899994, 50.020658902400001 ], [ -121.303210814300002, 50.018862820800003 ], [ -121.302005194299994, 50.017006331300003 ], [ -121.290500950500004, 50.011128522699998 ], [ -121.287905569299994, 50.007774212800001 ], [ -121.288278850899999, 50.0046619158 ], [ -121.289948995800003, 50.003226087100003 ], [ -121.292360348399995, 50.002149246899997 ], [ -121.292547170800006, 49.9999945733 ], [ -121.292127019899993, 49.999769109299997 ], [ -121.283830815800002, 49.995316403300002 ], [ -121.281144339099995, 49.991842305500001 ], [ -121.2778055765, 49.991119457499998 ], [ -121.273310046800006, 49.988600192500002 ], [ -121.2730338617, 49.9867445004 ], [ -121.277948273500002, 49.984412305200003 ], [ -121.277671962300005, 49.982556661 ], [ -121.275077252900005, 49.980997465500003 ], [ -121.268871582399996, 49.9756636507 ], [ -121.268873714899996, 49.973868154199998 ], [ -121.271469211, 49.972732179200001 ], [ -121.271381421100003, 49.9684229438 ], [ -121.267772493099997, 49.963750871499997 ], [ -121.269163915700005, 49.962255645699997 ], [ -121.272776040799997, 49.961837385800003 ], [ -121.280833158899995, 49.961179811599997 ], [ -121.283613185299998, 49.959684677699997 ], [ -121.284541308, 49.957590620399998 ], [ -121.282413652299994, 49.953638891300002 ], [ -121.282693054099994, 49.951903558700003 ], [ -121.284547372, 49.949510804799999 ], [ -121.287975512399996, 49.947058556 ], [ -121.288347382599994, 49.945143816200002 ], [ -121.286544782600004, 49.940414706600002 ], [ -121.286640265599999, 49.936644713100002 ], [ -121.287200006800006, 49.931079837699997 ], [ -121.286555002300005, 49.926950359800003 ], [ -121.287481990900005, 49.925155715599999 ], [ -121.289523223, 49.918215657600001 ], [ -121.292207942700003, 49.916301825600002 ], [ -121.293875208100005, 49.913669800800001 ], [ -121.299889622600006, 49.911277242 ], [ -121.312835491200005, 49.912767117 ], [ -121.315795817500003, 49.911809508700003 ], [ -121.3163511148, 49.909236715399999 ], [ -121.315425826600006, 49.906842800200003 ], [ -121.31954252, 49.9025951785 ], [ -121.3237967484, 49.900919392 ], [ -121.3242590702, 49.899423661599997 ], [ -121.320135509799996, 49.897708433200002 ], [ -121.318196092400001, 49.895198969799999 ], [ -121.316966212200001, 49.894372137799998 ], [ -121.316682442699999, 49.893393168 ], [ -121.317864565600004, 49.891405140099998 ], [ -121.320275698900005, 49.888866653900003 ], [ -121.321362928400006, 49.886756287600001 ], [ -121.321079126300006, 49.885318506399997 ], [ -121.320038678399996, 49.884277882799999 ], [ -121.317815975200006, 49.882777422499998 ], [ -121.315119592499997, 49.882651887599998 ], [ -121.311902701899996, 49.882617233200001 ], [ -121.308022201300005, 49.883558935 ], [ -121.305230018200007, 49.884227131499998 ], [ -121.301256180699994, 49.884130016500002 ], [ -121.299742920900002, 49.883547269700003 ], [ -121.297710368899999, 49.881832509900001 ], [ -121.296056197499993, 49.8801487753 ], [ -121.294023314200004, 49.879198414100003 ], [ -121.292274341500004, 49.878156632500001 ], [ -121.291443091299996, 49.8767958902 ], [ -121.291298772399998, 49.876793731200003 ], [ -121.289954050800006, 49.874070534499999 ], [ -121.2860351052, 49.872263104 ], [ -121.284687693600006, 49.871904733299999 ], [ -121.281655468699995, 49.871543729 ], [ -121.278683176599998, 49.871855516700002 ], [ -121.272833833600004, 49.870816723399997 ], [ -121.265512395299993, 49.870744735400002 ], [ -121.263243838199998, 49.871373706900002 ], [ -121.262382940699993, 49.872439887100001 ], [ -121.262683620499999, 49.874119933700001 ], [ -121.260440898, 49.876271289599998 ], [ -121.258049603499998, 49.876840644399998 ], [ -121.249484670100003, 49.877338990600002 ], [ -121.243412844800005, 49.8790877442 ], [ -121.240439155900006, 49.879596228099999 ], [ -121.238476177, 49.880225250899997 ], [ -121.237214853699996, 49.881666140299998 ], [ -121.235388273799998, 49.882671096899998 ], [ -121.232478555699998, 49.882170287 ], [ -121.230639717700001, 49.882265326099997 ], [ -121.228824697, 49.884179551099997 ], [ -121.227584942199996, 49.8877351637 ], [ -121.226225917799994, 49.890440737699997 ], [ -121.222781971, 49.8934194713 ], [ -121.220157425699995, 49.894481888199998 ], [ -121.216723956799996, 49.894592922199998 ], [ -121.213384134500004, 49.894229085399999 ], [ -121.2081736353, 49.894118078600002 ], [ -121.206183998200004, 49.893321555100002 ], [ -121.204135202299994, 49.8918515023 ], [ -121.200096298199995, 49.889881856199999 ], [ -121.197927958199998, 49.887559626399998 ], [ -121.196107283499998, 49.886783099699997 ], [ -121.186372459899999, 49.884066728699999 ], [ -121.181503964699999, 49.883104083 ], [ -121.173507092199998, 49.8828454143 ], [ -121.171361161099995, 49.8830374538 ], [ -121.169681340599993, 49.884931161700003 ], [ -121.167899613700001, 49.885796565900002 ], [ -121.165050184899997, 49.885669947 ], [ -121.163363231600002, 49.8859620347 ], [ -121.160076470099995, 49.887456111500001 ], [ -121.158726832300005, 49.887689711100002 ], [ -121.157624687099997, 49.887449015900003 ], [ -121.157137440400007, 49.886714844399997 ], [ -121.157509277100004, 49.885606009200004 ], [ -121.159381831299996, 49.884360888899998 ], [ -121.161436076100003, 49.883551711899997 ], [ -121.164261536200002, 49.881258098700002 ], [ -121.166415776500003, 49.878289936800002 ], [ -121.170038117600001, 49.875541779700001 ], [ -121.170468367799998, 49.874944596500001 ], [ -121.171591850900001, 49.873384836200003 ], [ -121.171896933799999, 49.8718344778 ], [ -121.172022012599996, 49.871167083099998 ], [ -121.173349956899997, 49.868160164700001 ], [ -121.173634826500006, 49.866639528299999 ], [ -121.173751307700002, 49.8661136232 ], [ -121.172842171300005, 49.864525913599998 ], [ -121.172625625400002, 49.862046262900002 ], [ -121.169778304800005, 49.861017739700003 ], [ -121.166519272499997, 49.8602483636 ], [ -121.160493900199995, 49.859891970500001 ], [ -121.159064585600007, 49.859854758700003 ], [ -121.152929656599994, 49.860216814 ], [ -121.147050881499993, 49.859830790799997 ], [ -121.143697718400006, 49.860242865099998 ], [ -121.141042648799996, 49.861565509 ], [ -121.131110204600006, 49.8623428625 ], [ -121.128453606700006, 49.863455804200001 ], [ -121.126427070800005, 49.8648820461 ], [ -121.1243761068, 49.866253930100001 ], [ -121.119054375800005, 49.867430655299998 ], [ -121.112074065100003, 49.867482951299998 ], [ -121.110412121699994, 49.866978651700002 ], [ -121.107785973899993, 49.867091161399998 ], [ -121.104148127900004, 49.870256955899997 ], [ -121.100034691100007, 49.872594868900002 ], [ -121.098044644500007, 49.873330259299998 ], [ -121.096583518599999, 49.871416284799999 ], [ -121.095568461900001, 49.867871418900002 ], [ -121.094942647799996, 49.865726838400001 ], [ -121.093215840400006, 49.8628601821 ], [ -121.088860835199995, 49.859487030799997 ], [ -121.0870708044, 49.8565371782 ], [ -121.086624845499998, 49.854711206899999 ], [ -121.089495237600005, 49.854715183800003 ], [ -121.091967237099993, 49.856496397800001 ], [ -121.098870003399995, 49.853648207299997 ], [ -121.105580512299994, 49.850757844699999 ], [ -121.114076564900003, 49.8479108 ], [ -121.117336060300005, 49.846133543 ], [ -121.116632207400002, 49.845011968500003 ], [ -121.113174024, 49.842181912699999 ], [ -121.110485387799997, 49.839520110300001 ], [ -121.103247838300007, 49.835101804499999 ], [ -121.103409296300001, 49.833236149 ], [ -121.109353151299999, 49.829350079100003 ], [ -121.118992889200001, 49.826338666799998 ], [ -121.124350891299997, 49.825640675599999 ], [ -121.136331913700005, 49.826107264100003 ], [ -121.145767702900002, 49.825742817299997 ], [ -121.147904540100001, 49.825413388500003 ], [ -121.151864034100001, 49.822475630900001 ], [ -121.155182294699998, 49.821401632600001 ], [ -121.163906537800003, 49.822813906900002 ], [ -121.168304821, 49.8227337589 ], [ -121.176786504099994, 49.821537963 ], [ -121.180226674899998, 49.821870528 ], [ -121.183800661, 49.819055525300001 ], [ -121.188266397299998, 49.813049484799997 ], [ -121.187462811499998, 49.809730883100002 ], [ -121.184835606, 49.8079833802 ], [ -121.183361285399997, 49.805451114599997 ], [ -121.1877610608, 49.798533288100003 ], [ -121.190694223500003, 49.797375167299997 ], [ -121.202362698399995, 49.790587476699997 ], [ -121.203955289800007, 49.788101882399999 ], [ -121.206438624499995, 49.7836688374 ], [ -121.207741811399998, 49.782431110300003 ], [ -121.208935008599994, 49.781318688699997 ], [ -121.211825549300002, 49.779269639699997 ], [ -121.211774060699994, 49.777335704400002 ], [ -121.210421544900001, 49.774125002300003 ], [ -121.211267858699998, 49.7716990001 ], [ -121.210767778, 49.770011527800001 ], [ -121.203328701399997, 49.765733060499997 ], [ -121.202571796, 49.764333419499998 ], [ -121.20070012, 49.757748126099997 ], [ -121.198672676800001, 49.755525188299998 ], [ -121.1971465843, 49.754784868100003 ], [ -121.1971098227, 49.7507939929 ], [ -121.196691083199994, 49.749958608 ], [ -121.195315073399996, 49.747212772300003 ], [ -121.197245262899997, 49.745160743200003 ], [ -121.198087629699998, 49.743352363 ], [ -121.196884546899994, 49.741993887200003 ], [ -121.193193965700004, 49.740926703600003 ], [ -121.193012651, 49.739445341900002 ], [ -121.193673627, 49.736155390299999 ], [ -121.192152111699997, 49.7347969797 ], [ -121.191401751100003, 49.732574504500001 ], [ -121.188609480099998, 49.730598952500003 ], [ -121.185703318, 49.726605802100003 ], [ -121.181917312099998, 49.72582737 ], [ -121.178043736600003, 49.723687579200003 ], [ -121.175875746499997, 49.724395405800003 ], [ -121.174157968800003, 49.724026418500003 ], [ -121.172640390599994, 49.722256036600001 ], [ -121.170539952599995, 49.722011510400002 ], [ -121.167609003600006, 49.722347413 ], [ -121.165209126299999, 49.719218308400002 ], [ -121.162034540600004, 49.7175720177 ], [ -121.157576034800002, 49.717785784900002 ], [ -121.155357555699993, 49.716138766299999 ], [ -121.155820473899993, 49.714041835300002 ], [ -121.154438068399998, 49.711407080599997 ], [ -121.154768273299993, 49.709968058500003 ], [ -121.155284847100006, 49.7091879484 ], [ -121.153385401400001, 49.7075408396 ], [ -121.151792812, 49.707750114600003 ], [ -121.150082931699998, 49.706350054 ], [ -121.148794160500003, 49.704044552699997 ], [ -121.146772188499995, 49.701820951899997 ], [ -121.144402621200001, 49.700159540400001 ], [ -121.144056468599999, 49.7001577 ], [ -121.142151654399996, 49.698106281900003 ], [ -121.140677169499995, 49.697037162 ], [ -121.138826891299999, 49.696775137400003 ], [ -121.137435745199994, 49.695207596 ], [ -121.135720623400005, 49.694516064200002 ], [ -121.1343774618, 49.693619054800003 ], [ -121.134893904500004, 49.688823895399999 ], [ -121.133498600300001, 49.6878580212 ], [ -121.131494200800006, 49.686959460600001 ], [ -121.129237865199997, 49.684427166 ], [ -121.128178389499993, 49.682860332399997 ], [ -121.125683271599996, 49.680447756600003 ], [ -121.122548535199996, 49.678669647 ], [ -121.119139394, 49.678351915900002 ], [ -121.118747347400003, 49.677749292900003 ], [ -121.120688990100007, 49.677083568599997 ], [ -121.122335439300002, 49.6768983901 ], [ -121.125902408399995, 49.675239392199998 ], [ -121.129923848299995, 49.673048430800002 ], [ -121.131160226, 49.670936929200003 ], [ -121.131561582399996, 49.6688578929 ], [ -121.132288379800002, 49.667467168599998 ], [ -121.133327278099998, 49.666833543499997 ], [ -121.136225120199995, 49.665860266599999 ], [ -121.137849945599996, 49.6648669207 ], [ -121.139707510299999, 49.664785076900003 ], [ -121.141036510500001, 49.664358264100002 ], [ -121.142773221, 49.662557183200001 ], [ -121.144263321300002, 49.661821267500002 ], [ -121.146571844500002, 49.6617230863 ], [ -121.146742072400002, 49.661715839899998 ], [ -121.148498555, 49.661125574300002 ], [ -121.152072044199997, 49.658176571200002 ], [ -121.156045058800004, 49.654884453900003 ], [ -121.159921830499997, 49.6540672406 ], [ -121.161821173299998, 49.653520961300003 ], [ -121.166317899099994, 49.651003042500001 ], [ -121.169983997399996, 49.649824087200003 ], [ -121.170467467199998, 49.648896822799998 ], [ -121.1707891609, 49.648364577300001 ], [ -121.167615370899995, 49.644628592499998 ], [ -121.166563140500003, 49.643853050899999 ], [ -121.165858253699994, 49.642579759900002 ], [ -121.165708012400003, 49.641427868199997 ], [ -121.168933872400004, 49.636638691199998 ], [ -121.169314225199997, 49.63531595 ], [ -121.168792124899994, 49.634369604900002 ], [ -121.162942675799997, 49.626073818199998 ], [ -121.163093737500006, 49.623582003400003 ], [ -121.161686134099995, 49.620863658200001 ], [ -121.160661969900005, 49.619950701 ], [ -121.157373788399994, 49.617881577600002 ], [ -121.155833392199995, 49.617156553 ], [ -121.152026448, 49.618300006 ], [ -121.149648165399995, 49.618724592500001 ], [ -121.147876780199994, 49.619253521099999 ], [ -121.141641806300001, 49.619978835799998 ], [ -121.136733634899997, 49.622270716499997 ], [ -121.135148048800005, 49.622524869499998 ], [ -121.128085264500001, 49.620256989600001 ], [ -121.1267211551, 49.618981963800003 ], [ -121.125239084100002, 49.615987963099997 ], [ -121.1253124614, 49.613564840700001 ], [ -121.125764901599993, 49.6121190076 ], [ -121.125604789, 49.612117244899999 ], [ -121.125738976199997, 49.610933792700003 ], [ -121.121778981199995, 49.609794325800003 ], [ -121.120040560600003, 49.610355034 ], [ -121.111418961499993, 49.615821586 ], [ -121.107226564699999, 49.619792462 ], [ -121.106807770399996, 49.621271034499998 ], [ -121.105189653099998, 49.622531263299997 ], [ -121.103803667, 49.622742858400002 ], [ -121.101065783300001, 49.624699593899997 ], [ -121.099532551799996, 49.6253950479 ], [ -121.094364376, 49.625515698299999 ], [ -121.092209439800001, 49.626478349400003 ], [ -121.089807172, 49.627251969 ], [ -121.087905914100006, 49.627192907500003 ], [ -121.0862572395, 49.626515711300001 ], [ -121.081386076599998, 49.625533429400001 ], [ -121.076243007599999, 49.625007483499999 ], [ -121.071942577499996, 49.625183289100001 ], [ -121.069001930699997, 49.626062412899998 ], [ -121.065446213100003, 49.626132506099999 ], [ -121.063291301800007, 49.626960007599997 ], [ -121.061794338300004, 49.628515891 ], [ -121.061626315500007, 49.628826387700002 ], [ -121.060165517, 49.631525418599999 ], [ -121.0591282834, 49.632060718699996 ], [ -121.058208481299999, 49.631847372400003 ], [ -121.055369263200006, 49.631187441500003 ], [ -121.052350224700007, 49.630880995699997 ], [ -121.051878052600003, 49.636902826399997 ], [ -121.018823949400002, 49.636997361200002 ], [ -121.018691059600002, 49.644149763599998 ], [ -121.007551653099995, 49.644429399700002 ], [ -121.0071860929, 49.655554159 ], [ -121.007162164899995, 49.656283513699996 ], [ -121.007018533899995, 49.656306551100002 ], [ -121.006686136300004, 49.656359931200001 ], [ -121.006860530200001, 49.656505033599998 ], [ -121.007158913500007, 49.656810444 ], [ -121.007148472899999, 49.658515862800002 ], [ -121.007145530100004, 49.658515484299997 ], [ -121.003626013, 49.658507563500002 ], [ -121.000964188899999, 49.658501500299998 ], [ -120.985311588, 49.658464273699998 ], [ -120.985074163600004, 49.673268873200001 ], [ -120.9624083259, 49.673479496500001 ], [ -120.962409117600004, 49.673459379400001 ], [ -120.958684914900005, 49.673534183800001 ], [ -120.957969550300007, 49.671698011399997 ], [ -120.957073781, 49.670194549800001 ], [ -120.957710477199996, 49.669030564700002 ], [ -120.9594976315, 49.6668160555 ], [ -120.9606132105, 49.663987377700003 ], [ -120.961265930500005, 49.662267868199997 ], [ -120.960280290699998, 49.660930857899999 ], [ -120.959310496900002, 49.659038239200001 ], [ -120.960335010600005, 49.656375915399998 ], [ -120.962145075199999, 49.653328141300001 ], [ -120.9639390647, 49.650835878499997 ], [ -120.963815918099996, 49.6492243621 ], [ -120.962658668499998, 49.647942389 ], [ -120.9603159925, 49.6464897794 ], [ -120.959601024700007, 49.644653801399997 ], [ -120.959503026199997, 49.642209127599997 ], [ -120.962744945599994, 49.6405019221 ], [ -120.962786489600006, 49.640463663600002 ], [ -120.965935455199997, 49.637562594 ], [ -120.967893959600005, 49.635699479099998 ], [ -120.969437901, 49.631600005899998 ], [ -120.970638440800002, 49.628442378800003 ], [ -120.970515591899996, 49.628292860099997 ], [ -120.967900653499996, 49.625360744300004 ], [ -120.966570239500001, 49.623479089200004 ], [ -120.964001612100006, 49.621378239199998 ], [ -120.963193193199999, 49.620637029299999 ], [ -120.962685921800002, 49.6195662465 ], [ -120.962623728400004, 49.619434892900003 ], [ -120.962862499899998, 49.6177436336 ], [ -120.962675649800005, 49.613804569300001 ], [ -120.967084573400001, 49.610779606800001 ], [ -120.968318452800006, 49.609308283899999 ], [ -120.970355426699996, 49.608272169300001 ], [ -120.972812243700005, 49.608101514799998 ], [ -120.975628254100002, 49.609508062800003 ], [ -120.976693477799998, 49.610936478299998 ], [ -120.983577504400003, 49.611964216399997 ], [ -120.985143543199996, 49.609540166199999 ], [ -120.986849434099994, 49.608378802 ], [ -120.989643618399995, 49.606945881400001 ], [ -120.991728683399998, 49.605355272799997 ], [ -120.993673032900006, 49.602809760200003 ], [ -120.993388039699994, 49.6018242273 ], [ -120.9921997987, 49.600128137200002 ], [ -120.990725737399998, 49.598677456399997 ], [ -120.990107989, 49.597721622599998 ], [ -120.991810238300005, 49.597330350500002 ], [ -120.993600554300002, 49.5976801021 ], [ -120.997424818400006, 49.597609089199999 ], [ -120.999976631500004, 49.597253243799997 ], [ -120.999982178500005, 49.597236392 ], [ -121.000835362700002, 49.597157651899998 ], [ -121.0020563283, 49.597044975800003 ], [ -121.0026625319, 49.596843124800003 ], [ -121.004900250099993, 49.595151369699998 ], [ -121.006393717899996, 49.594456507700002 ], [ -121.010717424700005, 49.594605375900002 ], [ -121.013424343899999, 49.594178039100001 ], [ -121.018637643, 49.593059488400002 ], [ -121.023448213, 49.591632412199999 ], [ -121.026300988800003, 49.590066338500002 ], [ -121.029284669099994, 49.5888949004 ], [ -121.0342278448, 49.587643077099997 ], [ -121.037882508099997, 49.586911952299999 ], [ -121.036690624800002, 49.585112867799999 ], [ -121.036366331, 49.584017106799998 ], [ -121.036583161600007, 49.582748054500001 ], [ -121.038424669199998, 49.580959052300003 ], [ -121.041489607399996, 49.578342283200001 ], [ -121.042710937, 49.577733462600001 ], [ -121.042993966200001, 49.576552176699998 ], [ -121.0421338644, 49.575192110499998 ], [ -121.040934961100007, 49.574050004299998 ], [ -121.040146223899995, 49.572339876400001 ], [ -121.040633497300007, 49.570984140199997 ], [ -121.040928955400005, 49.568708290300002 ], [ -121.040263277299999, 49.568049450499998 ], [ -121.036367554, 49.567775660700001 ], [ -121.035228503799999, 49.5673781797 ], [ -121.036981077099995, 49.561473179099998 ], [ -121.038860935800002, 49.5561816198 ], [ -121.039013665400006, 49.5546059391 ], [ -121.037481526400001, 49.553243919800003 ], [ -121.035892884399999, 49.550918428400003 ], [ -121.037870720100003, 49.548867407700001 ], [ -121.047338743799997, 49.546711928599997 ], [ -121.04829287, 49.5457519303 ], [ -121.049386981699996, 49.544310723300001 ], [ -121.049477854200006, 49.542209516699998 ], [ -121.050524641699994, 49.538929348700002 ], [ -121.049829305700001, 49.534899448700003 ], [ -121.047710347, 49.531872185 ], [ -121.048191998, 49.530954403400003 ], [ -121.048813677499993, 49.529555485 ], [ -121.050780833, 49.528380048899997 ], [ -121.0520760534, 49.526983366700001 ], [ -121.054382197300001, 49.525590119100002 ], [ -121.057890596199996, 49.5255587682 ], [ -121.060053183400001, 49.525084531700003 ], [ -121.064364296500003, 49.5261073271 ], [ -121.066728844, 49.525677457900002 ], [ -121.069971678399995, 49.525075286800003 ], [ -121.072616286499994, 49.523463787399997 ], [ -121.076001538, 49.521942207800002 ], [ -121.079188687499993, 49.5199382156 ], [ -121.080553545399994, 49.518191158500002 ], [ -121.082057828200007, 49.515962960099998 ], [ -121.081874637400006, 49.514167625399999 ], [ -121.080017481799999, 49.511711121499999 ], [ -121.079800315100002, 49.511489658599999 ], [ -121.078551660800002, 49.510217149 ], [ -121.076153029699995, 49.507712229200003 ], [ -121.075703359200006, 49.505344543900001 ], [ -121.073234955900006, 49.503189908099998 ], [ -121.074122964300003, 49.501702505499999 ], [ -121.0741059, 49.500476674 ], [ -121.074082056899996, 49.498766395700002 ], [ -121.073439083599993, 49.495477972700002 ], [ -121.071168830100007, 49.493805945200002 ], [ -121.069432131200003, 49.492617559499998 ], [ -121.067970806700004, 49.490685071800002 ], [ -121.064955658900004, 49.489799236 ], [ -121.063969431, 49.4873861783 ], [ -121.063182548900002, 49.4852366406 ], [ -121.062134177900006, 49.482297594199999 ], [ -121.059341831200001, 49.4790463876 ], [ -121.056543988800001, 49.476452332400001 ], [ -121.051119509599999, 49.4748134126 ], [ -121.0509287223, 49.473673561200002 ], [ -121.053776263200007, 49.471228504199999 ], [ -121.062157252, 49.466784047799997 ], [ -121.063470242500003, 49.466401578899998 ], [ -121.065731885800005, 49.4657427016 ], [ -121.068964858399994, 49.465357312 ], [ -121.072397844400001, 49.465235212700001 ], [ -121.076030853500001, 49.465376310499998 ], [ -121.079933669400006, 49.465430397600002 ], [ -121.081415989600004, 49.465171441 ], [ -121.081702898499998, 49.463112907499998 ], [ -121.080132111400005, 49.458376415399997 ], [ -121.081214692299994, 49.457590701800001 ], [ -121.084052167699994, 49.456021072399999 ], [ -121.085744091199999, 49.454711274499999 ], [ -121.087709175599997, 49.452876380600003 ], [ -121.088933495099994, 49.451170963599999 ], [ -121.089453686799999, 49.448821838299999 ], [ -121.089570420200005, 49.446384397599999 ], [ -121.090098045100007, 49.445123712499999 ], [ -121.090614993900004, 49.442339261 ], [ -121.094145906099996, 49.440440134600003 ], [ -121.099266834800005, 49.441087747200001 ], [ -121.098364917400005, 49.392403900300003 ], [ -121.098235516100004, 49.380010223699998 ], [ -121.098128995, 49.369802585800002 ], [ -121.098076029200001, 49.364727698499998 ], [ -121.097989427800002, 49.356423245400002 ], [ -121.097998092500006, 49.356423313800001 ], [ -121.098043927600003, 49.3539094689 ], [ -121.081289435800002, 49.353337353599997 ], [ -121.075251483, 49.353130482399997 ], [ -121.0769212724, 49.349895564500002 ], [ -121.087944595, 49.348016041400001 ], [ -121.088545753899993, 49.348101598200003 ], [ -121.096504716499993, 49.3492339194 ], [ -121.101773323, 49.3485963157 ], [ -121.098134106299995, 49.345617189 ], [ -121.095373369300006, 49.343172327200001 ], [ -121.095384774300001, 49.343164077300003 ], [ -121.094048870400002, 49.342281621399998 ], [ -121.093586489399996, 49.341007348600002 ], [ -121.092723620100003, 49.339424571599999 ], [ -121.090784061700006, 49.338627340899997 ], [ -121.089383062799996, 49.337437532499997 ], [ -121.088449086300002, 49.336644347899998 ], [ -121.086980500899998, 49.335585842 ], [ -121.085446686099999, 49.3342200202 ], [ -121.084450031900005, 49.332680603900002 ], [ -121.082450811499996, 49.3306987781 ], [ -121.080648708400005, 49.329419593200001 ], [ -121.078374768499998, 49.328620709 ], [ -121.076431783800004, 49.328480442 ], [ -121.074822494100005, 49.3285606066 ], [ -121.072204642700001, 49.329073652399998 ], [ -121.071260652500001, 49.329812598099998 ], [ -121.068369061499993, 49.331067709800003 ], [ -121.066753134400003, 49.3320223383 ], [ -121.064534848899996, 49.332843144500004 ], [ -121.062854063800003, 49.3334914259 ], [ -121.061111739, 49.333395618899999 ], [ -121.058096594099993, 49.333162327300002 ], [ -121.055013534899999, 49.333060008799997 ], [ -121.052536045799997, 49.332653903299999 ], [ -121.049653822500005, 49.332596175699997 ], [ -121.047313831099999, 49.3317085455 ], [ -121.045242661700001, 49.330734452100003 ], [ -121.043713266500006, 49.328929262400003 ], [ -121.042521901499995, 49.326686566399999 ], [ -121.0408685827, 49.323388843399997 ], [ -121.042351846100004, 49.321812876 ], [ -121.042963568800005, 49.320410200600001 ], [ -121.041493651699994, 49.319789579 ], [ -121.039358331200006, 49.318508179399998 ], [ -121.035819867800001, 49.316694053600003 ], [ -121.035288713699998, 49.315989832500001 ], [ -121.034828386699999, 49.314715411199998 ], [ -121.034443223500006, 49.312212330800001 ], [ -121.033313242, 49.3109352775 ], [ -121.031717243, 49.309261366500003 ], [ -121.025576204199993, 49.305206176600002 ], [ -121.025066101199997, 49.305768197 ], [ -121.024557525600002, 49.306330240299999 ], [ -121.0239312251, 49.3068542842 ], [ -121.023306704800007, 49.30737137 ], [ -121.022564013299998, 49.307823449600001 ], [ -121.021930400599999, 49.3083383584 ], [ -121.021419832600003, 49.308910355 ], [ -121.021039056600003, 49.309485568699998 ], [ -121.020530613299997, 49.310347460099997 ], [ -121.020019209500006, 49.311282269099998 ], [ -121.019338061, 49.312256153200003 ], [ -121.018778934699995, 49.313198135599997 ], [ -121.018222730299996, 49.314067193100001 ], [ -121.017974942199999, 49.314869580500002 ], [ -121.018442852099994, 49.315439356900001 ], [ -121.019031357499998, 49.315976210300001 ], [ -121.020102255599994, 49.316837179499998 ], [ -121.020566456200001, 49.317576809 ], [ -121.021035356799999, 49.318237542299997 ], [ -121.021385417100007, 49.318850254300003 ], [ -121.021740244200004, 49.319382108 ], [ -121.021723799300005, 49.319944568399997 ], [ -121.021340910399999, 49.320456773499998 ], [ -121.020834414099994, 49.320999848100001 ], [ -121.020212254800001, 49.321490952300003 ], [ -121.019711983, 49.322031133599999 ], [ -121.019097803899996, 49.322513389100003 ], [ -121.018488787300001, 49.3229807146 ], [ -121.017942526400006, 49.323218243299998 ], [ -121.017551468199997, 49.323360468 ], [ -121.017351494300001, 49.323428000699998 ], [ -121.017132256, 49.3235181987 ], [ -121.016938386500001, 49.323585841 ], [ -121.016774326800004, 49.323634984900004 ], [ -121.016589394500002, 49.323670805600003 ], [ -121.016382363199995, 49.3236852442 ], [ -121.016148202599993, 49.323690211299997 ], [ -121.01588726, 49.323676728300001 ], [ -121.015694110200002, 49.323688414599999 ], [ -121.015431602299998, 49.323713894 ], [ -121.015195978600005, 49.323754823199998 ], [ -121.015071492199993, 49.323770671699997 ], [ -121.014809099800004, 49.3237931508 ], [ -121.014620012199998, 49.323817896400001 ], [ -121.014401931099997, 49.323879120599997 ], [ -121.014163304899995, 49.323994958500002 ], [ -121.013941573699995, 49.324147075900001 ], [ -121.013687017400002, 49.324316612600001 ], [ -121.013396995299999, 49.324455569400001 ], [ -121.013071511500002, 49.3245639103 ], [ -121.012974150199994, 49.3245892371 ], [ -121.012760773599993, 49.324647536 ], [ -121.012528377699994, 49.324722493499998 ], [ -121.012304815600004, 49.3248056081 ], [ -121.012094658799995, 49.324859967800002 ], [ -121.011887994099993, 49.324903401 ], [ -121.011681695500002, 49.324899848900003 ], [ -121.011424826799995, 49.325430178 ], [ -121.011332808299997, 49.325816438 ], [ -121.011388872500007, 49.326019296600002 ], [ -121.011509025400002, 49.326111329 ], [ -121.011710976299995, 49.326222748399999 ], [ -121.011981709300002, 49.326335360900003 ], [ -121.012116707, 49.326400653299999 ], [ -121.012224573200001, 49.3264564913 ], [ -121.012599536699994, 49.326714824100002 ], [ -121.012842041900001, 49.326844939700003 ], [ -121.013180826, 49.326976705699998 ], [ -121.0132488709, 49.3269958622 ], [ -121.012843614800005, 49.327831506499997 ], [ -121.0124430539, 49.328664235399998 ], [ -121.012180496400006, 49.329335423099998 ], [ -121.012073024499998, 49.329801357299999 ], [ -121.012133338, 49.330012294900001 ], [ -121.012228141, 49.330126880500003 ], [ -121.012334929700003, 49.330209669 ], [ -121.012400187500006, 49.330373734 ], [ -121.012234691700002, 49.330609774 ], [ -121.011684113599998, 49.330913147300002 ], [ -121.010758297400002, 49.331192086500003 ], [ -121.009602339, 49.331413071900002 ], [ -121.009415202699998, 49.33127491 ], [ -121.009243029199993, 49.331107019199997 ], [ -121.009098134, 49.330945594399999 ], [ -121.0089935317, 49.330808847299998 ], [ -121.008857202, 49.330662568100003 ], [ -121.008743803900003, 49.3305166723 ], [ -121.008638838500005, 49.3303889293 ], [ -121.008520470500002, 49.330251942 ], [ -121.0083492925, 49.3300600711 ], [ -121.008270384499994, 49.3299687612 ], [ -121.007995622600006, 49.3294252703 ], [ -121.007968527200006, 49.328960016800004 ], [ -121.008189078900003, 49.328572982499999 ], [ -121.008109083099995, 49.328508641100001 ], [ -121.0079896572, 49.328398632 ], [ -121.007836212, 49.328222058800002 ], [ -121.0077149711, 49.328043059300001 ], [ -121.007676240699993, 49.3279794169 ], [ -121.0075734678, 49.327797716799999 ], [ -121.007483356700007, 49.327643242400001 ], [ -121.007315597399995, 49.327518402899997 ], [ -121.007116405800005, 49.327414013400002 ], [ -121.006902663199995, 49.327367346499997 ], [ -121.006682406400003, 49.327368534599998 ], [ -121.006544138, 49.3273841512 ], [ -121.006406234899998, 49.327390763 ], [ -121.005305903700005, 49.327371775499998 ], [ -121.005002952599995, 49.327375539199998 ], [ -121.004205223, 49.327361764 ], [ -121.0039303386, 49.327352019300001 ], [ -121.003656757499996, 49.327310298900002 ], [ -121.00308685, 49.327108541 ], [ -121.002141833099998, 49.326842312 ], [ -121.001119304900001, 49.326639713200002 ], [ -121.000019971599997, 49.3265967018 ], [ -120.999043995, 49.326679759900003 ], [ -120.998220167, 49.326970345699998 ], [ -120.997547423599997, 49.327381490800001 ], [ -120.997147742799996, 49.327658434 ], [ -120.996766605700003, 49.327817746 ], [ -120.996349282300002, 49.327888474600002 ], [ -120.995877928, 49.327821328100001 ], [ -120.995314463599996, 49.327687615099997 ], [ -120.994442657700006, 49.327426597200002 ], [ -120.993534851600003, 49.327110972200003 ], [ -120.991949086800005, 49.3267325829 ], [ -120.991057972199997, 49.326759079699997 ], [ -120.990058369, 49.326858625600003 ], [ -120.989101526400006, 49.326996910600002 ], [ -120.988436863199993, 49.327020311200002 ], [ -120.988064379899996, 49.326928877500002 ], [ -120.987961687400002, 49.326972059600003 ], [ -120.987799515399999, 49.327011225900002 ], [ -120.9875820946, 49.327055404799999 ], [ -120.987400447200002, 49.327122210699997 ], [ -120.987241554799994, 49.327193420100002 ], [ -120.987073083799999, 49.327274433 ], [ -120.986891104899996, 49.327349243100002 ], [ -120.986807098900002, 49.327383747 ], [ -120.986736884699994, 49.327418521600002 ], [ -120.986633939800001, 49.3274676992 ], [ -120.986484535599999, 49.3275310573 ], [ -120.986306782300005, 49.3276149219 ], [ -120.9861329899, 49.327713856 ], [ -120.985894404299998, 49.327826641800002 ], [ -120.985653963900006, 49.327984377100002 ], [ -120.985516865600005, 49.328083941199999 ], [ -120.985370829900006, 49.328177343100002 ], [ -120.985253023, 49.328253255 ], [ -120.985130031, 49.328344073300002 ], [ -120.985011632600006, 49.328434969600004 ], [ -120.984889244, 49.328510803699999 ], [ -120.984673447700004, 49.328626982300001 ], [ -120.983594844500004, 49.329198892400001 ], [ -120.983357245400001, 49.3292877031 ], [ -120.983152930499998, 49.3293471068 ], [ -120.983014162700002, 49.329374669499998 ], [ -120.982884171899997, 49.329411391 ], [ -120.982678777800004, 49.329497763500001 ], [ -120.982551303799994, 49.329548504 ], [ -120.982440675, 49.329598556800001 ], [ -120.982294746799994, 49.329688955599998 ], [ -120.982166545599995, 49.329794676100001 ], [ -120.982659752900005, 49.330188120099997 ], [ -120.982953191199996, 49.330753982799997 ], [ -120.983046895499996, 49.3314922852 ], [ -120.983046179499993, 49.331549214600003 ], [ -120.9830408105, 49.331977953399999 ], [ -120.983282421400006, 49.332241056100003 ], [ -120.983403973500003, 49.332485074 ], [ -120.983439612500007, 49.332698594100002 ], [ -120.983443868099997, 49.332893586799997 ], [ -120.983449178900003, 49.333100582199997 ], [ -120.983612381699999, 49.333298341199999 ], [ -120.983735385499998, 49.333507403699997 ], [ -120.983760272200001, 49.333684743100001 ], [ -120.983758078199997, 49.333850638900003 ], [ -120.983728822, 49.3340050467 ], [ -120.983795184900004, 49.3342151218 ], [ -120.983826561800001, 49.334420567099997 ], [ -120.983824407499995, 49.334585463099998 ], [ -120.983840104699993, 49.334762654899997 ], [ -120.9838629634, 49.334951970600002 ], [ -120.983903792299998, 49.335150583400001 ], [ -120.983962602399998, 49.3353585208 ], [ -120.984000923799996, 49.335431165700001 ], [ -120.984037051300007, 49.335557729900003 ], [ -120.984017983900003, 49.335762310699998 ], [ -120.983855655300005, 49.336029359100003 ], [ -120.983550036, 49.336358864099999 ], [ -120.983206240200005, 49.336911610599998 ], [ -120.982996672900001, 49.337435715600002 ], [ -120.982921352600002, 49.337931180600002 ], [ -120.982841554100006, 49.338311610799998 ], [ -120.982716253800007, 49.3385703187 ], [ -120.982545442100005, 49.338707267700002 ], [ -120.982366152099999, 49.338790090099998 ], [ -120.982185544100005, 49.338904877399997 ], [ -120.982003630700007, 49.339051639399997 ], [ -120.981867517599994, 49.339238176599999 ], [ -120.981683112799999, 49.339407881299998 ], [ -120.981479107200002, 49.339534255499998 ], [ -120.981353077199998, 49.339586027499998 ], [ -120.981086916899997, 49.339698325400001 ], [ -120.980862752799993, 49.339793358800001 ], [ -120.980680228300002, 49.339880133 ], [ -120.980314439, 49.340071662299998 ], [ -120.980164366699995, 49.340149984500002 ], [ -120.9800008797, 49.340183116399999 ], [ -120.97973303, 49.340261384400002 ], [ -120.979296721200001, 49.340456668599998 ], [ -120.978728914900003, 49.340799581799999 ], [ -120.978141437100007, 49.340801283899999 ], [ -120.977551593200005, 49.340748986900003 ], [ -120.976963563400005, 49.340726704700003 ], [ -120.976446039799995, 49.340775613799998 ], [ -120.976105781300006, 49.340866617099998 ], [ -120.975900153500007, 49.340956955 ], [ -120.975801998199998, 49.341000220399998 ], [ -120.975578556200006, 49.34107727 ], [ -120.975368501399998, 49.341163548700003 ], [ -120.975158815599997, 49.341240840600001 ], [ -120.974878653499999, 49.341320896900001 ], [ -120.974528874399994, 49.341307758299997 ], [ -120.974067636, 49.341140745700002 ], [ -120.973522665100006, 49.340852317900001 ], [ -120.9723496, 49.340921698499997 ], [ -120.971830258099999, 49.341126476100001 ], [ -120.971084728, 49.341214343499999 ], [ -120.970144308299993, 49.341242805299999 ], [ -120.969141934899994, 49.341252178700003 ], [ -120.968700872, 49.3416732381 ], [ -120.968280511200007, 49.341962714499999 ], [ -120.967880855399997, 49.342120617399999 ], [ -120.967627293299998, 49.342260075799999 ], [ -120.967373356500005, 49.342408537799997 ], [ -120.967078884499998, 49.342538311799998 ], [ -120.966757269, 49.342658583 ], [ -120.966715249100005, 49.342675849499997 ], [ -120.966449036599997, 49.342788101799997 ], [ -120.966350497199997, 49.342840344899997 ], [ -120.966101146699998, 49.3429889007 ], [ -120.965857481300006, 49.343110538700003 ], [ -120.965633268399998, 49.343205549099999 ], [ -120.965478949, 49.343274803900002 ], [ -120.965158068600005, 49.343377088799997 ], [ -120.964627098099996, 49.343565657 ], [ -120.964452522499997, 49.3437185079 ], [ -120.964234726499996, 49.343954570599998 ], [ -120.963973711, 49.344273817800001 ], [ -120.963513621800004, 49.344672535 ], [ -120.962996312300007, 49.345048237599997 ], [ -120.962433833, 49.345147266 ], [ -120.961919518900004, 49.345265138400002 ], [ -120.961453384400002, 49.345401847200002 ], [ -120.961112110599998, 49.345589732100002 ], [ -120.960829416300001, 49.345766672700002 ], [ -120.960605318800006, 49.345932643099999 ], [ -120.960310433800004, 49.346071375100003 ], [ -120.960113714399995, 49.346166854899998 ], [ -120.959930767, 49.346262580199998 ], [ -120.959664516399997, 49.346374824199998 ], [ -120.9593986247, 49.346478071699998 ], [ -120.959104479399997, 49.346598818899999 ], [ -120.958907021200005, 49.346712287499997 ], [ -120.958723696099995, 49.346816996800001 ], [ -120.958540729600003, 49.346912719 ], [ -120.957952427400002, 49.347154207800003 ], [ -120.957685420700003, 49.347284419200001 ], [ -120.957432543099998, 49.347405907199999 ], [ -120.957178545399998, 49.347554344099997 ], [ -120.956953934599994, 49.347658313700002 ], [ -120.956756839899995, 49.347762792 ], [ -120.956329294200003, 49.348001115899997 ], [ -120.955996699099998, 49.348163147100003 ], [ -120.955772815, 49.348249150100003 ], [ -120.955454898599996, 49.348315504799999 ], [ -120.955139632699996, 49.3483548994 ], [ -120.954570971899997, 49.348453789700002 ], [ -120.954076553600004, 49.3487179137 ], [ -120.953656359799993, 49.349147271600003 ], [ -120.953074182500004, 49.349571765 ], [ -120.952681034199998, 49.349975615799998 ], [ -120.952139442700002, 49.350490774599997 ], [ -120.951539459900005, 49.351011898199999 ], [ -120.950891478200006, 49.351472197200003 ], [ -120.949985144600006, 49.351742983900003 ], [ -120.948944378299998, 49.3518614607 ], [ -120.947771386900001, 49.351884608200002 ], [ -120.946615213300007, 49.352091968300002 ], [ -120.945475832, 49.352483522699998 ], [ -120.944402030399999, 49.351987773 ], [ -120.944201948699998, 49.351998182899997 ], [ -120.943921703200004, 49.352017939299998 ], [ -120.943654535600004, 49.352057550600001 ], [ -120.943419797499999, 49.352137121200002 ], [ -120.943225645400005, 49.352269059 ], [ -120.943049901600006, 49.352384834399999 ], [ -120.922975363399999, 49.350174105599997 ], [ -120.922856069199995, 49.350064014399997 ], [ -120.922708114700001, 49.349980390299997 ], [ -120.922491006100003, 49.349904521600003 ], [ -120.922247858399999, 49.349792197299998 ], [ -120.922005120400001, 49.349670878799998 ], [ -120.921828153800007, 49.349622716900001 ], [ -120.921734100600005, 49.349567058600002 ], [ -120.921436704900003, 49.349435761499997 ], [ -120.921291405800005, 49.3492892055 ], [ -120.921130837600003, 49.349178370899999 ], [ -120.920944273800004, 49.349031073699997 ], [ -120.920877376700005, 49.348984892700003 ], [ -120.920609001499997, 49.348818139 ], [ -120.920434691599993, 49.348707044800001 ], [ -120.9201946007, 49.3485228093 ], [ -120.919860110299993, 49.348291900699998 ], [ -120.919673920899996, 49.348135614299999 ], [ -120.919499603099993, 49.348024508899996 ], [ -120.919433455399997, 49.3479603631 ], [ -120.919355838, 49.3478419968 ], [ -120.919278598600002, 49.347714671200002 ], [ -120.919212453599997, 49.347650507300003 ], [ -120.919037374400006, 49.347557400100001 ], [ -120.918848918400002, 49.347455047099999 ], [ -120.918634482399995, 49.347316240300003 ], [ -120.918376849599994, 49.347221638299999 ], [ -120.918068372500002, 49.347027168899999 ], [ -120.917892930799994, 49.3469430464 ], [ -120.917770607899996, 49.346904855600002 ], [ -120.917551220500002, 49.346882910300003 ], [ -120.917361640300001, 49.346807522399999 ], [ -120.9171200591, 49.346659242500003 ], [ -120.916948026599997, 49.346494206700001 ], [ -120.916745833299998, 49.346391608799998 ], [ -120.916543259799994, 49.346297996700002 ], [ -120.916313536800004, 49.346194895899998 ], [ -120.9160696876, 49.346100539600002 ], [ -120.915989027, 49.346054103900002 ], [ -120.915992448400004, 49.345973192700001 ], [ -120.862938692699998, 49.339345586599997 ], [ -120.863039651700007, 49.339239492799997 ], [ -120.863197202799995, 49.339098476 ], [ -120.863304698899995, 49.338947534699997 ], [ -120.863418343, 49.338760713900001 ], [ -120.863520864, 49.3386186846 ], [ -120.863591027499993, 49.338482027200001 ], [ -120.863626826300006, 49.338361744099998 ], [ -120.8636468662, 49.338252160899998 ], [ -120.863625577899995, 49.338107832299997 ], [ -120.863590366, 49.338002243200002 ], [ -120.863530625099997, 49.337863195 ], [ -120.863436379899994, 49.33770852 ], [ -120.863319791600006, 49.337539437399997 ], [ -120.863152871899999, 49.3373674184 ], [ -120.8629511683, 49.337150778 ], [ -120.862778577100002, 49.337003661600001 ], [ -120.862771831800003, 49.336841609099999 ], [ -120.862783848700005, 49.336775855200003 ], [ -120.862822942299999, 49.336685611900002 ], [ -120.862879404300003, 49.336582706100003 ], [ -120.862939885, 49.336457885900003 ], [ -120.862987367100004, 49.3363148169 ], [ -120.863021510300001, 49.336162523500001 ], [ -120.863015534300004, 49.335982489199999 ], [ -120.863009179800002, 49.335811450500003 ], [ -120.862988412199996, 49.335655136600003 ], [ -120.862904286399996, 49.335478655800003 ], [ -120.862771580200004, 49.335258295599999 ], [ -120.862724365, 49.335077507599998 ], [ -120.862712414800001, 49.334717447300001 ], [ -120.862692306400007, 49.3345461507 ], [ -120.862686345699998, 49.334366116600002 ], [ -120.862636794500006, 49.334203271500002 ], [ -120.862559003399994, 49.334021912300003 ], [ -120.862420071, 49.333839420700002 ], [ -120.862325446300005, 49.333693729799997 ], [ -120.862292636899994, 49.333568178100002 ], [ -120.862348382799993, 49.3334462543 ], [ -120.862457591199998, 49.333291343299997 ], [ -120.862578564700001, 49.3331466554 ], [ -120.862656985599997, 49.333031161 ], [ -120.862692841500007, 49.332944850600001 ], [ -120.862753695600006, 49.332811043100001 ], [ -120.862799242799994, 49.332712922900001 ], [ -120.862932382, 49.332499491900002 ], [ -120.863023459199994, 49.3323032686 ], [ -120.862372802699994, 49.332106312900002 ], [ -120.861763526, 49.3318011637 ], [ -120.861195672700006, 49.331387832700003 ], [ -120.861050590600001, 49.331171236899998 ], [ -120.861015811399994, 49.33098567 ], [ -120.861044747799994, 49.330847266699998 ], [ -120.861056035299995, 49.330692549200002 ], [ -120.861049296900006, 49.3305304951 ], [ -120.861038158200003, 49.330152460599997 ], [ -120.861032191700005, 49.329972415599997 ], [ -120.861051405599994, 49.329846839799998 ], [ -120.861084362400007, 49.329721494200001 ], [ -120.8611330313, 49.329551475899997 ], [ -120.861181295400002, 49.329390433900002 ], [ -120.861231517700006, 49.329184461399997 ], [ -120.861280956200005, 49.328996461 ], [ -120.8613036709, 49.328789972899997 ], [ -120.861218555199997, 49.328601476700001 ], [ -120.861011829800006, 49.328430713099998 ], [ -120.860453784399994, 49.3281804951 ], [ -120.859665945200007, 49.327833045399998 ], [ -120.859735946800001, 49.327735386500002 ], [ -120.859781746300001, 49.327631287599999 ], [ -120.859803359400004, 49.327520731500002 ], [ -120.859827143, 49.327395228699999 ], [ -120.859869666199998, 49.327261072 ], [ -120.859959218300006, 49.327100805100002 ], [ -120.860023184699998, 49.326895071800003 ], [ -120.860085215400005, 49.326734297199998 ], [ -120.860147623800003, 49.326564535800003 ], [ -120.860226557900006, 49.326437057299998 ], [ -120.860323964200006, 49.326306921399997 ], [ -120.860426076300001, 49.326173869599998 ], [ -120.860435308099994, 49.326031089600001 ], [ -120.860347623899997, 49.325831551500002 ], [ -120.860162997800003, 49.325575253899999 ], [ -120.859764778499994, 49.325025123 ], [ -120.859367214499997, 49.324459997799998 ], [ -120.859014362300002, 49.323886704899998 ], [ -120.858762265500005, 49.323282298400002 ], [ -120.858961411899998, 49.323133044800002 ], [ -120.859202609799993, 49.3229665932 ], [ -120.859421259699999, 49.32279073 ], [ -120.859617376399996, 49.322605446899999 ], [ -120.859703012599994, 49.3225350596 ], [ -120.859913956400007, 49.322431011600003 ], [ -120.860092143499998, 49.322306374 ], [ -120.860264713299998, 49.322170641 ], [ -120.860414737599996, 49.321990497199998 ], [ -120.860516056400002, 49.321875416799998 ], [ -120.860616211099995, 49.321787313500003 ], [ -120.860795191600005, 49.321679684599999 ], [ -120.860915062800004, 49.321559956199998 ], [ -120.860993258600004, 49.321449449799999 ], [ -120.861008522299997, 49.321308787699998 ], [ -120.860989208399999, 49.3211195238 ], [ -120.860970274600007, 49.320921255099996 ], [ -120.860974950499994, 49.320813392300003 ], [ -120.860952893100006, 49.3206870498 ], [ -120.860948874, 49.320462061500002 ], [ -120.860930710399998, 49.320245819599997 ], [ -120.860926716899996, 49.320020850399999 ], [ -120.8609199805, 49.3198587937 ], [ -120.860924657400005, 49.319750921699999 ], [ -120.861042450699998, 49.319573176 ], [ -120.860508344899998, 49.319407362500002 ], [ -120.860214506199995, 49.319271982799997 ], [ -120.860160960200005, 49.319167031200003 ], [ -120.860237668799996, 49.319090488699999 ], [ -120.8602958237, 49.318983611599997 ], [ -120.860343784199998, 49.318864555200001 ], [ -120.860351053200006, 49.318696758800002 ], [ -120.860343548100005, 49.318552683900002 ], [ -120.860261943099999, 49.318248297 ], [ -120.860105859200004, 49.317792611500003 ], [ -120.859750889, 49.317304253800003 ], [ -120.859342018199996, 49.316824885099997 ], [ -120.858879275700005, 49.316354506 ], [ -120.858528841899997, 49.315797251100001 ], [ -120.858216534500002, 49.315136747 ], [ -120.857926897300004, 49.314484205799999 ], [ -120.857720224700003, 49.314106803800001 ], [ -120.857611965100006, 49.313893356900003 ], [ -120.857610287699998, 49.3138829094 ], [ -120.857604346599999, 49.313833586100003 ], [ -120.857076976100004, 49.313678520099998 ], [ -120.856542330300002, 49.3135523754 ], [ -120.856481642800006, 49.313612228899999 ], [ -120.856408678500003, 49.313672832500004 ], [ -120.856248244400007, 49.313740834100003 ], [ -120.856049419100003, 49.313813104799998 ], [ -120.855898926099997, 49.3138820219 ], [ -120.8558668883, 49.313896691 ], [ -120.855641720700007, 49.314012450500002 ], [ -120.855393349899998, 49.314133789499998 ], [ -120.855149382199997, 49.314189234899999 ], [ -120.855085596199999, 49.314197616800001 ], [ -120.854889511899998, 49.3142233851 ], [ -120.854627108399995, 49.314245494399998 ], [ -120.854540431, 49.314027280099999 ], [ -120.854403189699994, 49.314007092799997 ], [ -120.854311700099998, 49.313994130899999 ], [ -120.854210277600004, 49.313968523200003 ], [ -120.853784416799996, 49.31388221 ], [ -120.8535708701, 49.313812139100001 ], [ -120.853410401100007, 49.3137461062 ], [ -120.853101208499993, 49.313578435300002 ], [ -120.852812591399996, 49.313465116499998 ], [ -120.852504087, 49.313387418600001 ], [ -120.852368551, 49.313339906800003 ], [ -120.852178017300005, 49.313291386099998 ], [ -120.852001232800006, 49.313243123900001 ], [ -120.851847384099997, 49.31319527 ], [ -120.851706874300007, 49.313156687400003 ], [ -120.851551971700005, 49.313132802299997 ], [ -120.851346001899998, 49.313122983500001 ], [ -120.851112662700004, 49.313109638599997 ], [ -120.850864405899998, 49.313123011599998 ], [ -120.850706829399996, 49.313090100799997 ], [ -120.850501684, 49.313026316399998 ], [ -120.850113362900004, 49.312780193400002 ], [ -120.849776633, 49.312508027100002 ], [ -120.849453441799994, 49.312241134700002 ], [ -120.849054144899995, 49.312036792500002 ], [ -120.849059623800002, 49.311910937599997 ], [ -120.849079242800002, 49.311776373699999 ], [ -120.849487687899995, 49.311244205400001 ], [ -120.849581668, 49.311087032800003 ], [ -120.849693467799995, 49.310942179100003 ], [ -120.849822665100007, 49.310818638299999 ], [ -120.849996274199995, 49.310623940200003 ], [ -120.850096029900001, 49.310544840399999 ], [ -120.85025784, 49.310444899300002 ], [ -120.850369776199997, 49.310367012299999 ], [ -120.850451459300004, 49.3102815636 ], [ -120.850539041199994, 49.31016625 ], [ -120.8507114473, 49.309998535799998 ], [ -120.850862635400006, 49.309861416799997 ], [ -120.8510063831, 49.3097551356 ], [ -120.851222006200004, 49.309648196700003 ], [ -120.851476897599994, 49.309481999399999 ], [ -120.851745926099994, 49.309307092 ], [ -120.852000811799996, 49.309140911299998 ], [ -120.852115083300006, 49.309044077099998 ], [ -120.852259606100006, 49.308884820300001 ], [ -120.852367024499998, 49.308734891599997 ], [ -120.852492726400001, 49.308586295200001 ], [ -120.852577986300005, 49.308525973599998 ], [ -120.852449508099994, 49.308405340100002 ], [ -120.852309030499995, 49.308250405199999 ], [ -120.852214208299998, 49.308082209799998 ], [ -120.852144955100002, 49.307907447200002 ], [ -120.852085002300001, 49.307729329600001 ], [ -120.852121240200006, 49.307556225699997 ], [ -120.852240326200004, 49.3073885636 ], [ -120.852428195300007, 49.307269939699999 ], [ -120.852697752500006, 49.307299854299998 ], [ -120.852949794899999, 49.307368228599998 ], [ -120.853215241399994, 49.307325228099998 ], [ -120.853472249099994, 49.307253302100001 ], [ -120.853718571, 49.307171915 ], [ -120.853952419799995, 49.307076325399997 ], [ -120.854112063100004, 49.306934967499998 ], [ -120.854184838699993, 49.306759762 ], [ -120.8542625133, 49.306587199200003 ], [ -120.854360830499999, 49.306419401600003 ], [ -120.854473468199998, 49.306255120199999 ], [ -120.854584431800006, 49.306088295599999 ], [ -120.854746431300001, 49.305947626699997 ], [ -120.854975222899995, 49.305844043 ], [ -120.855217393, 49.305755669299998 ], [ -120.855457370899998, 49.305666685200002 ], [ -120.855659342799996, 49.305549928700003 ], [ -120.855811656100002, 49.305397580700003 ], [ -120.855964970200006, 49.305246877400002 ], [ -120.856096622099997, 49.3050897902 ], [ -120.856165522599994, 49.304915643699999 ], [ -120.856201479099994, 49.304737102200001 ], [ -120.856223416500001, 49.3045576576 ], [ -120.856257623499999, 49.3043752699 ], [ -120.856367848299996, 49.304218712699999 ], [ -120.8565824736, 49.3040995713 ], [ -120.856681697400006, 49.303935018099999 ], [ -120.856749557399993, 49.303757555099999 ], [ -120.856864054200003, 49.303595372099998 ], [ -120.857005037500002, 49.303440019 ], [ -120.857160338300005, 49.3032896884 ], [ -120.857331116699996, 49.303148071899997 ], [ -120.857519891699994, 49.303019151500003 ], [ -120.857730668900004, 49.302903821800001 ], [ -120.857952910199998, 49.302795390500002 ], [ -120.858174265700001, 49.302686492500001 ], [ -120.8583823978, 49.302569772299996 ], [ -120.858570660300003, 49.302436611899999 ], [ -120.858728682099994, 49.302284523099999 ], [ -120.858824140199999, 49.302120284799997 ], [ -120.858852354899994, 49.301942257599997 ], [ -120.858840601500006, 49.301758237900003 ], [ -120.858811363399994, 49.3015791057 ], [ -120.858757979800004, 49.301402702499999 ], [ -120.858696779599995, 49.301226612500002 ], [ -120.858649129, 49.3010494448 ], [ -120.858615925300001, 49.300870312699999 ], [ -120.858591339599997, 49.300690228800001 ], [ -120.858582437400003, 49.300510684800003 ], [ -120.858611552100001, 49.300333855 ], [ -120.858691523, 49.300159837099997 ], [ -120.858716218799998, 49.299981118399998 ], [ -120.858700347400003, 49.299798345600003 ], [ -120.858711692599996, 49.299621399599999 ], [ -120.858844620799999, 49.2994623847 ], [ -120.859067937, 49.2993614648 ], [ -120.85932165, 49.299285598 ], [ -120.859554135899998, 49.299189526600003 ], [ -120.859747655099994, 49.299059105200001 ], [ -120.859872913499999, 49.298896303799999 ], [ -120.859919100400006, 49.298720593900001 ], [ -120.859811297299999, 49.298556359300001 ], [ -120.859668206199999, 49.298399339900001 ], [ -120.859529808, 49.298244222100003 ], [ -120.859433023400001, 49.298074674 ], [ -120.85938475, 49.297897909100001 ], [ -120.859398071, 49.297716536300001 ], [ -120.859522404499998, 49.297558942499997 ], [ -120.859648847100004, 49.297399464 ], [ -120.859689227800004, 49.297220346099998 ], [ -120.859656862700007, 49.297041090900002 ], [ -120.859559884500001, 49.296873924400003 ], [ -120.859136000600003, 49.296256030800002 ], [ -120.858379682500001, 49.296251011599999 ], [ -120.857278760300005, 49.296368533699997 ], [ -120.856175503499998, 49.296539982900001 ], [ -120.855021141, 49.296691478299998 ], [ -120.853817991, 49.296769088300003 ], [ -120.853569808700001, 49.296782467200003 ], [ -120.853238388899996, 49.296812284399998 ], [ -120.8529344417, 49.296842626599997 ], [ -120.852666138299995, 49.296897615299997 ], [ -120.852420057100005, 49.2969680199 ], [ -120.852167981500003, 49.297071271500002 ], [ -120.851859352899993, 49.297209459699999 ], [ -120.851648491099994, 49.297313504199998 ], [ -120.851424279599996, 49.297408284900001 ], [ -120.851199686499996, 49.297512061100001 ], [ -120.851001716200003, 49.2976713109 ], [ -120.850818185099996, 49.297849819699998 ], [ -120.850538529299996, 49.298200460799997 ], [ -120.850463448400006, 49.298248787600002 ], [ -120.850129671600001, 49.298463732 ], [ -120.849643122200007, 49.298510639699998 ], [ -120.8493796132, 49.298243852299997 ], [ -120.849353302200001, 49.2979355051 ], [ -120.849512705699993, 49.297714564700001 ], [ -120.849644756399996, 49.297560092300003 ], [ -120.849666579399994, 49.2973745679 ], [ -120.849249051200005, 49.297029952800003 ], [ -120.848454509299998, 49.296709288300001 ], [ -120.847338675800003, 49.2964665979 ], [ -120.846230699700001, 49.296429940700001 ], [ -120.845144067899994, 49.2963936875 ], [ -120.844049172300004, 49.296302283400003 ], [ -120.842949676100005, 49.296281761400003 ], [ -120.841858785, 49.296378330700001 ], [ -120.840759539900006, 49.296456749400001 ], [ -120.839658836200002, 49.296568104199999 ], [ -120.838539259300006, 49.297005960500002 ], [ -120.837403566299997, 49.297497482099999 ], [ -120.836332298800002, 49.297459431299998 ], [ -120.835685670900006, 49.297353208700002 ], [ -120.835291046899997, 49.297202571100001 ], [ -120.835171243399998, 49.2970152101 ], [ -120.835315236, 49.296807328200003 ], [ -120.835587218399994, 49.296547833200002 ], [ -120.836006806, 49.296252227300002 ], [ -120.836375127400004, 49.295922899200001 ], [ -120.836677704500005, 49.295679673899997 ], [ -120.836872059699999, 49.295499385500001 ], [ -120.836334898600001, 49.295201467799998 ], [ -120.835346936099995, 49.295495802799998 ], [ -120.834482958899997, 49.295820466800002 ], [ -120.833746656700001, 49.296021572100003 ], [ -120.833009043399997, 49.296182653700001 ], [ -120.831900996300007, 49.296286810600002 ], [ -120.830572374, 49.296467913100003 ], [ -120.830551379499994, 49.296448959099997 ], [ -120.830400318399995, 49.296298479500003 ], [ -120.830248405700004, 49.296148482200003 ], [ -120.830097073900006, 49.295998223700003 ], [ -120.829937855, 49.295851385699997 ], [ -120.8297805901, 49.295700255600003 ], [ -120.829616807099995, 49.295553360600003 ], [ -120.8294301257, 49.295425048 ], [ -120.829209357699995, 49.295321034399997 ], [ -120.828962892700005, 49.295234764900002 ], [ -120.828702594199996, 49.295168161600003 ], [ -120.828438799400004, 49.295122631399998 ], [ -120.8281686089, 49.295092810699998 ], [ -120.8278931559, 49.295074593899997 ], [ -120.827615775, 49.295064883400002 ], [ -120.827339836, 49.295060511099997 ], [ -120.827067954499995, 49.295073937700003 ], [ -120.826797996899998, 49.295115257600003 ], [ -120.826526883, 49.295150773300001 ], [ -120.826284215200005, 49.295186849799997 ], [ -120.826293233100003, 49.294590101499999 ], [ -120.825170243299993, 49.294478998800003 ], [ -120.824279404, 49.294510192099999 ], [ -120.8233910286, 49.294589420800001 ], [ -120.822354975, 49.294066101799999 ], [ -120.821301647699997, 49.293623416400003 ], [ -120.820923322599995, 49.293574822 ], [ -120.820612869800001, 49.293534945 ], [ -120.820334855400006, 49.293521864100001 ], [ -120.820069117599999, 49.293477834500003 ], [ -120.819807614499993, 49.293421194 ], [ -120.819545183, 49.293366700900002 ], [ -120.819281837099993, 49.293313616100001 ], [ -120.819016979599994, 49.293265060099998 ], [ -120.818747802800004, 49.2932316 ], [ -120.818473771800001, 49.29321506 ], [ -120.818199447599994, 49.293198803099997 ], [ -120.817649082499997, 49.2931645261 ], [ -120.817385012599999, 49.293120272 ], [ -120.817128176599994, 49.293058642299997 ], [ -120.816874461599994, 49.292989437599999 ], [ -120.816622556699997, 49.292915879699997 ], [ -120.8163711089, 49.292841197100003 ], [ -120.816079091399999, 49.292757642600002 ], [ -120.815803480900001, 49.292769751199998 ], [ -120.815527348, 49.292780372300001 ], [ -120.8152554885, 49.2928026401 ], [ -120.814993321900005, 49.292851614200003 ], [ -120.814740614399994, 49.292927166200002 ], [ -120.814487914, 49.293001048500003 ], [ -120.814224252399995, 49.293045644700001 ], [ -120.8139877861, 49.293055480100001 ], [ -120.8139434534, 49.2930573278 ], [ -120.813673300100007, 49.2930320014 ], [ -120.813419033700001, 49.292958168799998 ], [ -120.813199559099999, 49.2928459524 ], [ -120.813054323399996, 49.2926963022 ], [ -120.812984181399997, 49.292555307599997 ], [ -120.812967535400006, 49.2925218321 ], [ -120.8129302201, 49.292348559099999 ], [ -120.812892300200005, 49.292164582 ], [ -120.812808182099999, 49.291993461399997 ], [ -120.812702141299994, 49.291825401099999 ], [ -120.812570371899994, 49.291667824900003 ], [ -120.812401506300006, 49.291528776500002 ], [ -120.812200906399994, 49.2914039116 ], [ -120.811999359599994, 49.291279641499997 ], [ -120.811804647499997, 49.291152640599996 ], [ -120.811609048299999, 49.291026192099999 ], [ -120.811414042199999, 49.290899374799999 ], [ -120.811221152900004, 49.290771251099997 ], [ -120.811028005300003, 49.290642492 ], [ -120.810833375800001, 49.290513570900004 ], [ -120.810769764599996, 49.290465535499997 ], [ -120.810780686800001, 49.289871013899997 ], [ -120.811493377800005, 49.289754581099999 ], [ -120.812206827500006, 49.289483223700003 ], [ -120.8129209879, 49.2890569395 ], [ -120.813515055500005, 49.2886163748 ], [ -120.813873105400006, 49.2881913477 ], [ -120.813995133800006, 49.287781832900002 ], [ -120.813893801299997, 49.286963265200001 ], [ -120.814025065, 49.286172089499999 ], [ -120.814037165299993, 49.285587566700002 ], [ -120.813460124599999, 49.285160824499997 ], [ -120.813114113099999, 49.284692474400003 ], [ -120.812999166899999, 49.284182511799997 ], [ -120.813011680200006, 49.283589000900001 ], [ -120.814073316, 49.283630094400003 ], [ -120.815134649800001, 49.28378212 ], [ -120.816186954499997, 49.283930966600003 ], [ -120.817128088299995, 49.2838637889 ], [ -120.817953292699997, 49.283688467099999 ], [ -120.818598465, 49.2834377661 ], [ -120.819210015199999, 49.283256400399999 ], [ -120.819700531600006, 49.283185686800003 ], [ -120.820136632100002, 49.283240901 ], [ -120.820713751200003, 49.283389732099998 ], [ -120.821354077, 49.283421804900001 ], [ -120.822057618599999, 49.283337118799999 ], [ -120.821490818100003, 49.283092533800001 ], [ -120.821199786400001, 49.283005075299997 ], [ -120.8212023297, 49.282843193300003 ], [ -120.821498473399998, 49.282606879900001 ], [ -120.821150639, 49.282317447399997 ], [ -120.821037471300002, 49.282007431300002 ], [ -120.821044200200006, 49.281577751699999 ], [ -120.821290162799997, 49.281058613299997 ], [ -120.821343461300003, 49.280403896 ], [ -120.821318913300004, 49.279712736500002 ], [ -120.821228387399998, 49.279236224800002 ], [ -120.8212630047, 49.278832058 ], [ -120.821393948500003, 49.278460690400003 ], [ -120.821529579499995, 49.2780874 ], [ -120.821703372800002, 49.277679864900001 ], [ -120.822061747399999, 49.277347763599998 ], [ -120.822648021, 49.2771139297 ], [ -120.822082623900002, 49.276596482400002 ], [ -120.821867271499997, 49.276109624199997 ], [ -120.822111812, 49.275656431900003 ], [ -120.822690726, 49.275207548499999 ], [ -120.822666925799993, 49.275093967899998 ], [ -120.822655586400003, 49.274905852700002 ], [ -120.822582158299994, 49.274736476199998 ], [ -120.822471429199993, 49.274570866799998 ], [ -120.8223469502, 49.2744070874 ], [ -120.822231095099994, 49.274242151800003 ], [ -120.822091765799996, 49.274088207699997 ], [ -120.82184782, 49.273987406400003 ], [ -120.821673748899997, 49.273862627500002 ], [ -120.821607870199998, 49.273694478700001 ], [ -120.821572172700002, 49.273514460299999 ], [ -120.821552563599994, 49.273329556599997 ], [ -120.821534834900007, 49.273146674400003 ], [ -120.821530183899995, 49.272966748499996 ], [ -120.821540525, 49.272786198200002 ], [ -120.821524997699996, 49.272607392 ], [ -120.8214823032, 49.272425818899997 ], [ -120.821397356099993, 49.272255255499999 ], [ -120.821239259899997, 49.272113492499997 ], [ -120.821033469699998, 49.271988938600003 ], [ -120.820847319500004, 49.271855807599998 ], [ -120.820715034299994, 49.271698923300001 ], [ -120.820616568099993, 49.271528900500002 ], [ -120.820545608, 49.271355660099999 ], [ -120.820500488799993, 49.271178210800002 ], [ -120.820467216599994, 49.27099884 ], [ -120.820439322, 49.270819267299999 ], [ -120.820425653800001, 49.270637788199998 ], [ -120.820389110500003, 49.2704608409 ], [ -120.820290785099999, 49.270295624799999 ], [ -120.820152463599996, 49.270137997900001 ], [ -120.820033626799997, 49.2699749 ], [ -120.819942027300002, 49.269801749700001 ], [ -120.819847713100003, 49.269630354699999 ], [ -120.819720927800006, 49.269474102499998 ], [ -120.819541997399995, 49.2693415225 ], [ -120.819328526199996, 49.269224256299999 ], [ -120.819100565, 49.269113728900003 ], [ -120.818877972600006, 49.269001482699998 ], [ -120.818680567800001, 49.268879049399999 ], [ -120.8185266821, 49.268738087800003 ], [ -120.818409787799993, 49.268576163600002 ], [ -120.818324138400001, 49.268400102599998 ], [ -120.818268807899997, 49.268217566899999 ], [ -120.818242914, 49.268036193500002 ], [ -120.818250715800005, 49.267860482700002 ], [ -120.818298638900004, 49.267684913899998 ], [ -120.818370050799999, 49.267508913100002 ], [ -120.818446990400005, 49.267332465 ], [ -120.818511556600001, 49.2671555123 ], [ -120.818545817300006, 49.266978032200001 ], [ -120.818546765299999, 49.266799717600001 ], [ -120.818526547, 49.266620638100001 ], [ -120.818494062799999, 49.266441086299999 ], [ -120.818458085700001, 49.266261384499998 ], [ -120.818427497299993, 49.266081869499999 ], [ -120.818395168199999, 49.265902045099999 ], [ -120.818360483899994, 49.265721990199999 ], [ -120.818367133, 49.2655441478 ], [ -120.818420313299995, 49.265368804200001 ], [ -120.818493606700002, 49.265194526599998 ], [ -120.818574712599997, 49.265020660700003 ], [ -120.818651328499996, 49.264846569900001 ], [ -120.818711138500007, 49.264671616900003 ], [ -120.818741264, 49.264495029199999 ], [ -120.818734644100005, 49.264316196800003 ], [ -120.818703906799996, 49.2641361688 ], [ -120.8186641299, 49.263956238699997 ], [ -120.818504188, 49.263242162200001 ], [ -120.818397264200001, 49.263079569200002 ], [ -120.818264585700007, 49.262923417400003 ], [ -120.818116815699995, 49.262770907300002 ], [ -120.817963742200007, 49.262619432400001 ], [ -120.817815121799995, 49.262466420700001 ], [ -120.817680673, 49.262309271200003 ], [ -120.817559018, 49.2621482427 ], [ -120.8174433577, 49.261985183 ], [ -120.817331475700001, 49.261820833900003 ], [ -120.817221184299996, 49.261655929500002 ], [ -120.817110253500005, 49.261491210599999 ], [ -120.816996494700007, 49.261327420400001 ], [ -120.816875929299997, 49.261165676 ], [ -120.816744424, 49.261006879500002 ], [ -120.816611428800002, 49.260848615699999 ], [ -120.8164875696, 49.260688165099999 ], [ -120.816383385199998, 49.260522849099999 ], [ -120.816291516299998, 49.260352512200001 ], [ -120.816204617, 49.260179093399998 ], [ -120.816127890299995, 49.260003691100003 ], [ -120.816066599, 49.259827361699998 ], [ -120.816025965600005, 49.259651150499998 ], [ -120.816012375, 49.2594745707 ], [ -120.816034735599999, 49.259292167 ], [ -120.816092027300002, 49.259110595300001 ], [ -120.816181868900003, 49.258938341099999 ], [ -120.816304657499998, 49.258783048799998 ], [ -120.816473061899998, 49.258643044599999 ], [ -120.816673103300005, 49.258514362100001 ], [ -120.816937042600003, 49.258366580100002 ], [ -120.817100185200005, 49.258280602299997 ], [ -120.817336404700001, 49.258183646 ], [ -120.817577402699996, 49.258090835499999 ], [ -120.817800355, 49.257987717299997 ], [ -120.817988450399994, 49.257860705100001 ], [ -120.818162475700007, 49.2577106 ], [ -120.8182914195, 49.257561458300003 ], [ -120.818386044600004, 49.257377583599997 ], [ -120.818382907599997, 49.257209465899997 ], [ -120.818307808699998, 49.257038429300003 ], [ -120.818199310400004, 49.256864820899999 ], [ -120.818096461, 49.2566894355 ], [ -120.818038320100001, 49.2565130865 ], [ -120.818035942199998, 49.2563358544 ], [ -120.818045536599996, 49.256156896900002 ], [ -120.8180645634, 49.255976777599997 ], [ -120.818092371199995, 49.255796151 ], [ -120.818128341100007, 49.255615628 ], [ -120.818171835699999, 49.255435864 ], [ -120.818222219299997, 49.255257496 ], [ -120.818278871199993, 49.255081153100001 ], [ -120.818341143200001, 49.254907462699997 ], [ -120.818441487300007, 49.25474303 ], [ -120.818598707500001, 49.254590744300003 ], [ -120.818760029399996, 49.254439792699998 ], [ -120.818872105, 49.2542792084 ], [ -120.818924490399993, 49.254105177600003 ], [ -120.818943759500002, 49.2539239595 ], [ -120.81893922, 49.253740676 ], [ -120.818919959499993, 49.253560447799998 ], [ -120.818878644600005, 49.2533837613 ], [ -120.818817174499998, 49.253208154200003 ], [ -120.818749949400001, 49.253032703300001 ], [ -120.818691385899996, 49.252856459699998 ], [ -120.818649296900006, 49.252678833200001 ], [ -120.818614979700001, 49.2525003712 ], [ -120.818583714200003, 49.252321568600003 ], [ -120.818551001599999, 49.252142912799997 ], [ -120.818512299700004, 49.251964907500003 ], [ -120.8184643763, 49.251787911599997 ], [ -120.818409684399995, 49.251611645899999 ], [ -120.818352165500002, 49.251435686400001 ], [ -120.818295705200001, 49.251259615199999 ], [ -120.818243999499998, 49.251082987499998 ], [ -120.818192629500004, 49.250904715399997 ], [ -120.818169452700005, 49.2507264455 ], [ -120.818198698299994, 49.250547447899997 ], [ -120.818272845699994, 49.250372956100001 ], [ -120.8183779071, 49.250207594499997 ], [ -120.818493936300001, 49.250044303400003 ], [ -120.818618897, 49.249883327799999 ], [ -120.818750941100006, 49.249725075100002 ], [ -120.818887327499993, 49.249567355899998 ], [ -120.819027679599998, 49.249403077099998 ], [ -120.819189458, 49.249255250899999 ], [ -120.819392576599995, 49.249151041200001 ], [ -120.819649085799995, 49.249097732300001 ], [ -120.819933593200005, 49.249075206100002 ], [ -120.8202142783, 49.2490617634 ], [ -120.820489730700004, 49.249047987099999 ], [ -120.820767347599997, 49.249037987100003 ], [ -120.821044387300006, 49.249034997599999 ], [ -120.821318125, 49.249042226500002 ], [ -120.821586189599998, 49.249064026900001 ], [ -120.821848674400002, 49.249126781299999 ], [ -120.822083001400003, 49.249226182900003 ], [ -120.822272814900003, 49.249352593 ], [ -120.822427758900005, 49.249505284199998 ], [ -120.822547491700007, 49.249668222099999 ], [ -120.822650146399994, 49.249834273700003 ], [ -120.822744905799993, 49.250002896700003 ], [ -120.822834901899995, 49.250173149600002 ], [ -120.822923187900003, 49.2503440602 ], [ -120.823012903899993, 49.250514615199997 ], [ -120.823107127499995, 49.250683870499998 ], [ -120.823208970500005, 49.250850820700002 ], [ -120.823314877300007, 49.251018227599999 ], [ -120.823420013399996, 49.251188476 ], [ -120.823529073, 49.251357974199998 ], [ -120.823646780600001, 49.251523104900002 ], [ -120.823777845099997, 49.251680267899999 ], [ -120.823927033399997, 49.251825838899997 ], [ -120.824105940600006, 49.251954310599999 ], [ -120.824329555800006, 49.252059851200002 ], [ -120.824581385499997, 49.252145747299998 ], [ -120.824843087600001, 49.252215819200003 ], [ -120.825101326600006, 49.252274028800002 ], [ -120.825363991399996, 49.2523236607 ], [ -120.825631080299999, 49.252366330199997 ], [ -120.825901218300004, 49.252403631599996 ], [ -120.826173051699996, 49.252437088299999 ], [ -120.826445195700003, 49.252468258 ], [ -120.826716327400007, 49.252498638399999 ], [ -120.826987560399999, 49.252526017900003 ], [ -120.827259938200001, 49.252549183299998 ], [ -120.827533098900005, 49.252569281200003 ], [ -120.827806712599994, 49.2525875412 ], [ -120.828080418300004, 49.252605101100002 ], [ -120.828627224300007, 49.252641209300002 ], [ -120.828900724700006, 49.252658269900003 ], [ -120.829174372099999, 49.252674506600002 ], [ -120.829448107499999, 49.252690079 ], [ -120.829721915899995, 49.252705121799998 ], [ -120.829995728100002, 49.252719884299999 ], [ -120.830269623299998, 49.252735877399999 ], [ -120.830817546899993, 49.252769880300001 ], [ -120.831091577500004, 49.252785895800002 ], [ -120.831365609599999, 49.252799925399998 ], [ -120.831639644700005, 49.252810967400002 ], [ -120.831913656, 49.252818028 ], [ -120.832187648599998, 49.252818716 ], [ -120.832461671499999, 49.252807285300001 ], [ -120.832735692, 49.252788345799999 ], [ -120.833009694799998, 49.2527678346 ], [ -120.833283670399993, 49.252751761200003 ], [ -120.833557588, 49.252746080100003 ], [ -120.833831535599998, 49.252751237699997 ], [ -120.834105532300001, 49.252762867199998 ], [ -120.83437949, 49.252779168700002 ], [ -120.834653295899997, 49.252798313699998 ], [ -120.834926844199998, 49.2528185376 ], [ -120.835200036200007, 49.252838626500001 ], [ -120.835472612499998, 49.252866833799999 ], [ -120.835744742200006, 49.252899422799999 ], [ -120.836016703, 49.252927355600001 ], [ -120.836288779200004, 49.252941657800001 ], [ -120.8365609783, 49.252935345300003 ], [ -120.836833017800004, 49.252912925499999 ], [ -120.837105104700001, 49.252882295399999 ], [ -120.837377495300004, 49.252851282100004 ], [ -120.837650431300005, 49.252827721099997 ], [ -120.837924772899996, 49.2528193331 ], [ -120.838201041299996, 49.252823787600001 ], [ -120.838477224100004, 49.252830123300001 ], [ -120.838751196499999, 49.2528271479 ], [ -120.839022423900005, 49.252805450799997 ], [ -120.839296595799993, 49.252768923200001 ], [ -120.839563549399998, 49.252715535199997 ], [ -120.839810215499995, 49.252641060499997 ], [ -120.840035224700003, 49.252539504700003 ], [ -120.840240527600002, 49.252412378300001 ], [ -120.840411527699999, 49.252268556899999 ], [ -120.840527617899994, 49.252111213900001 ], [ -120.840584745699999, 49.251933495700001 ], [ -120.840634759300002, 49.251752070899997 ], [ -120.840731389499993, 49.251585105700002 ], [ -120.840869866099993, 49.251431198500001 ], [ -120.841025752199997, 49.251282438200001 ], [ -120.841189115500001, 49.251135840499998 ], [ -120.841350079500003, 49.2509884149 ], [ -120.841498712, 49.250837177 ], [ -120.841623344, 49.250678554300002 ], [ -120.8417097998, 49.250508132199997 ], [ -120.841778946199994, 49.250332270100003 ], [ -120.841857862200001, 49.2501592399 ], [ -120.8419681707, 49.249995401 ], [ -120.842093517, 49.249834898800003 ], [ -120.842229555800003, 49.249677462199998 ], [ -120.842376254399994, 49.249524497199999 ], [ -120.842533638899994, 49.249377376699996 ], [ -120.842703055800001, 49.249236733799997 ], [ -120.842885485699995, 49.249101794 ], [ -120.843078409300006, 49.248972445699998 ], [ -120.843279207600006, 49.248848608700001 ], [ -120.843485815500003, 49.248730418800001 ], [ -120.843701882399998, 49.248619701800003 ], [ -120.843925206400002, 49.248514358199998 ], [ -120.844151326599999, 49.248411079100002 ], [ -120.844375794499996, 49.2483065654 ], [ -120.844594133200005, 49.2481975257 ], [ -120.844802008399995, 49.2480807476 ], [ -120.845000697499998, 49.247957239900003 ], [ -120.845193522900004, 49.247829417600002 ], [ -120.845382328100001, 49.247698641200003 ], [ -120.845568999700006, 49.247566255400002 ], [ -120.845755382500002, 49.2474336119 ], [ -120.845943336700003, 49.247302044900003 ], [ -120.846134775500005, 49.247172909299998 ], [ -120.846334284, 49.247048644400003 ], [ -120.846543012599994, 49.246929422500003 ], [ -120.8467532863, 49.2468112667 ], [ -120.846957282399998, 49.246690166199997 ], [ -120.847147198200005, 49.2465620571 ], [ -120.84731429, 49.246422550600002 ], [ -120.847451132700002, 49.2462682687 ], [ -120.847569100499996, 49.246104691500001 ], [ -120.847682239, 49.2459385099 ], [ -120.847804590099997, 49.245776450599998 ], [ -120.847933296600004, 49.245616987200002 ], [ -120.848061533399999, 49.245456914599998 ], [ -120.848195782299996, 49.245299556799999 ], [ -120.848342481800003, 49.245148253799996 ], [ -120.849098077700006, 49.244624566500001 ], [ -120.849261645300004, 49.244482361899998 ], [ -120.849392012600006, 49.244318644700002 ], [ -120.849468869700004, 49.244144599400002 ], [ -120.849474388900006, 49.2439697513 ], [ -120.849428444500006, 49.243790683100002 ], [ -120.849356313, 49.243612925500003 ], [ -120.849275546699999, 49.243441198200003 ], [ -120.849177941500002, 49.243273195699999 ], [ -120.849071714600001, 49.243106775100003 ], [ -120.848960935799994, 49.242929452200002 ], [ -120.848809346799996, 49.242779072799998 ], [ -120.848660444399997, 49.242627179199999 ], [ -120.848508580399994, 49.242476939500001 ], [ -120.848348072, 49.242331583199999 ], [ -120.848171885699998, 49.242194735600002 ], [ -120.847974436900003, 49.242069116400003 ], [ -120.847763979700005, 49.241952124299999 ], [ -120.8475456587, 49.2418432654 ], [ -120.847313229400001, 49.241746121200002 ], [ -120.8470820796, 49.2416481172 ], [ -120.846869459900006, 49.24153564 ], [ -120.846674553499994, 49.241409354600002 ], [ -120.8464878992, 49.241276659299999 ], [ -120.846302284, 49.241143165 ], [ -120.846110478100002, 49.241014508900001 ], [ -120.845897159299994, 49.240902672799997 ], [ -120.845660847, 49.2408088492 ], [ -120.845443297299994, 49.240692523100002 ], [ -120.845243331, 49.240560343299997 ], [ -120.845189287599993, 49.2403998526 ], [ -120.845405892900004, 49.240310130799998 ], [ -120.8456948993, 49.240319718400002 ], [ -120.845969937500001, 49.2403336904 ], [ -120.846244473300004, 49.240349460600001 ], [ -120.8465175563, 49.240341300700003 ], [ -120.846781715500001, 49.2402858329 ], [ -120.846974262700002, 49.240157579200002 ], [ -120.847037279299997, 49.2399855524 ], [ -120.847125676499999, 49.239252147400002 ], [ -120.846968714499994, 49.239130835200001 ], [ -120.846712406899996, 49.239056207700003 ], [ -120.846445192399997, 49.238985163700001 ], [ -120.846245113899997, 49.238875070900001 ], [ -120.846222350100007, 49.238691432 ], [ -120.846298960499993, 49.238520371500002 ], [ -120.846177675500002, 49.238359668699999 ], [ -120.846193471899994, 49.238179462700003 ], [ -120.846244568800003, 49.237998969499998 ], [ -120.846344726500007, 49.237835460699998 ], [ -120.846520173399995, 49.237695641800002 ], [ -120.846691159900004, 49.237552504900002 ], [ -120.846811226499995, 49.237389668500001 ], [ -120.8469236169, 49.237224109400003 ], [ -120.8470721037, 49.237076087299997 ], [ -120.847273016499997, 49.2369523845 ], [ -120.847446374499995, 49.2368715275 ], [ -120.847819941799997, 49.236761271600002 ], [ -120.847945284700003, 49.2366444751 ], [ -120.848040907200001, 49.236479240900003 ], [ -120.848139133199993, 49.236239077 ], [ -120.848153233, 49.236121967700001 ], [ -120.848292502600003, 49.235970796 ], [ -120.848524916599999, 49.235877691699997 ], [ -120.848777957799996, 49.235795761600002 ], [ -120.848982255600006, 49.2356801229 ], [ -120.849155707700007, 49.235538300599998 ], [ -120.849302838, 49.235382811 ], [ -120.849415799300004, 49.235220281799997 ], [ -120.849495726200004, 49.235047807299999 ], [ -120.849545399600004, 49.234868092600003 ], [ -120.849565447399996, 49.234688116299999 ], [ -120.849550642599993, 49.234510362800002 ], [ -120.849508023499993, 49.234332145400003 ], [ -120.849458951100004, 49.234153583299999 ], [ -120.849424774300005, 49.233974776799997 ], [ -120.849428748700007, 49.233794879900003 ], [ -120.849447757299998, 49.233614600899998 ], [ -120.849434886500006, 49.233435044399997 ], [ -120.849386348699994, 49.233253042199998 ], [ -120.849271123600005, 49.2330966289 ], [ -120.849052906099999, 49.232981611200003 ], [ -120.848800699799995, 49.232905630399998 ], [ -120.848528560299997, 49.232856183400003 ], [ -120.848349348200003, 49.232741811399997 ], [ -120.848233032699994, 49.232576437699997 ], [ -120.848005666099994, 49.232472630099998 ], [ -120.847750423500003, 49.232406807099999 ], [ -120.847485188299999, 49.232358508700003 ], [ -120.847215495, 49.232323225899997 ], [ -120.846961872400001, 49.232257568599998 ], [ -120.846891357499999, 49.232090503899997 ], [ -120.846930702600005, 49.231913074600001 ], [ -120.846985605200004, 49.231734629800002 ], [ -120.847038636099995, 49.231557431 ], [ -120.847088381899994, 49.231379344 ], [ -120.847148959099997, 49.2312036613 ], [ -120.847236397399996, 49.231034894799997 ], [ -120.847373901500006, 49.230878955599998 ], [ -120.847520442399997, 49.230725226399997 ], [ -120.847625243500005, 49.230559970500003 ], [ -120.847691028599996, 49.230384175600001 ], [ -120.847724085400003, 49.2302058673 ], [ -120.847737528, 49.230026340899997 ], [ -120.847743254799994, 49.229846075200001 ], [ -120.847752264799993, 49.229665966699997 ], [ -120.847775386699993, 49.229486957299997 ], [ -120.847814003, 49.2293091043 ], [ -120.847861256399995, 49.229131863 ], [ -120.847911540400005, 49.228954820699997 ], [ -120.847959205500004, 49.228777580900001 ], [ -120.847984736699999, 49.228596926900003 ], [ -120.848027235100005, 49.22842249 ], [ -120.848188887, 49.228276494600003 ], [ -120.848345743199999, 49.228128103700001 ], [ -120.848437086700002, 49.227955534 ], [ -120.8484749287, 49.227776569600003 ], [ -120.848412244900004, 49.227601044499998 ], [ -120.848242890899996, 49.227461747600003 ], [ -120.848001301899998, 49.227374403799999 ], [ -120.847755317199997, 49.227288879600003 ], [ -120.847519253100003, 49.227196384400003 ], [ -120.847301782700001, 49.227084951800002 ], [ -120.847190606, 49.226922004400002 ], [ -120.847260842500006, 49.226751042399997 ], [ -120.847351029600006, 49.226580105399997 ], [ -120.847454028, 49.226411315500002 ], [ -120.847568387500004, 49.226247698500003 ], [ -120.847710282099996, 49.226092329499998 ], [ -120.847848681499997, 49.225936477300003 ], [ -120.847949583, 49.225770564599998 ], [ -120.848027015699998, 49.225596056800001 ], [ -120.848081488600002, 49.225418032 ], [ -120.848106413, 49.225240714100003 ], [ -120.848077669899993, 49.225058527400002 ], [ -120.847988054799998, 49.224887930400001 ], [ -120.847827958300002, 49.224742270299998 ], [ -120.847614914399998, 49.224623893 ], [ -120.847372266600004, 49.2245412698 ], [ -120.8471058505, 49.224489030800001 ], [ -120.846835313699998, 49.224465092800003 ], [ -120.846558757099999, 49.224461793499998 ], [ -120.846283838, 49.224473209400003 ], [ -120.846010442299999, 49.224486258699997 ], [ -120.845800758899998, 49.224395598699999 ], [ -120.845748015699996, 49.224218732300002 ], [ -120.845720632199999, 49.224034299099998 ], [ -120.845708786, 49.2238538402 ], [ -120.845743264099994, 49.2236761311 ], [ -120.845799462800002, 49.223499958 ], [ -120.845866106800003, 49.223324943500003 ], [ -120.845936808, 49.223150908400001 ], [ -120.846015449099994, 49.22297793 ], [ -120.8460527461, 49.222915154799999 ], [ -120.846237688299993, 49.222666496 ], [ -120.846248189, 49.222654165900003 ], [ -120.8463941495, 49.222501005200002 ], [ -120.846531763499996, 49.222344863799997 ], [ -120.846665237099998, 49.2221872426 ], [ -120.846771495300004, 49.222022462 ], [ -120.846845560399998, 49.221849164699996 ], [ -120.846911647300004, 49.221674032599999 ], [ -120.846971943499994, 49.221498045700002 ], [ -120.847037394099999, 49.221323433499997 ], [ -120.847137826799994, 49.221156848500002 ], [ -120.847269467100006, 49.220998227400003 ], [ -120.847429452399993, 49.220849941799997 ], [ -120.847541561300005, 49.220689997699999 ], [ -120.847578788500002, 49.220510478900003 ], [ -120.847624729900005, 49.220331729 ], [ -120.847712959500001, 49.220160958800001 ], [ -120.847889969799994, 49.220028702299999 ], [ -120.848158159500002, 49.219983670600001 ], [ -120.848429247400006, 49.219947079299999 ], [ -120.848698686, 49.219911220599997 ], [ -120.848957574, 49.219853730399997 ], [ -120.849208197699994, 49.219779401799997 ], [ -120.849457423199993, 49.219703417399998 ], [ -120.849703464399994, 49.219623535099998 ], [ -120.849937122200004, 49.219523910200003 ], [ -120.850188913799997, 49.219465283600002 ], [ -120.850463898, 49.219455224900003 ], [ -120.85074119, 49.219455834500003 ], [ -120.851015697299999, 49.2194619594 ], [ -120.851290176899994, 49.219468705 ], [ -120.851564685, 49.219464540799997 ], [ -120.851839204699999, 49.219453211100003 ], [ -120.852111181799998, 49.219430596 ], [ -120.852378338799994, 49.219386118300001 ], [ -120.852645442099998, 49.219343731099997 ], [ -120.852917581499995, 49.219331535800002 ], [ -120.853192399099996, 49.219336713499999 ], [ -120.853467929600001, 49.219345254499999 ], [ -120.853742331700005, 49.219344139 ], [ -120.854017154900006, 49.219330056899999 ], [ -120.854290492600001, 49.219304451100001 ], [ -120.854555479200002, 49.219261164 ], [ -120.854814151699998, 49.219198316499998 ], [ -120.855062446, 49.219117835200002 ], [ -120.855291486300004, 49.219020406200002 ], [ -120.855502173, 49.218900883499998 ], [ -120.855677734, 49.218762346399998 ], [ -120.855810304900004, 49.218605041899998 ], [ -120.8559024435, 49.218432314099999 ], [ -120.855945890499996, 49.218256032500001 ], [ -120.855948348499993, 49.218230150799997 ], [ -120.854494019100002, 49.217804509799997 ], [ -120.854398338300001, 49.217793728300002 ], [ -120.854302277100004, 49.217791952799999 ], [ -120.854165445700005, 49.217780422600001 ], [ -120.853904735699999, 49.217775569300002 ], [ -120.853781625799996, 49.217764288399998 ], [ -120.853453055100005, 49.217740181099998 ], [ -120.853124117700006, 49.217725079700003 ], [ -120.853096675800003, 49.217724571 ], [ -120.852920632600004, 49.217667315200003 ], [ -120.852799080200001, 49.217620073100001 ], [ -120.852732019300007, 49.2175828361 ], [ -120.852556747400001, 49.217507612799999 ], [ -120.8525300915, 49.2174891198 ], [ -120.852503029499999, 49.217479613800002 ], [ -120.852355213699994, 49.2174048997 ], [ -120.852248534200001, 49.217330942899999 ], [ -120.852127389499998, 49.217274713099997 ], [ -120.852005838, 49.217227479100004 ], [ -120.851911323, 49.217189732 ], [ -120.851803901500006, 49.217133742900003 ], [ -120.851576863399998, 49.216985597899999 ], [ -120.851470986, 49.216893656800003 ], [ -120.851405104299999, 49.216829465099998 ], [ -120.851246282, 49.216691557200001 ], [ -120.851057687500003, 49.216607093699999 ], [ -120.850881258300006, 49.216558822099998 ], [ -120.850744812399995, 49.216538281299997 ], [ -120.850237097900006, 49.216528833399998 ], [ -120.849989721499995, 49.216533226400003 ], [ -120.849755674099995, 49.216546847700002 ], [ -120.8494126059, 49.216540461900003 ], [ -120.849249518400001, 49.216501444099997 ], [ -120.849061309700005, 49.216407970900001 ], [ -120.848900161299994, 49.216324013300003 ], [ -120.848875840100007, 49.216251583599998 ], [ -120.848791157, 49.2163039888 ], [ -120.848596331899998, 49.216363325 ], [ -120.8483211219, 49.216376191899997 ], [ -120.8479231739, 49.216368772599999 ], [ -120.847667153100005, 49.216256042300003 ], [ -120.847464453399994, 49.2161803005 ], [ -120.847343683700004, 49.216115076400001 ], [ -120.847140986100001, 49.216039325 ], [ -120.846910060400006, 49.215981047100001 ], [ -120.846828893099996, 49.215952534300001 ], [ -120.8466814712, 49.215868824 ], [ -120.846450547900005, 49.215810536100001 ], [ -120.846274911799995, 49.215744299599997 ], [ -120.846059652500003, 49.215641313399999 ], [ -120.845886747400002, 49.215512152899997 ], [ -120.845712283899999, 49.215418925100003 ], [ -120.845633072499993, 49.2153454818 ], [ -120.845541717900005, 49.215235819199997 ], [ -120.845422134700001, 49.21514363 ], [ -120.845262167200005, 49.215032685499999 ], [ -120.8449802672, 49.214883495099997 ], [ -120.844754039099996, 49.214717332500001 ], [ -120.844460381499999, 49.214522924199997 ], [ -120.844330615299995, 49.214349584799997 ], [ -120.844278468499994, 49.214285630500001 ], [ -120.844013422800003, 49.214064777300003 ], [ -120.8438009204, 49.2138988815 ], [ -120.843708404300003, 49.213816180599999 ], [ -120.8436178181, 49.2136885396 ], [ -120.843568024199996, 49.213570658599998 ], [ -120.843545668900006, 49.213453297599997 ], [ -120.843442941500001, 49.213289445900003 ], [ -120.843246517400004, 49.213069864600001 ], [ -120.843062250800003, 49.212886493900001 ], [ -120.842916803099996, 49.212757839299996 ], [ -120.842745863600001, 49.212583715900003 ], [ -120.842600419799993, 49.212455042800002 ], [ -120.8425810098, 49.212427698 ], [ -120.842523966200005, 49.2123186739 ], [ -120.842498867299994, 49.212264226499997 ], [ -120.842492588499994, 49.212093180899998 ], [ -120.8424804335, 49.212056969599999 ], [ -120.842418095, 49.211911864 ], [ -120.842341248400004, 49.211784482500001 ], [ -120.842307912799996, 49.211603937 ], [ -120.842254601299999, 49.211566954 ], [ -120.8418488529, 49.211424435600001 ], [ -120.841768880199993, 49.211368955899999 ], [ -120.841758303899994, 49.211296793899997 ], [ -120.841792378299999, 49.210829626500001 ], [ -120.841783749100003, 49.210712507 ], [ -120.841773145600001, 49.210640343599998 ], [ -120.841703364699995, 49.2103511639 ], [ -120.841692777099993, 49.210278983199998 ], [ -120.841709229299994, 49.210216328599998 ], [ -120.841779369500003, 49.209866791700001 ], [ -120.841828377, 49.209687772599999 ], [ -120.841873450199998, 49.209598657599997 ], [ -120.841931848900003, 49.209518772499997 ], [ -120.842118035699997, 49.209342346600003 ], [ -120.842219165900005, 49.209227282400001 ], [ -120.842263055800004, 49.2091651211 ], [ -120.842411595499996, 49.208907014099999 ], [ -120.8424837102, 49.208827388800003 ], [ -120.842541737800005, 49.208756510199997 ], [ -120.842716147600001, 49.208534865300003 ], [ -120.8429493589, 49.208224347300003 ], [ -120.843021864799994, 49.208135742800003 ], [ -120.843183339800007, 49.207895870500003 ], [ -120.843271127199998, 49.207771556600001 ], [ -120.843328351300002, 49.207718643200003 ], [ -120.843443192400002, 49.207603837599997 ], [ -120.843472203700003, 49.207568407 ], [ -120.843503160300003, 49.207488018600003 ], [ -120.843509808600004, 49.207335198300001 ], [ -120.8435689887, 49.207237345599999 ], [ -120.843639534100006, 49.207193688799997 ], [ -120.843668153, 49.207167227799999 ], [ -120.843137008499994, 49.207067347299997 ], [ -120.842919456399997, 49.207018298900003 ], [ -120.842811266, 49.206980283699998 ], [ -120.842676427900003, 49.206923790600001 ], [ -120.842623121399996, 49.206886807499998 ], [ -120.842391458099996, 49.206846494600001 ], [ -120.842188413700001, 49.206779729499999 ], [ -120.841727837899995, 49.206636177699998 ], [ -120.841646294599997, 49.206616657200001 ], [ -120.841387211, 49.206575840100001 ], [ -120.840868245099998, 49.206512151799998 ], [ -120.840595419300001, 49.2064710621 ], [ -120.840446459, 49.206423301800001 ], [ -120.840311627299997, 49.2063667878 ], [ -120.840136008399995, 49.206300539 ], [ -120.839865569, 49.206205504 ], [ -120.839594705500005, 49.206119481599998 ], [ -120.839499460799999, 49.206099699600003 ], [ -120.838765301699993, 49.205933026799997 ], [ -120.838181670500006, 49.205778161300003 ], [ -120.838032715799997, 49.205730388600003 ], [ -120.837370304299995, 49.205493071799999 ], [ -120.837316211200005, 49.205474079299997 ], [ -120.837235462500004, 49.205436580099999 ], [ -120.837113972699996, 49.205389311200001 ], [ -120.836436269299995, 49.2051877054 ], [ -120.836287333, 49.205139922 ], [ -120.836152876300005, 49.205074431600003 ], [ -120.836087428, 49.205001241700003 ], [ -120.835996893699999, 49.2048735933 ], [ -120.835920076400001, 49.204746205699998 ], [ -120.835857767099995, 49.204601103800002 ], [ -120.835732742499999, 49.204319868699997 ], [ -120.835709239300002, 49.204229459300002 ], [ -120.835686116100007, 49.204130079400002 ], [ -120.835697087499994, 49.204038797199999 ], [ -120.835729255499999, 49.203771033400002 ], [ -120.835709271900001, 49.203599732500003 ], [ -120.835711631699994, 49.203545805499999 ], [ -120.835726522, 49.203519093799997 ], [ -120.835892726300003, 49.203171358100001 ], [ -120.835891566100003, 49.2030340811 ], [ -120.835887251499997, 49.202982324700002 ], [ -120.835904501100003, 49.202901685900002 ], [ -120.835898844300004, 49.202525091200002 ], [ -120.835897478500002, 49.202433749199997 ], [ -120.835914715300007, 49.202353100700002 ], [ -120.8359296167, 49.202326407500003 ], [ -120.8359342623, 49.202320728300002 ], [ -120.836018981400002, 49.202166146899998 ], [ -120.836062490100005, 49.202112984899998 ], [ -120.836219290100004, 49.201980967300003 ], [ -120.836290610700004, 49.201919347699999 ], [ -120.836307069300005, 49.201856675199998 ], [ -120.836265538399999, 49.2018648986 ], [ -120.836237315, 49.201882361099997 ], [ -120.836153436900005, 49.201916764099998 ], [ -120.836042520700005, 49.201941675299999 ], [ -120.836015482799993, 49.201932183499999 ], [ -120.835960591599999, 49.201931147099998 ], [ -120.835865356, 49.201911370799998 ], [ -120.835784628300004, 49.201873870900002 ], [ -120.835649800900001, 49.201817359 ], [ -120.835529083099999, 49.2017521382 ], [ -120.835448752600001, 49.201705641300002 ], [ -120.835397805400007, 49.201614717600002 ], [ -120.835348426199999, 49.201487851300001 ], [ -120.835308452800007, 49.201460104100001 ], [ -120.835241044200004, 49.201431870599997 ], [ -120.835159909599994, 49.2014033484 ], [ -120.834994907600006, 49.201409255800002 ], [ -120.834926710900007, 49.201398970699998 ], [ -120.834845601799998, 49.201370467499999 ], [ -120.834709192899993, 49.201349914300003 ], [ -120.834626500900001, 49.2013573618 ], [ -120.834269053300005, 49.201368642699997 ], [ -120.834116987800002, 49.201392795099999 ], [ -120.834060553699999, 49.2014277197 ], [ -120.834031143100006, 49.201472135899998 ], [ -120.833945670700004, 49.201857371499997 ], [ -120.833902951599995, 49.201892557199997 ], [ -120.833847295, 49.201909505499998 ], [ -120.833750886199994, 49.201916691199997 ], [ -120.833585868499995, 49.201922595799999 ], [ -120.833324838899998, 49.201926688699999 ], [ -120.832981512100005, 49.201929239499997 ], [ -120.832830607099993, 49.2019264077 ], [ -120.832653459200003, 49.201896089500003 ], [ -120.831973871, 49.201739403600001 ], [ -120.831362869200007, 49.201583985399999 ], [ -120.830720485699999, 49.201517945200003 ], [ -120.830583722699998, 49.201506376399998 ], [ -120.830473188400006, 49.201522284500001 ], [ -120.830378339899994, 49.201493506 ], [ -120.830324652900003, 49.201465504200002 ], [ -120.830270184300005, 49.201455496500003 ], [ -120.8302286391, 49.201463716900001 ], [ -120.830240386200003, 49.201508908900003 ], [ -120.830279181400002, 49.201563612800001 ], [ -120.830317579199999, 49.201627313400003 ], [ -120.830300319299994, 49.2017079604 ], [ -120.830253657699998, 49.2018330322 ], [ -120.830220315800005, 49.201967344400003 ], [ -120.830188957, 49.202056718 ], [ -120.830144648300006, 49.202127853100002 ], [ -120.830027818199994, 49.202287584700002 ], [ -120.829983905700004, 49.2023497319 ], [ -120.829969011499998, 49.202376451900001 ], [ -120.829789857, 49.2027059423 ], [ -120.829671833, 49.2028926455 ], [ -120.829489512699993, 49.203294046400003 ], [ -120.829446393200001, 49.203338209 ], [ -120.829360930700005, 49.203408585 ], [ -120.828920713100004, 49.203742164399998 ], [ -120.828509894, 49.204031317800002 ], [ -120.828424814200005, 49.204092686700001 ], [ -120.827711809500002, 49.204385131899997 ], [ -120.827655749499996, 49.204411073499998 ], [ -120.8271759223, 49.204707907100001 ], [ -120.827120271499993, 49.204724870500002 ], [ -120.826275959599997, 49.204879892500003 ], [ -120.826012937, 49.204928924599997 ], [ -120.825196833500002, 49.205066477599999 ], [ -120.825017317900006, 49.205090092299997 ], [ -120.824797035499998, 49.205103940100003 ], [ -120.823928814599995, 49.205177536800001 ], [ -120.823487055300006, 49.2052321814 ], [ -120.822989644900005, 49.205303758399999 ], [ -120.822851676300004, 49.205319160800002 ], [ -120.822810112599996, 49.205327377700002 ], [ -120.822701159100006, 49.205307327200003 ], [ -120.822634153799996, 49.205270071400001 ], [ -120.822565953099996, 49.205259787499998 ], [ -120.822498149699996, 49.205240524799997 ], [ -120.822306083699999, 49.205236899100001 ], [ -120.822115609799994, 49.205197331299999 ], [ -120.822074844499994, 49.205187554699997 ], [ -120.822056786299996, 49.2052861759 ], [ -120.821983845600002, 49.205383763199997 ], [ -120.821753683300003, 49.205622317600003 ], [ -120.821680742500007, 49.2057198957 ], [ -120.821652525, 49.205737355 ], [ -120.821035869799999, 49.206022598399997 ], [ -120.820756741, 49.2061252811 ], [ -120.820339638899995, 49.2062433623 ], [ -120.819740635, 49.206438956 ], [ -120.819615981200002, 49.206463596 ], [ -120.819519161, 49.206479765499999 ], [ -120.819240838400006, 49.206564460599999 ], [ -120.818726909600002, 49.206698686599999 ], [ -120.818602254599995, 49.206723325399999 ], [ -120.818187909299994, 49.206778465600003 ], [ -120.817966833499995, 49.206810266200002 ], [ -120.816531742899997, 49.206972057900003 ], [ -120.8165043204, 49.206971549499997 ], [ -120.815982999300005, 49.206961685700001 ], [ -120.815517347799997, 49.206934880600002 ], [ -120.815393861800004, 49.206932551599998 ], [ -120.815107352699997, 49.206891134499998 ], [ -120.814957231899996, 49.206870302399999 ], [ -120.814439111200002, 49.2067885214 ], [ -120.814234106300006, 49.2067666596 ], [ -120.814111435100003, 49.206746345600003 ], [ -120.814029117299995, 49.206744780100003 ], [ -120.813426280399995, 49.206715372200001 ], [ -120.813357692500006, 49.206714079699999 ], [ -120.813303209699995, 49.206704044799999 ], [ -120.813044137800006, 49.20666315 ], [ -120.812785466500003, 49.2066132669 ], [ -120.812744699899994, 49.2066035048 ], [ -120.8123774763, 49.206524581399997 ], [ -120.812255194, 49.206495268099999 ], [ -120.811941641100006, 49.206444344099999 ], [ -120.811245564299995, 49.206350179 ], [ -120.811060247399993, 49.206193732599999 ], [ -120.810914509900002, 49.206074012099997 ], [ -120.810795404800004, 49.205972804 ], [ -120.810769558299995, 49.205936333499999 ], [ -120.810743313399996, 49.205908832699997 ], [ -120.810731584199999, 49.205863638799997 ], [ -120.810620424899994, 49.205582639500001 ], [ -120.810581648400003, 49.205527937799999 ], [ -120.810463735300004, 49.205399747900003 ], [ -120.8104249748, 49.205345028799996 ], [ -120.810412831799994, 49.205308821899997 ], [ -120.810324342599998, 49.205136212600003 ], [ -120.810225328200005, 49.204891437500002 ], [ -120.810294094, 49.204577877600002 ], [ -120.810300448500001, 49.204434064300003 ], [ -120.810233856, 49.204387804200003 ], [ -120.810096659699994, 49.2043852137 ], [ -120.810015147399994, 49.20436567 ], [ -120.809880743700006, 49.204300147399998 ], [ -120.809612339, 49.204160105200003 ], [ -120.809492054299994, 49.204085849899997 ], [ -120.809425060300001, 49.2040485948 ], [ -120.809371781600007, 49.204011613 ], [ -120.809332208599997, 49.203974868099998 ], [ -120.809280119500002, 49.203910913800001 ], [ -120.809189259099995, 49.203792239199998 ], [ -120.809084669499995, 49.203673299499997 ], [ -120.809007540899998, 49.203554880900001 ], [ -120.8089590206, 49.203410017899998 ], [ -120.808832168699993, 49.203173716899997 ], [ -120.808782073499998, 49.2030648056 ], [ -120.808769531600007, 49.203037585899999 ], [ -120.808775104800006, 49.2029117302 ], [ -120.808794392699994, 49.202786148 ], [ -120.808813264, 49.202669570700003 ], [ -120.808839861300001, 49.201446564800001 ], [ -120.808838074199997, 49.201176657300003 ], [ -120.808817791099997, 49.201014329499998 ], [ -120.808783789800003, 49.200851764 ], [ -120.808734470499999, 49.2007248846 ], [ -120.808698895899994, 49.200598253099997 ], [ -120.808648790099994, 49.200489340600001 ], [ -120.808623349200005, 49.200443881600002 ], [ -120.808545826300005, 49.200334449800003 ], [ -120.808429506899998, 49.200170313599997 ], [ -120.808302220200005, 49.200000034600002 ], [ -120.808195709900005, 49.199868996799999 ], [ -120.807276896600001, 49.199536685699996 ], [ -120.807153833800001, 49.199525341600001 ], [ -120.806454671200001, 49.199503073400003 ], [ -120.806097645, 49.199505282899999 ], [ -120.8059459742, 49.19952039 ], [ -120.805033093199995, 49.199673966900001 ], [ -120.804812429, 49.199696761600002 ], [ -120.804574460799998, 49.199800199 ], [ -120.804305086300005, 49.199992984200001 ], [ -120.804269342599994, 49.200000049 ], [ -120.804032028799995, 49.200078345800002 ], [ -120.803787819799993, 49.2000489558 ], [ -120.803274136, 49.199921608799997 ], [ -120.803122118499999, 49.200000042500001 ], [ -120.8031065367, 49.200087131300002 ], [ -120.803089646800004, 49.200158778199999 ], [ -120.803100561400001, 49.200221966500003 ], [ -120.803193810300002, 49.200286721 ], [ -120.803232948200005, 49.200332436799997 ], [ -120.8032454704, 49.2003596745 ], [ -120.803217250299994, 49.200377120100001 ], [ -120.803105516399995, 49.200419972699997 ], [ -120.802700167, 49.200583192 ], [ -120.802587641900004, 49.20064402 ], [ -120.802377095200001, 49.2007479739 ], [ -120.802180665899996, 49.200843196100003 ], [ -120.801983057800001, 49.200965373099997 ], [ -120.801938719600003, 49.201036506400001 ], [ -120.801920606600007, 49.2011351242 ], [ -120.801913048599999, 49.201305892900002 ], [ -120.801933294099996, 49.201468221399999 ], [ -120.801942626300004, 49.201567361499997 ], [ -120.801926137199999, 49.201630011399999 ], [ -120.801883394100003, 49.201665184500001 ], [ -120.801799086800003, 49.201708566299999 ], [ -120.801701078500002, 49.201751674400001 ], [ -120.801631277, 49.2017773456 ], [ -120.8011879421, 49.201867850900001 ], [ -120.801132286200001, 49.2018847919 ], [ -120.801076618699994, 49.2019017143 ], [ -120.801006025700005, 49.201945361 ], [ -120.800906420600001, 49.202024419399997 ], [ -120.800604795400005, 49.202324552900002 ], [ -120.8004910561, 49.202412341399999 ], [ -120.800405968700005, 49.202473698600002 ], [ -120.800180111700001, 49.202613325100003 ], [ -120.800000086, 49.202707404800002 ], [ -120.799800554399994, 49.202813014500002 ], [ -120.7997444943, 49.2028389424 ], [ -120.799590810400005, 49.202898988100003 ], [ -120.799423785599998, 49.202949779 ], [ -120.798689975299993, 49.203088718799997 ], [ -120.798537080100004, 49.203130796099998 ], [ -120.798384603100004, 49.203163868399997 ], [ -120.798122755799994, 49.203185869199999 ], [ -120.797875041599994, 49.203199139299997 ], [ -120.797751179200006, 49.203205760300001 ], [ -120.797641045199995, 49.203212656700003 ], [ -120.797559135200004, 49.203202109 ], [ -120.797477228299996, 49.203191534299997 ], [ -120.797354572800003, 49.203171210100002 ], [ -120.797068491299996, 49.203120765599998 ], [ -120.796782826300003, 49.203061342300003 ], [ -120.795994390900006, 49.202884361199999 ], [ -120.795722836099998, 49.202816195 ], [ -120.795559827100007, 49.202777103499997 ], [ -120.795465386399997, 49.202739315099997 ], [ -120.795385496700007, 49.202683809900002 ], [ -120.795319295499993, 49.2026285695 ], [ -120.795238990100003, 49.202582042099998 ], [ -120.795185322, 49.2025540319 ], [ -120.794875821800005, 49.202413180900002 ], [ -120.794498524299996, 49.20225303 ], [ -120.7943500274, 49.202196227100004 ], [ -120.794215248399993, 49.202139672400001 ], [ -120.793767787600004, 49.202014165900003 ], [ -120.793509955600001, 49.201946269399997 ], [ -120.793265451699995, 49.201887609 ], [ -120.792897879899996, 49.201817614699998 ], [ -120.792720757500007, 49.2017872399 ], [ -120.792598109799997, 49.2017668923 ], [ -120.792450008100005, 49.201701089499998 ], [ -120.792248256199997, 49.201607266499998 ], [ -120.791979918199999, 49.201467197699998 ], [ -120.791859668599997, 49.201392922499998 ], [ -120.791819315200001, 49.201374164699999 ], [ -120.791767254099994, 49.201310192800001 ], [ -120.79163729, 49.201145772700002 ], [ -120.791598136399998, 49.201100042500002 ], [ -120.791503716, 49.201062251099998 ], [ -120.791396387800006, 49.201006226799997 ], [ -120.791374170300003, 49.200888852799999 ], [ -120.791293870800004, 49.200842331300002 ], [ -120.791238590399999, 49.2008502694 ], [ -120.791044146199994, 49.2009005237 ], [ -120.790808163400001, 49.200958983600003 ], [ -120.790488255, 49.201051818800003 ], [ -120.789797198800002, 49.201155538899997 ], [ -120.789493011100006, 49.201203699499999 ], [ -120.789314693400001, 49.201200282499997 ], [ -120.789137183799994, 49.201178899 ], [ -120.788360124700006, 49.201056046399998 ], [ -120.787965121799999, 49.200985509299997 ], [ -120.7877746809, 49.20094588 ], [ -120.787516879199998, 49.200877951800003 ], [ -120.7871908754, 49.200799742800001 ], [ -120.786919748599999, 49.200722584600001 ], [ -120.786825347399997, 49.200684780800003 ], [ -120.786771672900002, 49.200656765600002 ], [ -120.786222516600006, 49.200349359400001 ], [ -120.785993352199995, 49.200254998699997 ], [ -120.785766999, 49.2000977143 ], [ -120.785740364, 49.200079221599999 ], [ -120.785606399499997, 49.200004671099997 ], [ -120.785324781200003, 49.1998553305 ], [ -120.785177506500006, 49.199771542400001 ], [ -120.785069784599997, 49.199724490199998 ], [ -120.784718375899999, 49.199600809099998 ], [ -120.784392793199999, 49.199513586 ], [ -120.7842035778, 49.199446987499996 ], [ -120.784068009099997, 49.199408386099996 ], [ -120.784028079699993, 49.199380638400001 ], [ -120.783974423100005, 49.199352613499997 ], [ -120.783827558, 49.199259835900001 ], [ -120.783081139199993, 49.198759699 ], [ -120.782774094600001, 49.198564885 ], [ -120.782080959, 49.198101763399997 ], [ -120.781867518200002, 49.197962712699997 ], [ -120.781719863399999, 49.197887907800002 ], [ -120.780952976899997, 49.197846177400002 ], [ -120.780898104499997, 49.1978451226 ], [ -120.780856552700001, 49.197853333099999 ], [ -120.780761364699998, 49.197833490599997 ], [ -120.780584250700002, 49.197803104099997 ], [ -120.780136041199995, 49.197695523599997 ], [ -120.779837501299994, 49.1976178193 ], [ -120.7797693487, 49.197607509500003 ], [ -120.779686640899996, 49.197614914399999 ], [ -120.779562789799996, 49.197621523599999 ], [ -120.779424424300004, 49.197645849200001 ], [ -120.779313485900005, 49.1976707201 ], [ -120.779257815400001, 49.197687631299999 ], [ -120.779090000500005, 49.197756376599997 ], [ -120.778697897699999, 49.1979287622 ], [ -120.778572038899995, 49.197980318399999 ], [ -120.778433671800002, 49.198004642800001 ], [ -120.777882208199998, 49.198056999199999 ], [ -120.777647416299999, 49.198088466500003 ], [ -120.777578435300001, 49.198096138799997 ], [ -120.777467091, 49.198129968400004 ], [ -120.777327121900001, 49.198190252 ], [ -120.777200854100002, 49.1982507942 ], [ -120.777088301199996, 49.198311595699998 ], [ -120.776960416700007, 49.198408106499997 ], [ -120.776761937800003, 49.198548221899998 ], [ -120.776406542499998, 49.198820252399997 ], [ -120.776058001500004, 49.199245377899999 ], [ -120.775870001200005, 49.199457661799997 ], [ -120.775653754499999, 49.199687392 ], [ -120.775342578500002, 49.200000041 ], [ -120.775207578899995, 49.200146602099998 ], [ -120.774890876699999, 49.200473359 ], [ -120.77474605, 49.200641491299997 ], [ -120.774555632800002, 49.200907717600003 ], [ -120.774440243399994, 49.201031448099997 ], [ -120.774269177, 49.201172087 ], [ -120.774141703, 49.201259580200002 ], [ -120.774099332, 49.201285763100003 ], [ -120.774029137799999, 49.201320387300001 ], [ -120.773804414200001, 49.201433013600003 ], [ -120.773327941700003, 49.201648730199999 ], [ -120.773258153, 49.201674375400003 ], [ -120.773076600500005, 49.201742832900003 ], [ -120.772965242200002, 49.201776675600001 ], [ -120.7728547002, 49.201792534299997 ], [ -120.772730034099993, 49.201817120199998 ], [ -120.772523059199997, 49.201840117800003 ], [ -120.772218863899994, 49.201888221300003 ], [ -120.772080876, 49.201903549100003 ], [ -120.771970741399997, 49.201910419400001 ], [ -120.771696001799995, 49.201914121500003 ], [ -120.771434571499995, 49.201927061699998 ], [ -120.771256237700001, 49.201923623100001 ], [ -120.770159692199996, 49.2018844483 ], [ -120.769859114200003, 49.201851655 ], [ -120.769243468400006, 49.201803773400002 ], [ -120.768656057800001, 49.201738451700002 ], [ -120.768355509200006, 49.201705655600001 ], [ -120.7682727933, 49.201713042599998 ], [ -120.768079138, 49.201745280499999 ], [ -120.767704736, 49.201828018400001 ], [ -120.76762161, 49.201844401400002 ], [ -120.767400930799994, 49.201867120099998 ], [ -120.767262954100005, 49.201882451499998 ], [ -120.767166520399996, 49.201889585899998 ], [ -120.767084621699993, 49.201878997100003 ], [ -120.766961575099998, 49.201867616800001 ], [ -120.766675138400004, 49.201826088600001 ], [ -120.766306801900001, 49.201773988200003 ], [ -120.766088958300003, 49.201733790500001 ], [ -120.766034900700006, 49.201714744299998 ], [ -120.7659812375, 49.201686718799998 ], [ -120.765686760500003, 49.201519090600002 ], [ -120.765673848800006, 49.201500854 ], [ -120.7656891898, 49.201465146499999 ], [ -120.765704527799997, 49.201429465799997 ], [ -120.765791690900002, 49.201323197800001 ], [ -120.765936144099996, 49.2011640562 ], [ -120.765965210499999, 49.201128646100003 ], [ -120.765980959199993, 49.20108396 ], [ -120.766100802099999, 49.200861372799999 ], [ -120.766238437200002, 49.200549161700003 ], [ -120.7662816152, 49.200505015300003 ], [ -120.766338917, 49.200452151199997 ], [ -120.766608031, 49.200268429799998 ], [ -120.766707690600001, 49.200189402900001 ], [ -120.76673635, 49.200162953099998 ], [ -120.766779908700002, 49.200109817600001 ], [ -120.766825919599995, 49.200002766 ], [ -120.766841270900002, 49.1999670768 ], [ -120.766857399900005, 49.1999134016 ], [ -120.766914700300006, 49.199860537100001 ], [ -120.767073282300004, 49.199692676600002 ], [ -120.767131386100004, 49.199621836299997 ], [ -120.7672346847, 49.199461892199999 ], [ -120.767397297100004, 49.199204153300002 ], [ -120.767470751399998, 49.199097614499998 ], [ -120.767513913200006, 49.199053466800002 ], [ -120.767571606900006, 49.198991613700002 ], [ -120.767657154700004, 49.198921286199997 ], [ -120.768107803899994, 49.198669103 ], [ -120.768569304099998, 49.198375856299997 ], [ -120.768602438200006, 49.198354804200001 ], [ -120.768701287, 49.1982937509 ], [ -120.768968363200003, 49.198154971100003 ], [ -120.769867612699997, 49.1976955393 ], [ -120.770121375100004, 49.197547508500001 ], [ -120.770669632, 49.197261213600001 ], [ -120.770950819399999, 49.197113701500001 ], [ -120.771090806199993, 49.197053435800001 ], [ -120.771188427, 49.197019324800003 ], [ -120.7714401681, 49.196916238900002 ], [ -120.771523678199998, 49.1968908646 ], [ -120.771926263400005, 49.196790675300001 ], [ -120.772009772900006, 49.196765300599999 ], [ -120.772108613900002, 49.196704244 ], [ -120.772322025400001, 49.196537415599998 ], [ -120.7728061153, 49.196150924800001 ], [ -120.773075191499998, 49.1959671957 ], [ -120.773203482900001, 49.195861719600003 ], [ -120.773275287199993, 49.195791135599997 ], [ -120.773345883199994, 49.195747506 ], [ -120.773373718800002, 49.195739047399996 ], [ -120.773429785, 49.195713132900003 ], [ -120.773582690200001, 49.195671109300001 ], [ -120.773721855199994, 49.1956288063 ], [ -120.773832789699995, 49.195603959 ], [ -120.774040537399998, 49.1955629829 ], [ -120.774815446, 49.195424988699997 ], [ -120.7749259868, 49.195409119600001 ], [ -120.7753261477, 49.195362862899998 ], [ -120.775478223, 49.195338802199998 ], [ -120.775533486800001, 49.195330862500001 ], [ -120.775589169499995, 49.195313953800003 ], [ -120.775658539199995, 49.195297303399997 ], [ -120.775825956899993, 49.1952375515 ], [ -120.775993753899996, 49.195168810299997 ], [ -120.776063952100003, 49.1951341762 ], [ -120.776120015, 49.1951082693 ], [ -120.776162378199999, 49.1950820944 ], [ -120.776304754099996, 49.194967885099999 ], [ -120.776689583700005, 49.194651434400001 ], [ -120.776760174800003, 49.194607802500002 ], [ -120.777699644500004, 49.194167094699999 ], [ -120.77779766, 49.194123998899997 ], [ -120.777881568300003, 49.194089632 ], [ -120.778339797599997, 49.1939724904 ], [ -120.778589473599993, 49.193914325400002 ], [ -120.778672582499993, 49.193897924799998 ], [ -120.778866196799996, 49.193865676500003 ], [ -120.778921064499997, 49.193866732300002 ], [ -120.779072333800002, 49.193860642399997 ], [ -120.779251029099996, 49.193855088699998 ], [ -120.779511614699999, 49.193860087399997 ], [ -120.7797584833, 49.193864853199997 ], [ -120.779978306900006, 49.1938600752 ], [ -120.780061021700007, 49.193852670799998 ], [ -120.780143694299994, 49.193845273299999 ], [ -120.780393383100005, 49.193787086900002 ], [ -120.780893160700003, 49.193661760600001 ], [ -120.7811013006, 49.193611774099999 ], [ -120.781213024699994, 49.193568943199999 ], [ -120.781632927800004, 49.193388087300001 ], [ -120.781857185700005, 49.193284448900002 ], [ -120.781955993699995, 49.193223373400002 ], [ -120.782210100100002, 49.193066316500001 ], [ -120.782252457, 49.193040148100003 ], [ -120.782294409, 49.1930229584 ], [ -120.782377893499998, 49.192997565900001 ], [ -120.782488424, 49.192981706899999 ], [ -120.782612656500007, 49.192966088 ], [ -120.782695340800004, 49.192958689199997 ], [ -120.783025703700005, 49.192938046400002 ], [ -120.783136627800005, 49.1929131805 ], [ -120.783197525600002, 49.192779407499998 ], [ -120.783257598099993, 49.192663609100002 ], [ -120.783303970399999, 49.192547552599997 ], [ -120.783389481499995, 49.192477220900003 ], [ -120.783488284699999, 49.192416152900002 ], [ -120.783572579600005, 49.192372775099997 ], [ -120.783977936200003, 49.1922096443 ], [ -120.784551484800005, 49.1919687432 ], [ -120.7848447, 49.191857421599998 ], [ -120.785194387399997, 49.191711191300001 ], [ -120.7852786901, 49.191667839799997 ], [ -120.785727175, 49.191460519899998 ], [ -120.786258768099998, 49.1912368192 ], [ -120.786385383799995, 49.191167267700003 ], [ -120.786498313199999, 49.1910974591 ], [ -120.786937109500002, 49.190799998 ], [ -120.787135117700004, 49.190668867900001 ], [ -120.787248031199994, 49.1905990578 ], [ -120.787304083400002, 49.190573135900003 ], [ -120.787416213, 49.190521311300003 ], [ -120.787807829900004, 49.190357880500002 ], [ -120.787919957499994, 49.190306064399998 ], [ -120.787990922399999, 49.190253436500001 ], [ -120.788532513099995, 49.189804999400003 ], [ -120.7887885719, 49.189603004200002 ], [ -120.788887782200007, 49.189532925899996 ], [ -120.789114406799996, 49.189375326099999 ], [ -120.789185771500001, 49.189313727600002 ], [ -120.789271672200002, 49.189234403100002 ], [ -120.789400703499993, 49.1891109305 ], [ -120.790120031800001, 49.188369014300001 ], [ -120.790292607500007, 49.188192386799997 ], [ -120.790363983399999, 49.1881307791 ], [ -120.790787397100004, 49.187869003099998 ], [ -120.791269265, 49.187527356099999 ], [ -120.791382566600006, 49.187448571499999 ], [ -120.791440633799994, 49.187377699499997 ], [ -120.791511993300006, 49.1873160902 ], [ -120.791753924099993, 49.1871228089 ], [ -120.792024072199993, 49.186912057100002 ], [ -120.792236180100005, 49.186772178399998 ], [ -120.792491010500001, 49.1865971195 ], [ -120.792603528499995, 49.186536301399997 ], [ -120.792743066300005, 49.186484986099998 ], [ -120.7928402422, 49.186459869700002 ], [ -120.792924516599996, 49.186416493199999 ], [ -120.793024911200007, 49.186319446699997 ], [ -120.793041435299997, 49.186256789 ], [ -120.793071655399999, 49.1861944061 ], [ -120.793161541499998, 49.186025180199998 ], [ -120.793221175799999, 49.185918371900001 ], [ -120.793249810199995, 49.185891923500002 ], [ -120.793278833599999, 49.185856495499998 ], [ -120.793350995599994, 49.185776909300003 ], [ -120.793451387900006, 49.185679862299999 ], [ -120.793536869099995, 49.185609539799998 ], [ -120.793565084899996, 49.185592087400003 ], [ -120.793676792, 49.185549243700002 ], [ -120.793787288199994, 49.185533363300003 ], [ -120.794007891700005, 49.185510581700001 ], [ -120.794104690699996, 49.185494435300001 ], [ -120.794119193599997, 49.185476734399998 ], [ -120.794092565699998, 49.185458225399998 ], [ -120.793810995599998, 49.185308894 ], [ -120.793665241900001, 49.184883287700004 ], [ -120.793641412100001, 49.184801862599997 ], [ -120.793590954, 49.184701937299998 ], [ -120.793540912400005, 49.184593033799999 ], [ -120.793450518900002, 49.184465363 ], [ -120.793320595899999, 49.1843009408 ], [ -120.793073251799996, 49.1839993257 ], [ -120.792825115100001, 49.183715704199997 ], [ -120.792565667700003, 49.183377878199998 ], [ -120.792486190100007, 49.1833133891 ], [ -120.792379697699999, 49.183239369900001 ], [ -120.791792782300007, 49.182859298099999 ], [ -120.791746328399995, 49.182669491200002 ], [ -120.791697882700007, 49.182524624899997 ], [ -120.791673248699993, 49.182461183699999 ], [ -120.791661545899998, 49.182415968199997 ], [ -120.791635727499994, 49.182379491799999 ], [ -120.791555053799996, 49.182341975 ], [ -120.791446948200004, 49.182303915200002 ], [ -120.791324364100007, 49.182283584099999 ], [ -120.791242883699994, 49.182264033800003 ], [ -120.790873059299997, 49.182247958200001 ], [ -120.790695608700005, 49.182226567 ], [ -120.789973282700004, 49.1821137767 ], [ -120.789660308199998, 49.182053806600003 ], [ -120.7892247395, 49.181973492499999 ], [ -120.789115449799993, 49.181962404099998 ], [ -120.789059396200003, 49.181988317600002 ], [ -120.788890452700002, 49.182084044 ], [ -120.788734814700007, 49.182189015900001 ], [ -120.788692080499999, 49.182224175800002 ], [ -120.788548545699996, 49.182365375499998 ], [ -120.788434454300003, 49.182462152 ], [ -120.788335651400004, 49.182523224199997 ], [ -120.788250988800002, 49.182575585899997 ], [ -120.787465067900001, 49.182965359599997 ], [ -120.787267091399997, 49.183096509800002 ], [ -120.787169499, 49.183130626400001 ], [ -120.787071110499994, 49.183182719199998 ], [ -120.786999752499995, 49.183244316900002 ], [ -120.786811866899995, 49.1834566251 ], [ -120.786739683600004, 49.183536206600003 ], [ -120.786696945700001, 49.1835713746 ], [ -120.786569528599998, 49.183658893199997 ], [ -120.786272344799997, 49.183860118200002 ], [ -120.786087274899998, 49.184009509600003 ], [ -120.785917104800006, 49.1841321765 ], [ -120.785874363700003, 49.184167362099998 ], [ -120.785702178600005, 49.184334986099998 ], [ -120.785601787700003, 49.184432017799999 ], [ -120.785558643900004, 49.184476164099998 ], [ -120.785516700800002, 49.184493355299999 ], [ -120.785433219599994, 49.184518749900001 ], [ -120.785294897200004, 49.184543074600001 ], [ -120.785171080599994, 49.184549699400002 ], [ -120.785102120900007, 49.184557376599997 ], [ -120.784978696899998, 49.184555003699998 ], [ -120.784773413300002, 49.184542064600002 ], [ -120.784636291699996, 49.184539433399998 ], [ -120.784526591599999, 49.184537328200001 ], [ -120.784320510200004, 49.184542373500001 ], [ -120.784196680799994, 49.184548987500001 ], [ -120.784114009600003, 49.184556405499997 ], [ -120.784056355900006, 49.184618268800001 ], [ -120.784012397599994, 49.184680408 ], [ -120.783981774599994, 49.184751776900001 ], [ -120.783949918399998, 49.1848501355 ], [ -120.783901569199998, 49.185011134500002 ], [ -120.783870524600005, 49.185091508500001 ], [ -120.783839479899996, 49.185171882399999 ], [ -120.783809247, 49.185234271900001 ], [ -120.783765302500001, 49.185296402600002 ], [ -120.783722547, 49.185331568599999 ], [ -120.783666094599994, 49.185366467599998 ], [ -120.783568510500004, 49.185400563599998 ], [ -120.7834434727, 49.1854341676 ], [ -120.783304349100007, 49.185476465900003 ], [ -120.783054304, 49.1855436385 ], [ -120.782804650200006, 49.185601822199999 ], [ -120.782575565499997, 49.1855074522 ], [ -120.782454167699996, 49.185460137500002 ], [ -120.782372685499993, 49.185440580600002 ], [ -120.782303318299995, 49.185457243800002 ], [ -120.782219428800005, 49.185491614699998 ], [ -120.782149263500003, 49.185526254099997 ], [ -120.782034744200004, 49.185632020100002 ], [ -120.781978682299993, 49.185657929800001 ], [ -120.781935128200004, 49.185711062300001 ], [ -120.781822611799996, 49.18577187 ], [ -120.781752039899999, 49.185815496799997 ], [ -120.781682266, 49.185841147399998 ], [ -120.781585475599996, 49.185857283300003 ], [ -120.7811833855, 49.185948512300001 ], [ -120.780794599499998, 49.186048986599999 ], [ -120.780641745200001, 49.186091030599997 ], [ -120.780586493200005, 49.186098973100002 ], [ -120.780544953900005, 49.186107165599999 ], [ -120.78039371, 49.186113257700001 ], [ -120.780133169699994, 49.186108243100001 ], [ -120.779599175499996, 49.186079985699998 ], [ -120.779489079399994, 49.1860868638 ], [ -120.779378970600007, 49.186093732099998 ], [ -120.779074870700001, 49.186141864299998 ], [ -120.778964354300001, 49.186157729 ], [ -120.778922813700007, 49.186165929799998 ], [ -120.778758265099995, 49.186162763600002 ], [ -120.778661865800004, 49.186169908399997 ], [ -120.778469894699995, 49.186166214099998 ], [ -120.778388020199998, 49.186155642599999 ], [ -120.778319857400007, 49.186145330400002 ], [ -120.778252087499993, 49.186126029699999 ], [ -120.778129893, 49.186096686399999 ], [ -120.777845941199999, 49.186001267499996 ], [ -120.777304679300002, 49.1858289141 ], [ -120.776718247600002, 49.185439773299997 ], [ -120.776610973299995, 49.1853837329 ], [ -120.776569027099995, 49.185400911599999 ], [ -120.776327041100004, 49.1855941683 ], [ -120.776255256200002, 49.185664764400002 ], [ -120.776200005899994, 49.1856726866 ], [ -120.776008023399996, 49.185668987200003 ], [ -120.775871292299996, 49.185657356500002 ], [ -120.775775721299993, 49.185646523899997 ], [ -120.775721270399998, 49.185636478799999 ], [ -120.775462742399995, 49.185586503899998 ], [ -120.775286492800006, 49.185538132600001 ], [ -120.775218737700001, 49.185518839700002 ], [ -120.775164680499998, 49.185499805799999 ], [ -120.775138479899994, 49.185472314099997 ], [ -120.775098962300007, 49.185435565100001 ], [ -120.775034411099995, 49.185344358599998 ], [ -120.7749577931, 49.185216923900001 ], [ -120.774933601300006, 49.185144492 ], [ -120.774907373700003, 49.1851169989 ], [ -120.774838819699994, 49.185115672800002 ], [ -120.774386697200001, 49.185097972100003 ], [ -120.774153191400003, 49.1851024602 ], [ -120.774126163199995, 49.185092943 ], [ -120.774098347800006, 49.185101402599997 ], [ -120.773960396700005, 49.185116732700003 ], [ -120.773850301, 49.185123613899997 ], [ -120.773753904100005, 49.185130745400002 ], [ -120.773262280699996, 49.185076282200001 ], [ -120.773152987499998, 49.185065177699997 ], [ -120.773056997099999, 49.185063329800002 ], [ -120.773002153600004, 49.185062271699998 ], [ -120.772932769799993, 49.185078928199999 ], [ -120.772849296399997, 49.185104295800002 ], [ -120.772667807, 49.185172763300002 ], [ -120.772360077, 49.185301777299998 ], [ -120.7722487586, 49.185335611100001 ], [ -120.771998304299998, 49.185411746600003 ], [ -120.771859154599994, 49.1854540474 ], [ -120.771803496, 49.185470955100001 ], [ -120.771637332799997, 49.185503729499999 ], [ -120.771277567799999, 49.185568765399999 ], [ -120.771015019199993, 49.185608668699999 ], [ -120.770862958799995, 49.185632731799998 ], [ -120.770766573, 49.185639870300001 ], [ -120.770656871, 49.185637751 ], [ -120.770519747899996, 49.185635092799998 ], [ -120.769904697, 49.185578224700002 ], [ -120.769781282599993, 49.185575853 ], [ -120.7696574621, 49.1855824509 ], [ -120.769628815499999, 49.185608884200001 ], [ -120.769541703200005, 49.1857151675 ], [ -120.769484016, 49.185777013200003 ], [ -120.769440868399997, 49.1858211626 ], [ -120.769358178900006, 49.185828568600002 ], [ -120.769248885799996, 49.185817451200002 ], [ -120.769139578099995, 49.185806341899998 ], [ -120.769085127400004, 49.1857963024 ], [ -120.769115408800005, 49.185733909500001 ], [ -120.769173479399996, 49.185663057 ], [ -120.769204140499994, 49.185591684 ], [ -120.769248907700003, 49.185511583100002 ], [ -120.769305793, 49.185467704600001 ], [ -120.769532463199994, 49.185310154 ], [ -120.769589744599998, 49.185257269 ], [ -120.769790215599997, 49.185072224700001 ], [ -120.769947511300003, 49.184931328399998 ], [ -120.769976961, 49.18488691 ], [ -120.770164915600006, 49.184674630899998 ], [ -120.770266957900006, 49.184541662100003 ], [ -120.770369000599999, 49.184408684200001 ], [ -120.770383921299995, 49.1843819897 ], [ -120.770399660099997, 49.184337301699998 ], [ -120.770446451500007, 49.1842122519 ], [ -120.770476293599998, 49.184158853900001 ], [ -120.770548083899996, 49.184088270499998 ], [ -120.770820742599994, 49.183823661700004 ], [ -120.770880046800002, 49.183725836400001 ], [ -120.7709123084, 49.183618510499997 ], [ -120.771000662399999, 49.183179385 ], [ -120.771049883800003, 49.183000416500001 ], [ -120.771079749899997, 49.182641131499999 ], [ -120.771101537600003, 49.182461623599998 ], [ -120.771174942299993, 49.1823550879 ], [ -120.771247938800002, 49.182257539799998 ], [ -120.771439125900002, 49.181973354900002 ], [ -120.771527027700003, 49.181849102199998 ], [ -120.771556079800007, 49.181813671599997 ], [ -120.771642390899999, 49.181725371799999 ], [ -120.771942829500006, 49.181452299599997 ], [ -120.772171510600003, 49.181249794599999 ], [ -120.772573986300003, 49.1808437316 ], [ -120.772774413700006, 49.1806586708 ], [ -120.7728316826, 49.180605810700001 ], [ -120.773093019499996, 49.180286970600001 ], [ -120.773310384699997, 49.180030265 ], [ -120.773339011199994, 49.180003838899999 ], [ -120.773380953699998, 49.179986661199997 ], [ -120.773451539299998, 49.179943031199997 ], [ -120.773921751, 49.179556266200002 ], [ -120.774022170400002, 49.1794592364 ], [ -120.774037874699999, 49.179414564200002 ], [ -120.773998769399995, 49.179368835699997 ], [ -120.773960059900006, 49.179314100799999 ], [ -120.773962475499999, 49.179260181499998 ], [ -120.773979824700007, 49.1791795408 ], [ -120.774035466200004, 49.178856751600001 ], [ -120.774040314900006, 49.178748877799997 ], [ -120.774030217399996, 49.178667715800003 ], [ -120.774004821199995, 49.178622256099999 ], [ -120.773953203800005, 49.178549284900001 ], [ -120.773837074699998, 49.178385106599997 ], [ -120.773564069900004, 49.178046989400002 ], [ -120.773498745500007, 49.177973748900001 ], [ -120.7734330129, 49.177909505199999 ], [ -120.773407617700002, 49.177864045299998 ], [ -120.7731761541, 49.177517719100003 ], [ -120.773048332200005, 49.177308330199999 ], [ -120.773011647299995, 49.177208672799999 ], [ -120.772989867700005, 49.177082301600002 ], [ -120.772949137400005, 49.1770725059 ], [ -120.772879779299998, 49.177089163300003 ], [ -120.772824129100002, 49.177106089699997 ], [ -120.772741062799994, 49.177122478 ], [ -120.7726438798, 49.177147593900003 ], [ -120.772587428, 49.177182496500002 ], [ -120.772489839299993, 49.177216582200003 ], [ -120.772017223299997, 49.177351407800003 ], [ -120.771557919499998, 49.17749548 ], [ -120.771474049199995, 49.177529852600003 ], [ -120.771717611400007, 49.177606523599998 ], [ -120.771499442199996, 49.177575312899997 ], [ -120.771418005800001, 49.177555748800003 ], [ -120.771390180699996, 49.177564207099998 ], [ -120.771347435600006, 49.177599378300002 ], [ -120.771263553300003, 49.177633732099999 ], [ -120.7705441441, 49.177763792699999 ], [ -120.7702804149, 49.177830658200001 ], [ -120.770197346399996, 49.177847044499998 ], [ -120.770087662799995, 49.1778449245 ], [ -120.769111386800006, 49.177889043599997 ], [ -120.767832673100003, 49.177945285100002 ], [ -120.767695162400003, 49.177951629100001 ], [ -120.767448786, 49.177937865700002 ], [ -120.767216118, 49.1779243716 ], [ -120.767011262699995, 49.177902419 ], [ -120.766956414, 49.177901357099998 ], [ -120.766862075399999, 49.177863534499998 ], [ -120.766768526099995, 49.177807743800003 ], [ -120.7666749885, 49.177751971699998 ], [ -120.766595952599999, 49.1776784654 ], [ -120.766515717900006, 49.1776319238 ], [ -120.766448372100001, 49.177603645700003 ], [ -120.766273375799997, 49.177528285900003 ], [ -120.766138701499997, 49.1774717029 ], [ -120.766016918899993, 49.177433356400002 ], [ -120.765880241800005, 49.177421714099999 ], [ -120.765837875299994, 49.177447885 ], [ -120.765766510600002, 49.177509478899999 ], [ -120.765722536599995, 49.177571593300001 ], [ -120.765761643900007, 49.177617343599998 ], [ -120.765772518199995, 49.177680520599999 ], [ -120.765688644199997, 49.177714879600003 ], [ -120.765284561100003, 49.177850999100002 ], [ -120.765186159300001, 49.177903072399999 ], [ -120.765155497099997, 49.177974445099998 ], [ -120.765126468800005, 49.1780098845 ], [ -120.765028052800005, 49.178061956900002 ], [ -120.764957885900003, 49.178096585399999 ], [ -120.764874406, 49.178121955400002 ], [ -120.764805453500003, 49.178129610799999 ], [ -120.764708673200005, 49.178145731699999 ], [ -120.764611483799996, 49.178170840299998 ], [ -120.764122304400004, 49.178368268600003 ], [ -120.764024703900006, 49.178402373499999 ], [ -120.763927513599995, 49.178427481500002 ], [ -120.763871846900003, 49.178444384599999 ], [ -120.7638020869, 49.1784700336 ], [ -120.763773850500002, 49.178487477700003 ], [ -120.763896454600001, 49.178507833200001 ], [ -120.763962569399993, 49.1785631033 ], [ -120.763960945099996, 49.178599064099998 ], [ -120.763944400300005, 49.178661700699998 ], [ -120.763861255099997, 49.178983970600001 ], [ -120.763828966700004, 49.179091294599999 ], [ -120.763825323199995, 49.179172195600003 ], [ -120.763844636900004, 49.1793524956 ], [ -120.763826070600004, 49.179460090399999 ], [ -120.763796222899998, 49.179513495899997 ], [ -120.763724429299998, 49.179584075400001 ], [ -120.7636240028, 49.179681087200002 ], [ -120.763438468399997, 49.179839419499999 ], [ -120.763195242199998, 49.180059612400001 ], [ -120.7630673938, 49.180156101 ], [ -120.763025023099999, 49.180182270700001 ], [ -120.762898390800004, 49.180251777300001 ], [ -120.762603570799996, 49.1803990019 ], [ -120.762519265400002, 49.1804423544 ], [ -120.762405944700006, 49.1805211191 ], [ -120.762207894200003, 49.180652223099997 ], [ -120.761767845500003, 49.180976571400002 ], [ -120.761682748200002, 49.1810378821 ], [ -120.761555277300005, 49.181125370799997 ], [ -120.761457286799995, 49.181168462199999 ], [ -120.761346380099994, 49.181193297299998 ], [ -120.760875713299995, 49.181283133199997 ], [ -120.760542594900002, 49.181366624699997 ], [ -120.760445805499998, 49.181382750600001 ], [ -120.760046555499997, 49.181410985900001 ], [ -120.759936042899994, 49.181426840100002 ], [ -120.759825134799996, 49.181451673600002 ], [ -120.7596726867, 49.1814847005 ], [ -120.759436340199997, 49.181552071500001 ], [ -120.759352863800004, 49.181577446699997 ], [ -120.759241148300006, 49.181620255799999 ], [ -120.759143140899994, 49.1816633444 ], [ -120.759045121699998, 49.181706414399997 ], [ -120.758452591099996, 49.182063765300001 ], [ -120.758298923599995, 49.1821237451 ], [ -120.758202542099994, 49.182130881399999 ], [ -120.758146881599998, 49.1821477911 ], [ -120.757411631099998, 49.182322432100001 ], [ -120.7573838016, 49.182330877799998 ], [ -120.756303617499995, 49.182849677100002 ], [ -120.755506133099999, 49.182276401099998 ], [ -120.755346476599996, 49.182165343900003 ], [ -120.755225101500002, 49.182117997699997 ], [ -120.754323122499997, 49.181731595 ], [ -120.754296100399998, 49.1817220728 ], [ -120.753900105200003, 49.181678391200002 ], [ -120.753600080599995, 49.1816365639 ], [ -120.753354497800004, 49.181604792199998 ], [ -120.753286742900002, 49.181585493699998 ], [ -120.753206528500002, 49.181538943200003 ], [ -120.753141230300002, 49.181465699699999 ], [ -120.753051338899994, 49.181328996399998 ], [ -120.753025152700005, 49.181301508099999 ], [ -120.7527236297, 49.180989759600003 ], [ -120.752503159499994, 49.180706586600003 ], [ -120.752451175700003, 49.180642593599998 ], [ -120.752412077900004, 49.180596847799997 ], [ -120.752198803100001, 49.1804577614 ], [ -120.752026672900001, 49.180319463499998 ], [ -120.751788837800007, 49.180116908599999 ], [ -120.751722734200001, 49.180061640200002 ], [ -120.751683637699998, 49.180015894 ], [ -120.751644938200002, 49.179961168299997 ], [ -120.751593353399997, 49.179888195499998 ], [ -120.7514781231, 49.179706018 ], [ -120.751338302799994, 49.179460389 ], [ -120.751274229800003, 49.179360198200001 ], [ -120.751179460900005, 49.179331357300001 ], [ -120.750639596300005, 49.179131913399999 ], [ -120.750342446900007, 49.179027161400001 ], [ -120.750261814300003, 49.178989595499999 ], [ -120.750167471400005, 49.1789517757 ], [ -120.750100546499993, 49.1789144906 ], [ -120.750047345900001, 49.178877460199999 ], [ -120.749902232699995, 49.178748690200003 ], [ -120.749862726, 49.178711939899998 ], [ -120.749796228400001, 49.178665658699998 ], [ -120.749528946400005, 49.178507511500001 ], [ -120.749395910499999, 49.178414955400001 ], [ -120.749263301900001, 49.178313403099999 ], [ -120.748921108199994, 49.177991865599999 ], [ -120.748827992200006, 49.177927071600003 ], [ -120.748774354199995, 49.1778990269 ], [ -120.748696182299994, 49.177807550700003 ], [ -120.748605925099994, 49.177679841 ], [ -120.748223161699997, 49.1770426235 ], [ -120.748170376, 49.176996613199996 ], [ -120.748103441799998, 49.176959326199999 ], [ -120.747955495699998, 49.176893460499997 ], [ -120.747847848800006, 49.176846386800001 ], [ -120.747767222, 49.1768088189 ], [ -120.747674920099996, 49.176726056600003 ], [ -120.747411342, 49.176487003699997 ], [ -120.747358556600005, 49.176441002 ], [ -120.747318244799999, 49.1764222089 ], [ -120.747236793200003, 49.176402625199998 ], [ -120.747004536600002, 49.1763801078 ], [ -120.746937205500004, 49.1763518084 ], [ -120.746911014099993, 49.176324299800001 ], [ -120.7468997669, 49.176270109199997 ], [ -120.746875597100001, 49.176197659800003 ], [ -120.746795154400004, 49.175854228299997 ], [ -120.746757688100004, 49.1757725366 ], [ -120.746671923700006, 49.175545956800001 ], [ -120.746623626800002, 49.175401059599999 ], [ -120.746382084100006, 49.174676642199998 ], [ -120.746310443200002, 49.1744413463 ], [ -120.746141787799999, 49.173925251 ], [ -120.746083045600002, 49.173708194500001 ], [ -120.746072199, 49.1736450151 ], [ -120.746076684599998, 49.173546137800002 ], [ -120.746109423700005, 49.173429821399999 ], [ -120.746142135400007, 49.173313503700001 ], [ -120.746421974599997, 49.172590272699999 ], [ -120.746482925099997, 49.172456506 ], [ -120.746602786599993, 49.172233939800002 ], [ -120.746764605699994, 49.171994206500003 ], [ -120.746881631899996, 49.1718345572 ], [ -120.746925614, 49.171772431299999 ], [ -120.746968782600007, 49.171728299599998 ], [ -120.747026058299994, 49.171675433799997 ], [ -120.747196686099997, 49.171543819599997 ], [ -120.747408832399998, 49.171404015500002 ], [ -120.747664159500005, 49.171220070700002 ], [ -120.747678689300002, 49.171202376300002 ], [ -120.747845394300001, 49.170854766399998 ], [ -120.747906336300005, 49.170721016500003 ], [ -120.747921665099994, 49.170685327 ], [ -120.747965258700006, 49.170632198699998 ], [ -120.748036238899999, 49.170579595600003 ], [ -120.748404081, 49.170334883899997 ], [ -120.748489575700006, 49.170264585200002 ], [ -120.748531931800002, 49.170238420099999 ], [ -120.748547273599996, 49.170202731300002 ], [ -120.748634416399995, 49.170096481 ], [ -120.748811148100003, 49.169830033899999 ], [ -120.748884982299998, 49.169714522699998 ], [ -120.749073370199994, 49.169493287 ], [ -120.749219841799999, 49.169289220800003 ], [ -120.749321498200004, 49.169165256500001 ], [ -120.749364662199994, 49.169121123700002 ], [ -120.749407417100002, 49.1690859518 ], [ -120.749449755900002, 49.1690598036 ], [ -120.749505802200005, 49.169033909500001 ], [ -120.749659453500001, 49.168973923800003 ], [ -120.749911090500007, 49.168870883799997 ], [ -120.750010699599997, 49.168791849800002 ], [ -120.750095804599994, 49.1687305389 ], [ -120.750197869299996, 49.168597585800001 ], [ -120.750255549200006, 49.168535730199999 ], [ -120.750427379100003, 49.168377136899998 ], [ -120.750527409599997, 49.168289133199998 ], [ -120.7505560428, 49.168262703700002 ], [ -120.750598382299998, 49.1682365371 ], [ -120.750725016, 49.168167026399999 ], [ -120.751019809699997, 49.168019832299997 ], [ -120.751146015900005, 49.167959317300003 ], [ -120.751231118800007, 49.167897996400001 ], [ -120.751274690299994, 49.167844883800001 ], [ -120.751346883599993, 49.167765313799997 ], [ -120.751449354200005, 49.1676233715 ], [ -120.751641810300001, 49.167312241300003 ], [ -120.751700706600005, 49.167223429400003 ], [ -120.751743468699999, 49.1671882841 ], [ -120.751858408299995, 49.167073567700001 ], [ -120.752058446299998, 49.166897538500002 ], [ -120.752500883, 49.166519303699999 ], [ -120.752671874200004, 49.166378691200002 ], [ -120.752884801899995, 49.1662209084 ], [ -120.752998530900001, 49.1661331468 ], [ -120.753111050100003, 49.166072377 ], [ -120.753250953899993, 49.166012122 ], [ -120.753320316300005, 49.165995477599999 ], [ -120.753471895800004, 49.165980434700003 ], [ -120.753732733600003, 49.165976508 ], [ -120.753981906299998, 49.165927386900002 ], [ -120.754188334199995, 49.165913403300003 ], [ -120.754135937900003, 49.165858414900001 ], [ -120.754110952900007, 49.165803951400001 ], [ -120.754129152499999, 49.165705345299997 ], [ -120.754177983100007, 49.165535357300001 ], [ -120.7541804345, 49.165481438100002 ], [ -120.754167936800002, 49.1654541925 ], [ -120.754155463299995, 49.165426975199999 ], [ -120.754074850199999, 49.165389420399997 ], [ -120.753941432700003, 49.165305847100001 ], [ -120.753902756499997, 49.165251121700003 ], [ -120.753905195599998, 49.165197192699999 ], [ -120.753881855499998, 49.165106777399998 ], [ -120.753885927300004, 49.165016878099998 ], [ -120.753889173900006, 49.1649449815 ], [ -120.753904508800005, 49.164909300600002 ], [ -120.754057426800003, 49.164561405599997 ], [ -120.754073980900003, 49.164498760100003 ], [ -120.754095839399994, 49.1643192513 ], [ -120.754112394399996, 49.164256596800001 ], [ -120.754157165899997, 49.164176508600001 ], [ -120.754308461, 49.163864583900001 ], [ -120.754342392, 49.163721298799999 ], [ -120.754481199599994, 49.163382137799999 ], [ -120.754570741600006, 49.163221942900002 ], [ -120.754616347899997, 49.163123870100002 ], [ -120.754688526099997, 49.163044315299999 ], [ -120.754731681300001, 49.163000161900001 ], [ -120.754902255499999, 49.162868533800001 ], [ -120.755342178899994, 49.162544222599998 ], [ -120.755413151, 49.162491623500003 ], [ -120.755498647, 49.162421328699999 ], [ -120.755556313200003, 49.162359460600001 ], [ -120.755599861, 49.162306345200001 ], [ -120.755614797700005, 49.1622796435 ], [ -120.755663222199999, 49.162118642599999 ], [ -120.755699583600006, 49.1619214364 ], [ -120.7557722791, 49.161527013499999 ], [ -120.755761820299995, 49.161454836300003 ], [ -120.755624481699996, 49.161155286300001 ], [ -120.755525381300004, 49.1609194479 ], [ -120.755514114099995, 49.160865256199997 ], [ -120.755503669399999, 49.160793079599998 ], [ -120.755493621799999, 49.160711914300002 ], [ -120.755483162499999, 49.160639746 ], [ -120.755524907600005, 49.160019803 ], [ -120.755514463099999, 49.159947626300003 ], [ -120.755507673099999, 49.159794564400002 ], [ -120.755509699300006, 49.159749623 ], [ -120.755554055499999, 49.1596785037 ], [ -120.755627061699997, 49.159580972500002 ], [ -120.755671430199996, 49.1595098628 ], [ -120.755887274200006, 49.158983265499998 ], [ -120.755902592, 49.158947583299998 ], [ -120.756208286900005, 49.158557690599999 ], [ -120.756324836399997, 49.158407015800002 ], [ -120.756424014299995, 49.158336972299999 ], [ -120.756534883800001, 49.158312133099997 ], [ -120.756600115300003, 49.1582723593 ], [ -120.756481672199996, 49.158275121300001 ], [ -120.756426450099994, 49.158283042699999 ], [ -120.756262000700005, 49.158279851 ], [ -120.756056415800003, 49.158275853 ], [ -120.7560011936, 49.158283774200001 ], [ -120.755973377199993, 49.158292228800001 ], [ -120.755917346399997, 49.1583181357 ], [ -120.755819769300004, 49.1583522245 ], [ -120.755723438800004, 49.158359340799997 ], [ -120.7553658888, 49.158379375800003 ], [ -120.7552687357, 49.158404476800001 ], [ -120.755198180400001, 49.158448088 ], [ -120.755100205399998, 49.158491164899999 ], [ -120.755043352300007, 49.158535047400001 ], [ -120.754854628399997, 49.158765267299998 ], [ -120.754796554799995, 49.158836123299999 ], [ -120.754725602199997, 49.158888714 ], [ -120.754640110500006, 49.158959017500003 ], [ -120.754540928599994, 49.159029059300003 ], [ -120.754456654400002, 49.159072406900002 ], [ -120.754373203900002, 49.159097760500003 ], [ -120.754109965200001, 49.159155627300002 ], [ -120.753971289800006, 49.159188909699999 ], [ -120.753845905800006, 49.159231451399997 ], [ -120.75378986, 49.159257347500002 ], [ -120.753706420499995, 49.1592827192 ], [ -120.753624174099997, 49.159281115799999 ], [ -120.753514534, 49.159278987900002 ], [ -120.753240429599998, 49.159273644899997 ], [ -120.752568877200005, 49.159260565300002 ], [ -120.752280670700003, 49.159263954899998 ], [ -120.752129908100002, 49.159261018800002 ], [ -120.752074684, 49.159268938 ], [ -120.751992039, 49.159276331 ], [ -120.751757027599993, 49.159316732400001 ], [ -120.751673985599993, 49.1593331049 ], [ -120.751605868, 49.1593227754 ], [ -120.751305563399995, 49.159289936500002 ], [ -120.750799298800004, 49.159262087800002 ], [ -120.750675943700003, 49.159259675500003 ], [ -120.750594519700002, 49.159240102799998 ], [ -120.750323682200005, 49.159162847 ], [ -120.750240639, 49.159179227300001 ], [ -120.7501148546, 49.159230744399999 ], [ -120.749877383599994, 49.159325079399999 ], [ -120.749682256200003, 49.159393256900003 ], [ -120.749598787899998, 49.159418615100002 ], [ -120.7495294613, 49.159435258599999 ], [ -120.749460122100004, 49.1594518924 ], [ -120.749225904100001, 49.159474310900002 ], [ -120.7485780879, 49.159542644600002 ], [ -120.748467224899997, 49.159567476200003 ], [ -120.748298691399995, 49.159654154199998 ], [ -120.74814345, 49.159750074199998 ], [ -120.747988605399996, 49.159837014300003 ], [ -120.747945872599999, 49.159872177799997 ], [ -120.7479031134, 49.159907331 ], [ -120.7477599379, 49.160039475200001 ], [ -120.747444567599999, 49.160339199299997 ], [ -120.747330033400004, 49.160444914499998 ], [ -120.746451318699997, 49.161066506399997 ], [ -120.7462948565, 49.161189406699997 ], [ -120.746223038400004, 49.161259966199999 ], [ -120.746165774700003, 49.1613128324 ], [ -120.745853233600002, 49.161549624499997 ], [ -120.745724988500001, 49.1616550743 ], [ -120.745668522599999, 49.161689954 ], [ -120.745568110700006, 49.1617869524 ], [ -120.745179267699996, 49.162193199 ], [ -120.745122400699998, 49.162237076 ], [ -120.745065534600002, 49.162280943900001 ], [ -120.744781615400001, 49.162491295400002 ], [ -120.744611412099999, 49.162613927899997 ], [ -120.744370651500006, 49.162780146800003 ], [ -120.744046022899994, 49.162980735 ], [ -120.743947229400007, 49.163041778699998 ], [ -120.743591913499998, 49.163313715699999 ], [ -120.743450339299997, 49.163409909499997 ], [ -120.743252322900005, 49.163540973800004 ], [ -120.743111600899994, 49.163619192500001 ], [ -120.7430551307, 49.1636540708 ], [ -120.7429994994, 49.163670982799999 ], [ -120.742957546699998, 49.163688148399999 ], [ -120.742874906099999, 49.163695535 ], [ -120.742792252699999, 49.163702911900003 ], [ -120.742613254700004, 49.163717402300001 ], [ -120.742297198700001, 49.163729207199999 ], [ -120.742186308699999, 49.163754031499998 ], [ -120.74211492, 49.163815610299999 ], [ -120.741929389299997, 49.163973910099998 ], [ -120.741815644699997, 49.164061660400002 ], [ -120.741773304099993, 49.164087823700001 ], [ -120.741730951799994, 49.164113968300001 ], [ -120.741661188400002, 49.164139593900003 ], [ -120.741577306400004, 49.164173943199998 ], [ -120.741382561, 49.164233108300003 ], [ -120.741187801500004, 49.164292272399997 ], [ -120.741104759600006, 49.164308646199999 ], [ -120.740841875800001, 49.164357482500002 ], [ -120.740509656300006, 49.164422937700003 ], [ -120.740356836700002, 49.164464926100003 ], [ -120.740176192700005, 49.164515373599997 ], [ -120.740106427800001, 49.164540998100001 ], [ -120.740078618499993, 49.164549449200003 ], [ -120.7396310046, 49.164738602200003 ], [ -120.739449532099997, 49.164807015199997 ], [ -120.7391426736, 49.164917953600003 ], [ -120.738892273, 49.164994032400003 ], [ -120.738418869300006, 49.1651466896 ], [ -120.738140644500007, 49.165231198599997 ], [ -120.738057173100003, 49.1652565483 ], [ -120.737988220600002, 49.165264195 ], [ -120.737891886599996, 49.165271296 ], [ -120.737795924899999, 49.165269415899999 ], [ -120.737151712699998, 49.165256788100002 ], [ -120.736986825599999, 49.165262554800002 ], [ -120.736176068500001, 49.165291639 ], [ -120.735916063199994, 49.1652775385 ], [ -120.735860813599999, 49.165285466599997 ], [ -120.735599578199995, 49.165298329599999 ], [ -120.735242394699995, 49.165309310300003 ], [ -120.735008970799996, 49.165313713099998 ], [ -120.7348864131, 49.165293333199998 ], [ -120.734819534799996, 49.165256029600002 ], [ -120.734660787300001, 49.165126970800003 ], [ -120.734594311600006, 49.1650806695 ], [ -120.734526187300006, 49.165070347300002 ], [ -120.733968329199996, 49.164969437 ], [ -120.733846191, 49.164940041199998 ], [ -120.733821258600003, 49.164885565299997 ], [ -120.733787596799999, 49.164120224199998 ], [ -120.733808288500001, 49.163967683099997 ], [ -120.733812382300002, 49.163877810599999 ], [ -120.733836177399994, 49.163356482200001 ], [ -120.733854819300007, 49.163248899599999 ], [ -120.733869341200005, 49.163231179199997 ], [ -120.734254583400002, 49.162905884499999 ], [ -120.734554319599994, 49.162650867799996 ], [ -120.734641466599996, 49.162544626900001 ], [ -120.734700804, 49.162446835799997 ], [ -120.734729443600003, 49.162420401200002 ], [ -120.734772215099994, 49.162385253399997 ], [ -120.7348577148, 49.162314973599997 ], [ -120.73504491, 49.1621207154 ], [ -120.735175239300006, 49.161970347100002 ], [ -120.735220042199998, 49.161890257499998 ], [ -120.735251155399993, 49.161809894699999 ], [ -120.735271413, 49.16166634 ], [ -120.735288004099999, 49.161603706800001 ], [ -120.735261399500004, 49.161585181900001 ], [ -120.735219457499994, 49.161602363100002 ], [ -120.734937571399996, 49.161767749299997 ], [ -120.734254730900005, 49.161700370200002 ], [ -120.734131784, 49.16168896 ], [ -120.734049561399999, 49.161687343 ], [ -120.733978981199996, 49.1617309401 ], [ -120.733881407200002, 49.161765019199997 ], [ -120.733813277400003, 49.1617546688 ], [ -120.733690343, 49.161743267799999 ], [ -120.7334722855, 49.161711998 ], [ -120.733186525199997, 49.161661407700002 ], [ -120.732955582700001, 49.161611877200002 ], [ -120.7329011681, 49.161601819 ], [ -120.732806459499997, 49.161572970899996 ], [ -120.7325497426, 49.161486956200001 ], [ -120.732455449599996, 49.161449119799997 ], [ -120.732160086700006, 49.1613083708 ], [ -120.731864310299997, 49.1611766089 ], [ -120.731529901800002, 49.160990122 ], [ -120.731086244500005, 49.160792467100002 ], [ -120.7309923559, 49.160745640800002 ], [ -120.730925874299999, 49.160699354199998 ], [ -120.730900115599994, 49.160662862099997 ], [ -120.730799103099997, 49.160471960199999 ], [ -120.730607490500006, 49.160162299299998 ], [ -120.730570078900001, 49.160080600699999 ], [ -120.730545539100007, 49.1600171523 ], [ -120.730473586399995, 49.159790819599998 ], [ -120.7303459898, 49.1595813916 ], [ -120.730308967400006, 49.1594907036 ], [ -120.730296913399997, 49.159454476800001 ], [ -120.730298145500001, 49.159427521300003 ], [ -120.730316795, 49.159319929699997 ], [ -120.730349951799994, 49.1591946263 ], [ -120.730382288900003, 49.159087317400001 ], [ -120.730397641, 49.159051630500002 ], [ -120.730426682800001, 49.159016208399997 ], [ -120.7305271476, 49.1589192251 ], [ -120.730884556299998, 49.158602388299997 ], [ -120.731041881400003, 49.158461534 ], [ -120.731128225, 49.158373272600002 ], [ -120.731156864100001, 49.1583468388 ], [ -120.731187150099998, 49.158284461599997 ], [ -120.7313074626, 49.1580529286 ], [ -120.731337749199994, 49.1579905424 ], [ -120.731409972899996, 49.157911003199999 ], [ -120.731482184699999, 49.157831445399999 ], [ -120.731525756699995, 49.157778330299998 ], [ -120.731596346800004, 49.157734735200002 ], [ -120.731890292800003, 49.157605548299998 ], [ -120.731946749299993, 49.157570683899998 ], [ -120.732339930600006, 49.157371494 ], [ -120.732579061400003, 49.157241235199997 ], [ -120.732663753, 49.157188924899998 ], [ -120.732749246400004, 49.157118646199997 ], [ -120.732834352699996, 49.157057347799999 ], [ -120.732877522099997, 49.157013211799999 ], [ -120.7330211349, 49.156872071099997 ], [ -120.733063886799997, 49.156836941 ], [ -120.733516778199998, 49.156530957 ], [ -120.733687388700005, 49.1563993611 ], [ -120.733744259399998, 49.156355489799999 ], [ -120.733787841099996, 49.156302374299997 ], [ -120.7338907285, 49.156151447900001 ], [ -120.733934309899993, 49.156098332399999 ], [ -120.734307436400002, 49.155736807300002 ], [ -120.7343941699, 49.1556395542 ], [ -120.734871415200004, 49.155100135600001 ], [ -120.734973078799996, 49.154976182200002 ], [ -120.735016658800006, 49.154923057200001 ], [ -120.735370317199994, 49.154687088599999 ], [ -120.735540485599998, 49.154564494699997 ], [ -120.735696981199993, 49.154441610200003 ], [ -120.735926073399995, 49.154230193399997 ], [ -120.736054334900004, 49.154124745700003 ], [ -120.736112416500006, 49.154053907600002 ], [ -120.736170509499999, 49.153983088 ], [ -120.736230234499999, 49.153876297 ], [ -120.736349695499996, 49.153662733499999 ], [ -120.736438078199996, 49.1535295264 ], [ -120.736467941699999, 49.153476117300002 ], [ -120.736510689900001, 49.153440967599998 ], [ -120.736539734199994, 49.153405571199997 ], [ -120.736609885, 49.1533709598 ], [ -120.73668045, 49.153327360399999 ], [ -120.736834880900005, 49.153249414800001 ], [ -120.7369614797, 49.153179927 ], [ -120.737142911500001, 49.1531115079 ], [ -120.737186472600001, 49.153058390200002 ], [ -120.737258666, 49.152978836899997 ], [ -120.737422110300002, 49.152703148800001 ], [ -120.737510060299996, 49.152578927900002 ], [ -120.737539505800001, 49.152534524499998 ], [ -120.737582666500003, 49.152490386300002 ], [ -120.737712132400006, 49.152357988799999 ], [ -120.737985595599994, 49.152075445900003 ], [ -120.738057799800004, 49.151995892599999 ], [ -120.738033267700004, 49.1519324458 ], [ -120.737895629, 49.1516418645 ], [ -120.737784177600005, 49.151378795500001 ], [ -120.737772521300002, 49.151333571400002 ], [ -120.737762506699994, 49.151252403199997 ], [ -120.737793593700005, 49.151172046699998 ], [ -120.737810980399999, 49.151091416600003 ], [ -120.737842078900002, 49.151011078700002 ], [ -120.737844123800002, 49.150966119 ], [ -120.73790181, 49.150904286900001 ], [ -120.737945770600007, 49.150842162 ], [ -120.737990984700005, 49.1507530915 ], [ -120.738144373400004, 49.150396240699997 ], [ -120.7380089838, 49.150357596399999 ], [ -120.737927594400006, 49.150338014500001 ], [ -120.737792618200004, 49.150290390800002 ], [ -120.737712871599996, 49.150234855699999 ], [ -120.737197305, 49.149810908600003 ], [ -120.737063146699995, 49.149745298100001 ], [ -120.737022031699993, 49.149744494499998 ], [ -120.736981745199998, 49.149725714799999 ], [ -120.736928988900004, 49.149679687499997 ], [ -120.736876218, 49.1496336684 ], [ -120.736850044500002, 49.149606183099998 ], [ -120.736867031700001, 49.149534541800001 ], [ -120.736885233199999, 49.1494359438 ], [ -120.736847820199998, 49.149354237 ], [ -120.736733508900002, 49.149154075 ], [ -120.736657025, 49.149026631700004 ], [ -120.736617970300003, 49.148980868800002 ], [ -120.736565214199999, 49.148934850300002 ], [ -120.736499158300006, 49.148879578200003 ], [ -120.736327577500006, 49.148732268099998 ], [ -120.735996915399994, 49.148464895899998 ], [ -120.735647625300004, 49.148305108 ], [ -120.735459488700002, 49.1482204502 ], [ -120.735391805399999, 49.1482011222 ], [ -120.735351507199994, 49.148182341099997 ], [ -120.735240665199996, 49.148207150600001 ], [ -120.735140259700003, 49.148304150199998 ], [ -120.735082158500006, 49.148374969199999 ], [ -120.735039813699998, 49.148401138799997 ], [ -120.735011599499998, 49.148418567900002 ], [ -120.734914041600007, 49.148452639 ], [ -120.734175958400002, 49.148699046200001 ], [ -120.7340501698, 49.148750553600003 ], [ -120.733980010400003, 49.148785162899998 ], [ -120.733882063400003, 49.148828222399999 ], [ -120.733388538300005, 49.149124399900003 ], [ -120.7331768528, 49.149255192399998 ], [ -120.732978865700005, 49.149386258600003 ], [ -120.732907875500004, 49.1494388343 ], [ -120.732638508500003, 49.149631464800002 ], [ -120.732524796099995, 49.149719198900002 ], [ -120.732482449700001, 49.149745358399997 ], [ -120.73235667, 49.149796864499997 ], [ -120.731922867500003, 49.149986255 ], [ -120.731670058700004, 49.150116238800003 ], [ -120.730955621800007, 49.150444056799998 ], [ -120.730899601199994, 49.150469942599997 ], [ -120.730814906099994, 49.150522251399998 ], [ -120.730716121699999, 49.150583284100001 ], [ -120.730560457799996, 49.150688177100001 ], [ -120.730304372, 49.150890064599999 ], [ -120.730232986299995, 49.150951645699998 ], [ -120.730175704499999, 49.151004494600002 ], [ -120.729988522, 49.151198729100003 ], [ -120.729945355300003, 49.151242864300002 ], [ -120.729874385200006, 49.151295448200003 ], [ -120.729803401300003, 49.151348031300003 ], [ -120.729719133700002, 49.151391342799997 ], [ -120.729579243299995, 49.151451568699997 ], [ -120.729230916199995, 49.151570671599998 ], [ -120.728980558499998, 49.151646719299997 ], [ -120.728841471699994, 49.151688957799998 ], [ -120.728729383100003, 49.151740734100002 ], [ -120.728644281100003, 49.151802029800002 ], [ -120.72840148, 49.152013166800003 ], [ -120.728315142, 49.152101435900001 ], [ -120.728188118299997, 49.152179892699998 ], [ -120.727933234600002, 49.152354808699997 ], [ -120.727749338199999, 49.1524771335 ], [ -120.727537206500003, 49.152616893199998 ], [ -120.727252862499995, 49.1528362082 ], [ -120.727181886899999, 49.1528887901 ], [ -120.726983050900003, 49.153037803300002 ], [ -120.726912061, 49.153090384400002 ], [ -120.726856019300001, 49.153116285300001 ], [ -120.726701170699997, 49.153203196299998 ], [ -120.726603181399994, 49.153246238599998 ], [ -120.725803979600002, 49.153626345299998 ], [ -120.725509628500006, 49.153764477400003 ], [ -120.725187024099995, 49.153920060700003 ], [ -120.724977362800004, 49.154005895499999 ], [ -120.724879785799999, 49.154039957199998 ], [ -120.724741522299993, 49.154064205300003 ], [ -120.724630659699997, 49.154089012599997 ], [ -120.724548033100007, 49.154096385300001 ], [ -120.724410587, 49.154102674299999 ], [ -120.724286829099995, 49.154109228700001 ], [ -120.724122383, 49.154105987199998 ], [ -120.724026054399999, 49.154113093200003 ], [ -120.723957131700004, 49.154120713700003 ], [ -120.723582200899997, 49.154221280400002 ], [ -120.723471323499993, 49.154246085799997 ], [ -120.723402399600005, 49.154253715 ], [ -120.723209715199999, 49.154267915299997 ], [ -120.722961821200002, 49.154290020200001 ], [ -120.722769570200001, 49.154295205399997 ], [ -120.722714748399994, 49.154294138899999 ], [ -120.722565658199997, 49.154255208899997 ], [ -120.722431104400002, 49.1541985693 ], [ -120.7219564177, 49.154081252700003 ], [ -120.721686477399999, 49.153985956699998 ], [ -120.721322268700007, 49.153852822399998 ], [ -120.721238282800002, 49.153819109300002 ], [ -120.720824026200006, 49.154066763199999 ], [ -120.720607715100002, 49.154178034 ], [ -120.720399481800001, 49.154293375 ], [ -120.720240952599994, 49.154441386599999 ], [ -120.720137501599993, 49.1546068074 ], [ -120.720058028500006, 49.154779823600002 ], [ -120.719963297099994, 49.154949102499998 ], [ -120.719853569400001, 49.155113907800001 ], [ -120.719695980699996, 49.155260249800001 ], [ -120.719539093600005, 49.1554075377 ], [ -120.719412745499994, 49.155567401100001 ], [ -120.719279381, 49.155725556599997 ], [ -120.7192135226, 49.155898600100002 ], [ -120.719199378900001, 49.1560785526 ], [ -120.719206050899999, 49.156258534800003 ], [ -120.719217466399996, 49.156438226299997 ], [ -120.719231002399994, 49.1566178685 ], [ -120.719245835400002, 49.156797700799999 ], [ -120.719282675, 49.156974822800002 ], [ -120.719381181100005, 49.157143212299999 ], [ -120.719359964700004, 49.157320389 ], [ -120.719130405100003, 49.157403557 ], [ -120.718855585, 49.157436074 ], [ -120.718585197099998, 49.157466686900001 ], [ -120.718323727200001, 49.1575201952 ], [ -120.718063270200005, 49.157579403100002 ], [ -120.717841322500007, 49.157680255300001 ], [ -120.717609912200004, 49.157776390599999 ], [ -120.717384467700001, 49.1578771784 ], [ -120.717265397199995, 49.158036683799999 ], [ -120.717255693300004, 49.158217133900003 ], [ -120.717266096200007, 49.158396730600003 ], [ -120.717198150300007, 49.158570879599999 ], [ -120.716967745700003, 49.158659571100003 ], [ -120.716693691200007, 49.1586699426 ], [ -120.716419524700001, 49.158678520599999 ], [ -120.716156686800005, 49.158726342199998 ], [ -120.715894497099995, 49.158781497500001 ], [ -120.715626891100001, 49.158826312400002 ], [ -120.715377210599996, 49.158894510800003 ], [ -120.715162892699993, 49.159008821299999 ], [ -120.71496289, 49.159133944799997 ], [ -120.714765090599997, 49.159259609499998 ], [ -120.714531757, 49.159348016700001 ], [ -120.7142624918, 49.159393730700003 ], [ -120.713989626900002, 49.159413388099999 ], [ -120.713715599599993, 49.159403922300001 ], [ -120.713450529100001, 49.159356190600001 ], [ -120.713182541, 49.159320942800001 ], [ -120.712907786599999, 49.159316178099999 ], [ -120.712633947100002, 49.159326297299998 ], [ -120.712361603100007, 49.159348973 ], [ -120.71208865, 49.1593657779 ], [ -120.711814301100006, 49.159372042699999 ], [ -120.711540076099993, 49.159369981399998 ], [ -120.711268019800002, 49.159346705499999 ], [ -120.7109949946, 49.159331938299999 ], [ -120.710718623700004, 49.159336539199998 ], [ -120.710450935599994, 49.159372103400003 ], [ -120.710200195, 49.159450347899998 ], [ -120.710031118399996, 49.159588376 ], [ -120.709944861, 49.159760131200002 ], [ -120.709859490699998, 49.159929880900002 ], [ -120.709712228399994, 49.160082675200002 ], [ -120.709532124, 49.160217406900003 ], [ -120.709313474, 49.160327720200002 ], [ -120.709065669699996, 49.160402550299999 ], [ -120.708799714099996, 49.160448152299999 ], [ -120.708528495699994, 49.160477138499999 ], [ -120.708255317500004, 49.160469804 ], [ -120.707981466600003, 49.160463672399999 ], [ -120.707708124600003, 49.160480673099997 ], [ -120.707438429, 49.160515328099997 ], [ -120.7071670192, 49.160535735300002 ], [ -120.706891844200001, 49.160530853600001 ], [ -120.706623113399999, 49.160499317099998 ], [ -120.706358499299995, 49.160449983699998 ], [ -120.706087657699996, 49.1604225122 ], [ -120.705814458600003, 49.160405241299998 ], [ -120.705540535799997, 49.160390705200001 ], [ -120.705266830699998, 49.160387390099999 ], [ -120.704994469, 49.160412646399998 ], [ -120.704722092400004, 49.160424298300001 ], [ -120.704448515799996, 49.16040251 ], [ -120.704188025700006, 49.160349790700003 ], [ -120.703935166099996, 49.160278581100002 ], [ -120.703676614200006, 49.160218391599997 ], [ -120.703423537, 49.160149462699998 ], [ -120.703176193499999, 49.1600715724 ], [ -120.702931685500005, 49.159989298799999 ], [ -120.702702502799994, 49.159891640200001 ], [ -120.702498423, 49.159770539299998 ], [ -120.702273275500005, 49.159669549 ], [ -120.702027546899998, 49.159588494799998 ], [ -120.701782910399999, 49.159506302300002 ], [ -120.701528213399996, 49.159441152100001 ], [ -120.701260348399998, 49.159400897600001 ], [ -120.700988405299995, 49.159379415399997 ], [ -120.700714833199996, 49.159364026299997 ], [ -120.700441875199999, 49.159343377299997 ], [ -120.700168889, 49.159325984799999 ], [ -120.699891974300002, 49.159321955899998 ], [ -120.6996287602, 49.159361180399998 ], [ -120.699405899400006, 49.159465959499997 ], [ -120.699180871899998, 49.159571181899999 ], [ -120.698945799699999, 49.159664165 ], [ -120.698703117400001, 49.1597476464 ], [ -120.698454632600004, 49.159824080200003 ], [ -120.698201779200005, 49.159893898100002 ], [ -120.697944855200006, 49.159956537100001 ], [ -120.697684204799998, 49.160012952899997 ], [ -120.697421178799999, 49.160063825899996 ], [ -120.697155084599999, 49.160107163200003 ], [ -120.696887581599995, 49.160147316200003 ], [ -120.696622138099997, 49.160192282 ], [ -120.696363234800003, 49.160254296200002 ], [ -120.696095778300005, 49.160285729800002 ], [ -120.695821003899994, 49.160291644399997 ], [ -120.695546407400002, 49.160300690200003 ], [ -120.695272697, 49.160319049599998 ], [ -120.695000900300002, 49.160308391599997 ], [ -120.694730817299998, 49.160273355199998 ], [ -120.694459862599999, 49.160241624 ], [ -120.694189546800004, 49.160207910700002 ], [ -120.693930801899995, 49.1601526253 ], [ -120.693684407800006, 49.160074235700002 ], [ -120.693442491799999, 49.159987554399997 ], [ -120.693195349500002, 49.159907673399999 ], [ -120.692948060500001, 49.159828001100003 ], [ -120.692736457300001, 49.159717295900002 ], [ -120.692549901, 49.159584646100001 ], [ -120.692370324500004, 49.1594472946 ], [ -120.692191211400001, 49.159311184099998 ], [ -120.692014472599993, 49.159173656 ], [ -120.691838895900005, 49.159035462799999 ], [ -120.691663303400006, 49.158897295400003 ], [ -120.691484342500004, 49.158760730700003 ], [ -120.691313069900005, 49.158620474099997 ], [ -120.691171421600004, 49.158465928399998 ], [ -120.691030120799994, 49.1583117156 ], [ -120.690848939299997, 49.158178271399997 ], [ -120.690643263699997, 49.158057987600003 ], [ -120.690434535600005, 49.157940387099998 ], [ -120.690203497499994, 49.157845072400001 ], [ -120.689949013399996, 49.157776212 ], [ -120.689710855100003, 49.157687811 ], [ -120.689487968899996, 49.157582002 ], [ -120.689296823099994, 49.157451564900001 ], [ -120.689115613, 49.157316879 ], [ -120.6888715913, 49.157242674300001 ], [ -120.688606635, 49.15718881 ], [ -120.688335925100006, 49.157147912 ], [ -120.688065726600001, 49.157119116499999 ], [ -120.687790662, 49.157107050199997 ], [ -120.687516445, 49.157107265400001 ], [ -120.687251113499997, 49.157153702800002 ], [ -120.687048085300006, 49.15726934 ], [ -120.687017913, 49.157450849 ], [ -120.686922933399998, 49.157615407199998 ], [ -120.686676046200006, 49.157692064899997 ], [ -120.686400257700001, 49.157706462100002 ], [ -120.686126149900005, 49.1577286144 ], [ -120.685876035199996, 49.157799252399997 ], [ -120.685669830199998, 49.157917510499999 ], [ -120.685485722899998, 49.158051122899998 ], [ -120.685309311699996, 49.158189601799997 ], [ -120.685126990200004, 49.158326551599998 ], [ -120.684948595700007, 49.1584657804 ], [ -120.684801647100002, 49.158614525300003 ], [ -120.684721359400001, 49.158783464 ], [ -120.684685369299999, 49.158965316600003 ], [ -120.684642685699998, 49.1591434893 ], [ -120.684602864300004, 49.159321731200002 ], [ -120.684576151100003, 49.159500521799998 ], [ -120.6845720739, 49.159680016400003 ], [ -120.684582068500006, 49.159860044200002 ], [ -120.684587954700007, 49.160039968 ], [ -120.684591240800003, 49.160219808500003 ], [ -120.684593497600005, 49.1603996431 ], [ -120.684593186, 49.160579477 ], [ -120.684587192799995, 49.160759391100001 ], [ -120.684582402199993, 49.160939238200001 ], [ -120.684587797199995, 49.161118893699999 ], [ -120.684605621700001, 49.1612983152 ], [ -120.684628223600001, 49.161477638900003 ], [ -120.684647073799994, 49.161657102 ], [ -120.684660548300002, 49.161836732499999 ], [ -120.684672572300002, 49.162016435699996 ], [ -120.684682627900003, 49.162196176899997 ], [ -120.684690304399993, 49.162375944899999 ], [ -120.684692675, 49.162555748400003 ], [ -120.684686191300003, 49.162735628599997 ], [ -120.6846833683, 49.162915446100001 ], [ -120.684692029, 49.163095136099997 ], [ -120.684704155299997, 49.163274789799999 ], [ -120.684718498099997, 49.163454399599999 ], [ -120.684734270700005, 49.163633998800002 ], [ -120.684750735600005, 49.163813550900002 ], [ -120.684767521, 49.1639930646 ], [ -120.684787262300006, 49.164172435499999 ], [ -120.684808825100006, 49.164351734 ], [ -120.684831633100004, 49.164531075799999 ], [ -120.684861980600004, 49.164710673 ], [ -120.684891509799996, 49.1648902206 ], [ -120.684909029400004, 49.165069328 ], [ -120.684903876099995, 49.165248388599998 ], [ -120.684870548899994, 49.165430579 ], [ -120.684802772599994, 49.165605794699999 ], [ -120.684675804500003, 49.165759787200003 ], [ -120.684459830400002, 49.165878688799999 ], [ -120.684218397199999, 49.1659631944 ], [ -120.683957209699997, 49.166021908399998 ], [ -120.683684233899996, 49.1660214917 ], [ -120.683432399, 49.165949328300002 ], [ -120.683186110700007, 49.165870117899999 ], [ -120.682943150100002, 49.165786684499999 ], [ -120.682710062799998, 49.165690451400003 ], [ -120.682457808099997, 49.165622579500003 ], [ -120.682188921399998, 49.165584196200001 ], [ -120.681915328700001, 49.1655650772 ], [ -120.681641537800004, 49.165566998 ], [ -120.681371135199996, 49.165603134500003 ], [ -120.681132774, 49.165688958799997 ], [ -120.680896483, 49.1657812849 ], [ -120.680651877800003, 49.165863802499999 ], [ -120.680400981399998, 49.165935880200003 ], [ -120.680137952, 49.1659870019 ], [ -120.679868914699995, 49.1660273727 ], [ -120.679612718300007, 49.166086224099999 ], [ -120.6794544925, 49.166231000899998 ], [ -120.679342467699996, 49.166396342799999 ], [ -120.679190628200004, 49.166545668799998 ], [ -120.678988879900004, 49.166666609099998 ], [ -120.678753308500006, 49.166760121899998 ], [ -120.678508923, 49.166841598700003 ], [ -120.678261617800004, 49.166919536400002 ], [ -120.678012177599996, 49.166994641700001 ], [ -120.677761148599998, 49.167066941900003 ], [ -120.677503009500001, 49.167127922 ], [ -120.677243153, 49.167187101499998 ], [ -120.676981389399998, 49.167241221200001 ], [ -120.676709937200002, 49.1672605049 ], [ -120.676438031800004, 49.167237132099999 ], [ -120.676174160800002, 49.167186101200002 ], [ -120.675914095899998, 49.167125482099998 ], [ -120.675651278700002, 49.167077968299999 ], [ -120.675374631300002, 49.167066489900002 ], [ -120.675109232899999, 49.1671053325 ], [ -120.674865388399994, 49.167193390599998 ], [ -120.674685449, 49.167325504399997 ], [ -120.674518039299997, 49.167469332300001 ], [ -120.674318394300002, 49.167593103800002 ], [ -120.674091954399998, 49.167694298699999 ], [ -120.673859460499997, 49.1677903008 ], [ -120.673654033700004, 49.167910318399997 ], [ -120.673508283499999, 49.1680605978 ], [ -120.6734073362, 49.168229137 ], [ -120.673312898299997, 49.168397926300003 ], [ -120.673279305099996, 49.168576626 ], [ -120.673291025300003, 49.168755855299999 ], [ -120.673327668900001, 49.168934333199999 ], [ -120.673323441600004, 49.169114388200001 ], [ -120.673279725900002, 49.169291629500002 ], [ -120.673223710100004, 49.1694679545 ], [ -120.673162774900007, 49.169643449100001 ], [ -120.673098443, 49.169818730099998 ], [ -120.673016931899994, 49.169990118100003 ], [ -120.6729105995, 49.170155609600002 ], [ -120.672791178400004, 49.170317952200001 ], [ -120.672669531799997, 49.1704792094 ], [ -120.672540703699994, 49.170638034600003 ], [ -120.672417100800004, 49.170800043200003 ], [ -120.672273337299998, 49.170951809500004 ], [ -120.672079373800003, 49.171077600799997 ], [ -120.671866211400001, 49.1711929083 ], [ -120.6716531613, 49.171306749599999 ], [ -120.671436650100006, 49.171417819299997 ], [ -120.671210158299999, 49.171518645200003 ], [ -120.670968517600002, 49.1716032661 ], [ -120.670721331300001, 49.171682213700002 ], [ -120.670481133300001, 49.171769450600003 ], [ -120.670248214699996, 49.171866029500002 ], [ -120.670043812200007, 49.171983699499997 ], [ -120.669869213799998, 49.172123210800002 ], [ -120.6696946526, 49.172262507 ], [ -120.669514934, 49.172398252500003 ], [ -120.669318098299996, 49.1725236893 ], [ -120.669106146700003, 49.1726376616 ], [ -120.668886946200004, 49.172745957499998 ], [ -120.668670085599999, 49.172856120100001 ], [ -120.668455790600007, 49.172969893800001 ], [ -120.668241869699997, 49.173085184199998 ], [ -120.668049480400001, 49.173211922500002 ], [ -120.667892961299998, 49.173356966900002 ], [ -120.667759635600007, 49.173514182799998 ], [ -120.667636340200005, 49.173676526599998 ], [ -120.6675101453, 49.173837192 ], [ -120.6673892731, 49.174000432 ], [ -120.667265995600005, 49.1741621173 ], [ -120.667109354900006, 49.174306495700002 ], [ -120.666902167, 49.174427434199998 ], [ -120.6666712201, 49.174524600200002 ], [ -120.666399950599995, 49.174554656 ], [ -120.666161155500006, 49.174469118399998 ], [ -120.666026431199995, 49.174311148100003 ], [ -120.665958562300005, 49.174137031699999 ], [ -120.665938826499996, 49.173957729199998 ], [ -120.665921035599993, 49.173777882099998 ], [ -120.665895821299998, 49.173596520399997 ], [ -120.6658331438, 49.1734239882 ], [ -120.665676031, 49.173274971200001 ], [ -120.665477433700005, 49.173149821099997 ], [ -120.665241999, 49.1730587877 ], [ -120.664980870700006, 49.173000419899999 ], [ -120.664711855299998, 49.172965138800002 ], [ -120.664438085, 49.172952106700002 ], [ -120.664164650700002, 49.172972968300002 ], [ -120.663891816900005, 49.172970912799997 ], [ -120.663619206700005, 49.172951373799997 ], [ -120.663347031499995, 49.172925780600004 ], [ -120.663075927, 49.172897567900002 ], [ -120.662807191599995, 49.172861537599999 ], [ -120.662538745199996, 49.172824311299998 ], [ -120.662267673499997, 49.172796657799999 ], [ -120.661995935, 49.172771579299997 ], [ -120.661726714899999, 49.172736668500001 ], [ -120.661462118599999, 49.172688672 ], [ -120.661216691600004, 49.172607432900001 ], [ -120.660962526600002, 49.172544480900001 ], [ -120.660691072399999, 49.172510973 ], [ -120.6604175489, 49.172498565700003 ], [ -120.66014303, 49.1725096232 ], [ -120.659871578, 49.172541792600001 ], [ -120.659610844200003, 49.172596392700001 ], [ -120.6593627747, 49.172676210299997 ], [ -120.659144039599994, 49.172782271899997 ], [ -120.658949053399994, 49.172910463900003 ], [ -120.658759595700005, 49.173041105700001 ], [ -120.658565564, 49.173168026500001 ], [ -120.658353462500003, 49.173282070900001 ], [ -120.658128299200001, 49.173386042099999 ], [ -120.657890048699997, 49.1734739539 ], [ -120.657640151799995, 49.173547493599997 ], [ -120.657384624599999, 49.1736143169 ], [ -120.657129950699996, 49.173682075599999 ], [ -120.656875351300002, 49.173749657 ], [ -120.656604349600002, 49.173774123 ], [ -120.656330121300002, 49.173787108299997 ], [ -120.656055643499997, 49.173782685799999 ], [ -120.655790806300004, 49.173739989300003 ], [ -120.655538565399993, 49.173667840599997 ], [ -120.65528969, 49.1735921215 ], [ -120.655032057599996, 49.17352994 ], [ -120.654783669599993, 49.1734554895 ], [ -120.654548778199995, 49.173362030699998 ], [ -120.654308625799999, 49.173274059900002 ], [ -120.654051368099999, 49.173214494299998 ], [ -120.653782513500005, 49.173176061200003 ], [ -120.653512886399994, 49.173141118499998 ], [ -120.653239834199994, 49.173131623099998 ], [ -120.652964755, 49.173137579699997 ], [ -120.652692732199995, 49.1731172386 ], [ -120.652422943100007, 49.173074287299997 ], [ -120.652154049, 49.1730545789 ], [ -120.651885354499996, 49.173086567799999 ], [ -120.651619277899997, 49.173138283699998 ], [ -120.651347805, 49.173185912100003 ], [ -120.651134151500003, 49.173284520300001 ], [ -120.650989520300001, 49.173442284300002 ], [ -120.650762707799998, 49.173541564099999 ], [ -120.650505875199997, 49.173607810199996 ], [ -120.650235587699996, 49.173644400900002 ], [ -120.649961967600007, 49.173649700399999 ], [ -120.649687719599996, 49.1736315972 ], [ -120.649421958199994, 49.173590048400001 ], [ -120.649160178299994, 49.173534461499997 ], [ -120.648895109799994, 49.173487385199998 ], [ -120.648627687599998, 49.173443449799997 ], [ -120.648358616300001, 49.173408341200002 ], [ -120.648087346400004, 49.173393974699998 ], [ -120.647813075299993, 49.173404805899999 ], [ -120.6475383306, 49.173418194500002 ], [ -120.647261819, 49.173415805600001 ], [ -120.646992817699996, 49.173439552799998 ], [ -120.646731194599994, 49.173497012200002 ], [ -120.6464835182, 49.173574825899998 ], [ -120.646248386600007, 49.173671922399997 ], [ -120.646047198, 49.173791939600001 ], [ -120.645913961399998, 49.173949253899998 ], [ -120.645811138200003, 49.1741172085 ], [ -120.645725087499997, 49.174288281899997 ], [ -120.645619480700006, 49.174453913100002 ], [ -120.645495606500006, 49.174614482400003 ], [ -120.645401492700003, 49.174783375700002 ], [ -120.645313008900004, 49.17495384 ], [ -120.645211670400002, 49.175120676399999 ], [ -120.6450869162, 49.175280984700002 ], [ -120.644949830399995, 49.175437059 ], [ -120.644804976499998, 49.175590191700003 ], [ -120.644703272100003, 49.1757562421 ], [ -120.644638612500003, 49.175931674499999 ], [ -120.644588428800006, 49.176109299099998 ], [ -120.644579577200005, 49.176287970799997 ], [ -120.644611115800004, 49.176467046900001 ], [ -120.6446509604, 49.176645706099997 ], [ -120.644657162, 49.176823240600001 ], [ -120.644623446, 49.177002344 ], [ -120.644676486799995, 49.177177625 ], [ -120.644734610300006, 49.177349584399998 ], [ -120.644504372200004, 49.177429670899997 ], [ -120.644229885800002, 49.177422258 ], [ -120.643959158300007, 49.177391913699999 ], [ -120.643699105300001, 49.177335985299997 ], [ -120.643453422600004, 49.177254955 ], [ -120.643190420699995, 49.177201848400003 ], [ -120.6429219555, 49.177184062099997 ], [ -120.64284668, 49.177184356700003 ], [ -120.642844413299997, 49.162748625500001 ], [ -120.642843906099998, 49.15972637 ], [ -120.642843196300007, 49.155393318100003 ], [ -120.642842935700003, 49.153876699599998 ], [ -120.642842695499994, 49.152451579199997 ], [ -120.642841443400002, 49.145217671300003 ], [ -120.642843199599994, 49.144021683699997 ], [ -120.642801789499998, 49.143972026900002 ], [ -120.642685730899998, 49.143816729500003 ], [ -120.6424904725, 49.143596819400003 ], [ -120.642452364099995, 49.1435330638 ], [ -120.642358598499996, 49.143486168 ], [ -120.642240423499999, 49.143375793099999 ], [ -120.642163775499995, 49.143257269400003 ], [ -120.642062284100007, 49.143084272199999 ], [ -120.641960362, 49.1429202538 ], [ -120.641871301099997, 49.142774488900002 ], [ -120.641783078499998, 49.142610747 ], [ -120.641668745399997, 49.142419478299999 ], [ -120.641616508499993, 49.142364433300003 ], [ -120.641554397500002, 49.142228226699999 ], [ -120.641517143, 49.1421464943 ], [ -120.641466191700005, 49.142064476100003 ], [ -120.641401973200004, 49.141973211100002 ], [ -120.641258950600005, 49.141808342700003 ], [ -120.641036729700005, 49.141578896 ], [ -120.640838500499996, 49.141421899 ], [ -120.640547379, 49.141200028299998 ], [ -120.6403881074, 49.1410888196 ], [ -120.640229703299994, 49.140959625900003 ], [ -120.640058008, 49.140821165799998 ], [ -120.6398854742, 49.140700691399999 ], [ -120.639698393700002, 49.140597898 ], [ -120.639538275, 49.140504655299999 ], [ -120.639260414199995, 49.140292063 ], [ -120.639102448900005, 49.140153879700001 ], [ -120.6389448913, 49.140006697899999 ], [ -120.638786913199993, 49.1398685224 ], [ -120.638640495100006, 49.139775564300002 ], [ -120.638521904200005, 49.139674181499998 ], [ -120.638392608700002, 49.139509595500002 ], [ -120.638248343699999, 49.139371705899997 ], [ -120.6380783667, 49.139197280600001 ], [ -120.637759863499994, 49.138974855400001 ], [ -120.637549666499993, 49.138781612700001 ], [ -120.637326625200004, 49.1385701337 ], [ -120.637195210100003, 49.138450496200001 ], [ -120.637023533100006, 49.138312030800002 ], [ -120.636840313799993, 49.138128347699997 ], [ -120.636655375700002, 49.137980616299998 ], [ -120.636404084099993, 49.137786538100002 ], [ -120.636217874300002, 49.137665779800002 ], [ -120.6360834579, 49.137609048100003 ], [ -120.635762417400002, 49.137440518799998 ], [ -120.635589039899997, 49.137338012599997 ], [ -120.635270129700004, 49.137124549399999 ], [ -120.635202921200005, 49.137096196500003 ], [ -120.635039829199997, 49.137065854600003 ], [ -120.634852339199995, 49.136972049100002 ], [ -120.634613916500001, 49.136796221099999 ], [ -120.6345081841, 49.136713087499999 ], [ -120.634324966400001, 49.136529407899999 ], [ -120.634193985, 49.1364007779 ], [ -120.634086114, 49.136362566499997 ], [ -120.633814731100003, 49.1363030268 ], [ -120.633665757299994, 49.13626399 ], [ -120.633504390799999, 49.136197702600001 ], [ -120.633263398799997, 49.136075808900003 ], [ -120.633143119799996, 49.136010372400001 ], [ -120.632996305600003, 49.135926385700003 ], [ -120.632662850399996, 49.135730630099999 ], [ -120.632636314099997, 49.135712088799998 ], [ -120.632501474500003, 49.135664331400001 ], [ -120.632314849099998, 49.135552553899998 ], [ -120.631994256, 49.135375033199999 ], [ -120.6318187647, 49.135317453 ], [ -120.631548666800001, 49.135230942500002 ], [ -120.631236628099998, 49.135161564400001 ], [ -120.630910895400007, 49.135091898200002 ], [ -120.630638654899997, 49.1350503261 ], [ -120.630365994800002, 49.135017732900003 ], [ -120.630092044700007, 49.135012103199998 ], [ -120.6297521969, 49.134951152799999 ], [ -120.629697835800002, 49.134941042100003 ], [ -120.629396060800005, 49.134943832899999 ], [ -120.629231700700004, 49.134940465 ], [ -120.628984285499996, 49.134953374699997 ], [ -120.628667537, 49.13498285 ], [ -120.628515147200005, 49.135015702600001 ], [ -120.628389727499993, 49.135058100499997 ], [ -120.628150433100004, 49.135188133 ], [ -120.627868758899993, 49.1353442845 ], [ -120.627632045400006, 49.135420387300002 ], [ -120.62734097, 49.135486377600003 ], [ -120.62725707, 49.1355206311 ], [ -120.627090546299996, 49.135562190900004 ], [ -120.626896208600002, 49.135612181600003 ], [ -120.626660784600006, 49.135661318 ], [ -120.6264946963, 49.13569388 ], [ -120.626216878099996, 49.135769133799997 ], [ -120.626051223499999, 49.135792716300003 ], [ -120.625816219599997, 49.135832862299999 ], [ -120.625582070700005, 49.1358550494 ], [ -120.625292284, 49.1358940609 ], [ -120.624989643700005, 49.135914824799997 ], [ -120.624796162199999, 49.135946817399997 ], [ -120.624535480199995, 49.13595045 ], [ -120.624274810700001, 49.1359540917 ], [ -120.624041507, 49.135958280399997 ], [ -120.623849317799994, 49.135963316100003 ], [ -120.623670387600001, 49.135977627400003 ], [ -120.623464925500002, 49.135973385900002 ], [ -120.623245344, 49.135977862300003 ], [ -120.622998356699995, 49.135981779300003 ], [ -120.622699164099998, 49.135930623100002 ], [ -120.622576745800004, 49.135910124299997 ], [ -120.622249304299999, 49.135876375700001 ], [ -120.622140147099998, 49.135865134500001 ], [ -120.621950534800007, 49.1358162378 ], [ -120.621788313899998, 49.135767908399998 ], [ -120.621613255300005, 49.135701332099998 ], [ -120.621507124900006, 49.135627183099999 ], [ -120.621171144599998, 49.135485302900001 ], [ -120.621050012200001, 49.135437819499998 ], [ -120.620920008799999, 49.135407911199998 ], [ -120.620919452400003, 49.134393508599999 ], [ -120.620750120500006, 49.134393489799997 ], [ -120.620622093799994, 49.134393489499999 ], [ -120.620613472499997, 49.134393491200001 ], [ -120.619972971500005, 49.1343934601 ], [ -120.613388128099999, 49.1343927892 ], [ -120.613224024499999, 49.1343927769 ], [ -120.613243850100005, 49.134315788599999 ], [ -120.613287739599997, 49.134137685399999 ], [ -120.613337031300006, 49.133960701699998 ], [ -120.613397945700001, 49.1337861242 ], [ -120.613488850699994, 49.133617148900001 ], [ -120.613613255299995, 49.133455594700003 ], [ -120.613744958400005, 49.1332879152 ], [ -120.613960433499997, 49.133202959400002 ], [ -120.614230131499994, 49.133180422300001 ], [ -120.614512896199997, 49.133176495900003 ], [ -120.614790541100007, 49.1331787218 ], [ -120.615064252799996, 49.133184325 ], [ -120.615338146599996, 49.133194161500001 ], [ -120.615611885700005, 49.133207465399998 ], [ -120.615885164900007, 49.133223435700003 ], [ -120.616157593400004, 49.133241773199998 ], [ -120.616427781200002, 49.133271986600001 ], [ -120.616695961600001, 49.133310286899999 ], [ -120.616962426399994, 49.133352734600003 ], [ -120.617227852100001, 49.133398704599998 ], [ -120.617493867500002, 49.133442076400001 ], [ -120.617762221700005, 49.133476518800002 ], [ -120.618034492600003, 49.1334955206 ], [ -120.618308483099995, 49.133507972399997 ], [ -120.618583282900005, 49.133528372299999 ], [ -120.618864736800006, 49.133563386799999 ], [ -120.619139962, 49.133588058699999 ], [ -120.619393682099997, 49.133572373 ], [ -120.619604178299994, 49.1334443744 ], [ -120.619693991, 49.133276802700003 ], [ -120.619700854900003, 49.1330941083 ], [ -120.619665164699995, 49.132911521700002 ], [ -120.619601899100005, 49.132734839500003 ], [ -120.619502752700001, 49.132564539400001 ], [ -120.619358986199998, 49.132414926099997 ], [ -120.619158526700005, 49.132287480099997 ], [ -120.618926388899993, 49.132191181700001 ], [ -120.618673032, 49.132125444300002 ], [ -120.6184082053, 49.132072104700001 ], [ -120.618148552199997, 49.132012027099996 ], [ -120.617894975599995, 49.131931254400001 ], [ -120.617654409599993, 49.131829655799997 ], [ -120.617516587899999, 49.1316940866 ], [ -120.617528255400003, 49.131506612700001 ], [ -120.617604031, 49.131330611 ], [ -120.617719329500005, 49.131166312300003 ], [ -120.617857968799996, 49.13100943 ], [ -120.618017453600004, 49.13086373 ], [ -120.618197516799995, 49.130727131599997 ], [ -120.618376571599995, 49.130588207400002 ], [ -120.6185623736, 49.1304532411 ], [ -120.618780453400007, 49.130351046299999 ], [ -120.619029925199996, 49.130278960299997 ], [ -120.619294641099998, 49.130223399899997 ], [ -120.619560901100002, 49.130175481499997 ], [ -120.619831733, 49.130146163100001 ], [ -120.620104745899994, 49.130123019899997 ], [ -120.620368438499995, 49.130075684200001 ], [ -120.620625711800002, 49.130005772899999 ], [ -120.620851780400002, 49.129908497099997 ], [ -120.621030744, 49.129772751099999 ], [ -120.621186776800002, 49.129621881699997 ], [ -120.621330204299994, 49.1294683136 ], [ -120.621450552400006, 49.129306837 ], [ -120.621549017700005, 49.1291389744 ], [ -120.621635753099994, 49.128968087 ], [ -120.621704198299994, 49.128792510099998 ], [ -120.621773396400002, 49.128617657 ], [ -120.621882485599997, 49.128455228100002 ], [ -120.622030929800005, 49.128303210200002 ], [ -120.622203501300007, 49.128161175 ], [ -120.622392134500004, 49.1280313277 ], [ -120.622607563900004, 49.127917103400002 ], [ -120.622843605400007, 49.127826868200003 ], [ -120.623105128800006, 49.127773224800002 ], [ -120.623371751899995, 49.127725324899998 ], [ -120.623615381500002, 49.1276461207 ], [ -120.623846998700003, 49.127550317500003 ], [ -120.624074111200002, 49.127448239800003 ], [ -120.624302395100003, 49.127347773099999 ], [ -120.624540139499999, 49.1272560488 ], [ -120.624752658199995, 49.127144717199997 ], [ -120.624894079200004, 49.127046773 ], [ -120.620897494700003, 49.1270497951 ], [ -120.620018998500001, 49.127050435500003 ], [ -120.600000710200007, 49.127048153300002 ], [ -120.598844419499997, 49.127033554500002 ], [ -120.597916923, 49.127021836600001 ], [ -120.597986191, 49.1269988767 ], [ -120.598342662, 49.126880749400001 ], [ -120.598650647, 49.126847565600002 ], [ -120.598844849, 49.126826255700003 ], [ -120.598891726199994, 49.126821507599999 ], [ -120.598915040400001, 49.126815538599999 ], [ -120.599175752400001, 49.126746328899998 ], [ -120.599350387599998, 49.12666602 ], [ -120.599396313, 49.126644892100003 ], [ -120.599410771, 49.126623121 ], [ -120.599503267100005, 49.1264837736 ], [ -120.599514536900003, 49.126299508599999 ], [ -120.599511473600003, 49.126119641899997 ], [ -120.599506566100004, 49.125939817800003 ], [ -120.599501011100003, 49.125760015300003 ], [ -120.599496832100002, 49.125580182699998 ], [ -120.599492149300005, 49.125400315599997 ], [ -120.599490002600007, 49.125220476599999 ], [ -120.5994949273, 49.125040731299997 ], [ -120.599507333800005, 49.124861091299998 ], [ -120.599522890100005, 49.1246815103 ], [ -120.599537079800001, 49.124501878499998 ], [ -120.59954397, 49.1243219881 ], [ -120.599549436900006, 49.124142062200001 ], [ -120.599568988100003, 49.1239629437 ], [ -120.599604249099997, 49.123784578799999 ], [ -120.599648025799993, 49.123606867699998 ], [ -120.599698384899995, 49.123430146600001 ], [ -120.599757381499998, 49.123254446499999 ], [ -120.599810104699998, 49.123077925399997 ], [ -120.599856600799995, 49.122900657800002 ], [ -120.599885339300002, 49.122721594600002 ], [ -120.599857849100005, 49.122543225299999 ], [ -120.599881473699995, 49.1223652953 ], [ -120.599953876699999, 49.122200940100001 ], [ -120.600000620499998, 49.1221576079 ], [ -120.6001122718, 49.122054116199998 ], [ -120.600269182100007, 49.121906359900002 ], [ -120.600418258700003, 49.121754553 ], [ -120.600574239300002, 49.121606866900002 ], [ -120.600759257500002, 49.121476331 ], [ -120.600957536799996, 49.121355327099998 ], [ -120.601163583300007, 49.121233611800001 ], [ -120.601381914300006, 49.121077728300001 ], [ -120.601506278399995, 49.120928659400001 ], [ -120.6016280929, 49.120756160600003 ], [ -120.601680250100003, 49.120681555499999 ], [ -120.601773321600007, 49.120639657200002 ], [ -120.602018021500001, 49.120589806 ], [ -120.602098731300003, 49.120562760399999 ], [ -120.6021735259, 49.1205224801 ], [ -120.602229181599995, 49.120480253899999 ], [ -120.602267205, 49.120404911199998 ], [ -120.602255523699995, 49.120303416799999 ], [ -120.602266941400003, 49.120221645100003 ], [ -120.602301116600003, 49.120132639 ], [ -120.602435220700002, 49.119975283199999 ], [ -120.602567984700002, 49.119817878 ], [ -120.602718308, 49.119666555199998 ], [ -120.602899145699993, 49.119533133499999 ], [ -120.603117972500002, 49.119424272099998 ], [ -120.603326149099999, 49.119306659599999 ], [ -120.603536695499997, 49.119190258099998 ], [ -120.603771615300005, 49.119110489199997 ], [ -120.6040332038, 49.119052788200001 ], [ -120.604292969699998, 49.118995058199999 ], [ -120.604537496800006, 49.1189131342 ], [ -120.604755465400004, 49.118805102300001 ], [ -120.604949144200006, 49.118676954 ], [ -120.605118250700002, 49.118535852599997 ], [ -120.605262341300005, 49.118382191199998 ], [ -120.605457456500005, 49.118256181600003 ], [ -120.605658872199996, 49.118102835099997 ], [ -120.605778650900007, 49.117968608300004 ], [ -120.605901403399997, 49.117807211600002 ], [ -120.606007166400005, 49.117641196800001 ], [ -120.606071624099997, 49.117467121700003 ], [ -120.606117896100002, 49.117289280400001 ], [ -120.606179991800005, 49.117114147599999 ], [ -120.606258285500004, 49.116941688200001 ], [ -120.60633482, 49.116771848699997 ], [ -120.606442661200006, 49.116599834699997 ], [ -120.606590000899999, 49.116382361399999 ], [ -120.606726785399999, 49.116298073499998 ], [ -120.606891048799994, 49.116159913300002 ], [ -120.607018381900005, 49.116006626900003 ], [ -120.607104046499998, 49.115835882100001 ], [ -120.6071675365, 49.115660863800002 ], [ -120.607277183700006, 49.115496180299999 ], [ -120.607380652499998, 49.115380489 ], [ -120.607361167199997, 49.115268464400003 ], [ -120.607275143099997, 49.115175118300002 ], [ -120.60724872, 49.115105511499998 ], [ -120.607261002100003, 49.115012416100001 ], [ -120.607352791599993, 49.114925236099999 ], [ -120.607416672900001, 49.114863459299997 ], [ -120.607585433, 49.114722670900001 ], [ -120.607785971599995, 49.1145996383 ], [ -120.607998090300001, 49.114485835700002 ], [ -120.608221252, 49.114381281299998 ], [ -120.608427822899998, 49.114305000199998 ], [ -120.608607950299998, 49.114267882500002 ], [ -120.608698757200003, 49.114209253299997 ], [ -120.608767532900004, 49.114140507899997 ], [ -120.608779470599998, 49.114041599 ], [ -120.608742765499997, 49.113965743500003 ], [ -120.608747929700002, 49.113862765900002 ], [ -120.608800980300003, 49.11378999 ], [ -120.608935715900003, 49.113738766099999 ], [ -120.609049620299999, 49.113708019500002 ], [ -120.609207926899998, 49.1137138538 ], [ -120.609321909499997, 49.113738164399997 ], [ -120.609423231500003, 49.113813317899996 ], [ -120.609471771599999, 49.113899183500003 ], [ -120.609483899599994, 49.113991030699999 ], [ -120.609550286599998, 49.114077774 ], [ -120.609656683599994, 49.114124436300003 ], [ -120.609778771500004, 49.114156014599999 ], [ -120.609920704800004, 49.114169223499999 ], [ -120.610195761900002, 49.114167355799999 ], [ -120.6104588691, 49.114117417700001 ], [ -120.610692236, 49.114023482199997 ], [ -120.610906412800006, 49.113910183800002 ], [ -120.611097679599993, 49.1137799 ], [ -120.611247356700005, 49.113629942300001 ], [ -120.611353583300001, 49.113463819400003 ], [ -120.611432202900005, 49.1132898651 ], [ -120.611477464299995, 49.113113541700002 ], [ -120.6114926483, 49.112933777 ], [ -120.611489301299997, 49.112752766500002 ], [ -120.611478289, 49.112573014399999 ], [ -120.611461509799994, 49.112393415200003 ], [ -120.611438480900006, 49.112213989799997 ], [ -120.611409059099998, 49.112035029099999 ], [ -120.611372871100002, 49.111856911499999 ], [ -120.611327556, 49.111679644799999 ], [ -120.6112749208, 49.111503030900003 ], [ -120.611218208799997, 49.111326907500001 ], [ -120.611159599399997, 49.111151176299998 ], [ -120.611087332, 49.110977152099998 ], [ -120.611017239299997, 49.110803074400003 ], [ -120.610973137, 49.1106262562 ], [ -120.610944181299999, 49.110446848700001 ], [ -120.6109267, 49.110266464200002 ], [ -120.610923572600001, 49.110086538099999 ], [ -120.610941645799997, 49.1099082538 ], [ -120.6109967708, 49.109731458699997 ], [ -120.611071723400002, 49.109557491399997 ], [ -120.611160952899994, 49.109387716400001 ], [ -120.611261767, 49.109220147800002 ], [ -120.611355839400005, 49.109051193399999 ], [ -120.611427801700003, 49.108877671599998 ], [ -120.611487652299999, 49.108701627899997 ], [ -120.611557596799997, 49.108527986699997 ], [ -120.611653329500001, 49.108359720199999 ], [ -120.611770140600001, 49.108196267099999 ], [ -120.611905206700001, 49.1080399684 ], [ -120.612053405799998, 49.107888255799999 ], [ -120.612213652199998, 49.1077416165 ], [ -120.612386718799996, 49.1076026171 ], [ -120.612579014, 49.107475271600002 ], [ -120.612784965800003, 49.107355806400001 ], [ -120.612990511500001, 49.107236284400003 ], [ -120.613195979300002, 49.107116595599997 ], [ -120.613427520900004, 49.107021597500001 ], [ -120.613675079399997, 49.1069431206 ], [ -120.613933005500002, 49.106883625800002 ], [ -120.614197629299994, 49.106835237 ], [ -120.614451104899999, 49.106768313300002 ], [ -120.614697086700005, 49.1066889696 ], [ -120.614942707899999, 49.106608821800002 ], [ -120.615195965400005, 49.106540206299996 ], [ -120.615451779500006, 49.1064759255 ], [ -120.615688221, 49.106385339600003 ], [ -120.615921130299995, 49.106290179399998 ], [ -120.616176880500007, 49.106226191700003 ], [ -120.616430699899993, 49.106160743399997 ], [ -120.616653847899997, 49.106054240399999 ], [ -120.616823368200002, 49.105913106499997 ], [ -120.616902163299997, 49.105741847099999 ], [ -120.616954437499999, 49.105565258399999 ], [ -120.617100682200004, 49.105413026199997 ], [ -120.617299744600004, 49.105286400399997 ], [ -120.6174706985, 49.105153462899999 ], [ -120.6175174567, 49.104973302099999 ], [ -120.617502689099993, 49.104793686199997 ], [ -120.617515657, 49.104613519700003 ], [ -120.617613786299998, 49.104448465200001 ], [ -120.617777613399994, 49.104302512399997 ], [ -120.617940503, 49.104157893699998 ], [ -120.618098868100006, 49.104010041499997 ], [ -120.618299464, 49.1038907135 ], [ -120.618528128400001, 49.103790108 ], [ -120.618754735300001, 49.103689254599999 ], [ -120.6190079072, 49.103617863899998 ], [ -120.619222444200005, 49.103508315299997 ], [ -120.619380530900003, 49.103359255800001 ], [ -120.619444158500002, 49.103189012900003 ], [ -120.6193898784, 49.103009953899999 ], [ -120.619345404200004, 49.102832108500003 ], [ -120.619354690600005, 49.102652984899997 ], [ -120.619360951100006, 49.102473808900001 ], [ -120.619321086599996, 49.102295255400001 ], [ -120.619249154100004, 49.102122227 ], [ -120.619147433600006, 49.101954702299999 ], [ -120.619040804799994, 49.101788818300001 ], [ -120.6189117232, 49.101630611300003 ], [ -120.618762297100005, 49.101479645200001 ], [ -120.618621393699996, 49.101324862699997 ], [ -120.618448239499997, 49.101187269100002 ], [ -120.618255758499998, 49.101058556200002 ], [ -120.618108140299995, 49.100908004399997 ], [ -120.618006237700001, 49.100740450799996 ], [ -120.617960338800003, 49.100563363 ], [ -120.617885645900003, 49.1003907813 ], [ -120.617721973100004, 49.100183764599997 ], [ -120.617643731699999, 49.100066149200003 ], [ -120.617595428300007, 49.1000000421 ], [ -120.617543511700006, 49.099929005100002 ], [ -120.617375989199999, 49.099786915400003 ], [ -120.6172419512, 49.099633223799998 ], [ -120.617179905, 49.0994523914 ], [ -120.617125820599995, 49.099270685 ], [ -120.616991158900007, 49.099124653700002 ], [ -120.616797192199996, 49.099005206800001 ], [ -120.616579379200004, 49.098896833200001 ], [ -120.616348486700005, 49.098794213200001 ], [ -120.616115282500004, 49.098692018400001 ], [ -120.615890535600002, 49.098584911499998 ], [ -120.615683151400006, 49.098467299299998 ], [ -120.6154937039, 49.098336357599997 ], [ -120.615324844100002, 49.098195018299997 ], [ -120.615167684200003, 49.098047061 ], [ -120.615022834900003, 49.097893491299999 ], [ -120.614896346899997, 49.0977344143 ], [ -120.614796991700004, 49.097567642800001 ], [ -120.614715466700005, 49.097395328399998 ], [ -120.614632101699996, 49.097223391 ], [ -120.614521468199996, 49.097059149899998 ], [ -120.614393969399998, 49.096899714199999 ], [ -120.614306026500003, 49.096729776700002 ], [ -120.614232506099995, 49.096556120599999 ], [ -120.614169089800001, 49.0963810935 ], [ -120.614123808299993, 49.096203572500002 ], [ -120.614097869800005, 49.096024493900003 ], [ -120.614085871499995, 49.095844552800003 ], [ -120.614091282399997, 49.095664943400003 ], [ -120.614133015299998, 49.095486750200003 ], [ -120.614105814699997, 49.095308149799997 ], [ -120.614040641499997, 49.095133268700003 ], [ -120.6139547505, 49.094961997600002 ], [ -120.613898601900004, 49.0947864225 ], [ -120.613877205099996, 49.094605567 ], [ -120.613814815200001, 49.094433317099998 ], [ -120.613628526799999, 49.094300389 ], [ -120.613443349, 49.094172328399999 ], [ -120.613316593799993, 49.094008584800001 ], [ -120.613239240200002, 49.093838011899997 ], [ -120.613288543400003, 49.093660433 ], [ -120.613288104899993, 49.093485639400001 ], [ -120.613187645699995, 49.093316091600002 ], [ -120.613113481499994, 49.093142509400003 ], [ -120.613035220900002, 49.092970075799997 ], [ -120.612937182600007, 49.092802734599999 ], [ -120.612818696100007, 49.092640000700001 ], [ -120.612683, 49.092483399800003 ], [ -120.6125261209, 49.092336804299997 ], [ -120.612350211500001, 49.092198326800002 ], [ -120.612182695499996, 49.092055954700001 ], [ -120.612032827199997, 49.091905340300002 ], [ -120.611893237800004, 49.091750420499999 ], [ -120.611753600699998, 49.091594026400003 ], [ -120.611643158299998, 49.091430701199997 ], [ -120.611582852500007, 49.091256314 ], [ -120.611545491300006, 49.091076849 ], [ -120.611500242299996, 49.090898820600003 ], [ -120.611459411400006, 49.0907207793 ], [ -120.6114823578, 49.090541777699997 ], [ -120.611507153100007, 49.090363744599998 ], [ -120.611462578900003, 49.090185343599998 ], [ -120.611389348100005, 49.090009720099999 ], [ -120.611276802500001, 49.089848373800002 ], [ -120.611092367200001, 49.089711622899998 ], [ -120.610920119300005, 49.089571610199997 ], [ -120.610829227099998, 49.0894046242 ], [ -120.610782158399999, 49.089224345799998 ], [ -120.610764837700003, 49.089044892799997 ], [ -120.610812891699993, 49.088867124399997 ], [ -120.610852209900003, 49.088688402599999 ], [ -120.610888295799995, 49.088509049099997 ], [ -120.610912153499996, 49.088329885 ], [ -120.610905526400003, 49.088151645899998 ], [ -120.610857724200002, 49.087974273500002 ], [ -120.610791640299993, 49.087798565200004 ], [ -120.6107267931, 49.087623550899998 ], [ -120.610659914799996, 49.087448434400002 ], [ -120.610584725099997, 49.087275220800002 ], [ -120.610495000499995, 49.087105899800001 ], [ -120.610385739799995, 49.086941854300001 ], [ -120.610260912599998, 49.086781848100003 ], [ -120.610128065300003, 49.086623957800001 ], [ -120.609994748099993, 49.086466224299997 ], [ -120.609862031600002, 49.086308403300002 ], [ -120.609722445200006, 49.086152476099997 ], [ -120.609610779600004, 49.085989699 ], [ -120.609533412100006, 49.0858169885 ], [ -120.609480369400003, 49.085639342199997 ], [ -120.609453273200003, 49.085460868399998 ], [ -120.609457638899997, 49.085280715499998 ], [ -120.6094700405, 49.085099973 ], [ -120.609461721499997, 49.084920762899998 ], [ -120.609420275199994, 49.084759029200001 ], [ -120.609416508899997, 49.084744313100003 ], [ -120.609350148499999, 49.084569419200001 ], [ -120.609280671899995, 49.084394675699997 ], [ -120.609218945, 49.084219093500003 ], [ -120.609153568, 49.084043418100002 ], [ -120.6090959064, 49.083867317500001 ], [ -120.609060227300006, 49.0836902717 ], [ -120.609070739900005, 49.083511402100001 ], [ -120.609102837799995, 49.083331459 ], [ -120.609110287199996, 49.083151803500002 ], [ -120.609093277100001, 49.082972228300001 ], [ -120.609075270800005, 49.082792612 ], [ -120.609067336699994, 49.082612463399997 ], [ -120.609050286200002, 49.082433120799998 ], [ -120.60900743, 49.082255777100002 ], [ -120.608946562499995, 49.082080029499998 ], [ -120.608872552, 49.081906944 ], [ -120.608780434899998, 49.081737345599997 ], [ -120.608691684199997, 49.081567221 ], [ -120.608630115500006, 49.081391744599998 ], [ -120.608610197199994, 49.081212555299999 ], [ -120.608619824900003, 49.081031509799999 ], [ -120.608611713599998, 49.080852552499998 ], [ -120.608543773899996, 49.0806796448 ], [ -120.608443313899997, 49.080510719 ], [ -120.608346868400005, 49.080342419 ], [ -120.608247943, 49.0801746984 ], [ -120.608146672100006, 49.080007582100002 ], [ -120.608042641699996, 49.079841211800002 ], [ -120.607924518399997, 49.079678132799998 ], [ -120.607814531900004, 49.079513593599998 ], [ -120.607741483599995, 49.079341385200003 ], [ -120.607694072499996, 49.079163892099999 ], [ -120.607650938500001, 49.078985702 ], [ -120.607597966900002, 49.078808751 ], [ -120.607551145299993, 49.078631386600001 ], [ -120.607531545200004, 49.078452690600002 ], [ -120.607534035399993, 49.078272450199997 ], [ -120.607553632399998, 49.078092609099997 ], [ -120.607586254799998, 49.077914072600002 ], [ -120.607629117599998, 49.077735788799998 ], [ -120.607685980300005, 49.077559626 ], [ -120.607761347, 49.077387417700002 ], [ -120.607857715099996, 49.077219027399998 ], [ -120.607967614800003, 49.077053601300001 ], [ -120.608084139699997, 49.076890747199997 ], [ -120.608217178, 49.076733047399998 ], [ -120.608351106, 49.076575825600003 ], [ -120.608460107300004, 49.07641197 ], [ -120.608524454499999, 49.076236372399997 ], [ -120.608608152200006, 49.076065701499999 ], [ -120.608731953200007, 49.075904855499999 ], [ -120.608877607300002, 49.075752537900001 ], [ -120.60904174, 49.075608407700003 ], [ -120.609205639899997, 49.075464148199998 ], [ -120.609351821499999, 49.075311630800002 ], [ -120.609468098600004, 49.075149178 ], [ -120.609538299, 49.074975553100003 ], [ -120.609601868599995, 49.074800105199998 ], [ -120.609674282300006, 49.074626419799998 ], [ -120.6097221056, 49.074449837700001 ], [ -120.609745631099997, 49.074270436699997 ], [ -120.609775945400003, 49.074090898199998 ], [ -120.609822360500004, 49.073913089500003 ], [ -120.6099386514, 49.073751891800001 ], [ -120.610082393599995, 49.073596930500003 ], [ -120.6102272153, 49.073442583099997 ], [ -120.610348059299994, 49.0732836 ], [ -120.610352895600002, 49.073102537600001 ], [ -120.610269004499997, 49.072931147799999 ], [ -120.610214888800002, 49.0727559989 ], [ -120.610200165099997, 49.072575615 ], [ -120.610210049200006, 49.072395717799999 ], [ -120.610251836900005, 49.072218533899999 ], [ -120.610309644099999, 49.072042118500001 ], [ -120.610353302099995, 49.071864405500001 ], [ -120.610377606499995, 49.071684401900001 ], [ -120.610413846, 49.071506460499997 ], [ -120.610487468299993, 49.071334342599997 ], [ -120.610584985200006, 49.071166016200003 ], [ -120.610688400800001, 49.070998717400002 ], [ -120.610801323800004, 49.070832537 ], [ -120.610870317299998, 49.070661892700002 ], [ -120.610869734700003, 49.070481433200001 ], [ -120.610836406499999, 49.0703011616 ], [ -120.610765871300003, 49.070128826 ], [ -120.610662824, 49.069961059900002 ], [ -120.610575553900006, 49.069790357199999 ], [ -120.610519494100004, 49.069613313200001 ], [ -120.610492549699998, 49.0694334521 ], [ -120.610699784700003, 49.069319609200001 ], [ -120.610931967699997, 49.069221402 ], [ -120.611183269799994, 49.069154834400003 ], [ -120.611454389900004, 49.069121331799998 ], [ -120.611727542799997, 49.06911443 ], [ -120.612001059, 49.069126885300001 ], [ -120.612273266399995, 49.06915242 ], [ -120.612542266600002, 49.069186596 ], [ -120.612809058099998, 49.0692309712 ], [ -120.613066179300006, 49.069291030599999 ], [ -120.613302763099995, 49.069383437299997 ], [ -120.613534228399999, 49.069482764299998 ], [ -120.613786930499998, 49.069541462300002 ], [ -120.614058024599998, 49.069563731300001 ], [ -120.614334467299997, 49.069576625300002 ], [ -120.614605400800002, 49.069604193700002 ], [ -120.614872146899998, 49.069648046600001 ], [ -120.615130199600003, 49.069708030199997 ], [ -120.615373078299996, 49.069789091899999 ], [ -120.615607762600007, 49.069882806199999 ], [ -120.615845601199993, 49.069972489 ], [ -120.616089019599997, 49.070055779 ], [ -120.616338146, 49.070130145599997 ], [ -120.616597203, 49.070186817100002 ], [ -120.616863954899998, 49.070229355899997 ], [ -120.617133387, 49.070262476099998 ], [ -120.617407185100006, 49.0702844025 ], [ -120.6176780248, 49.070310928799998 ], [ -120.617933821, 49.070365943600002 ], [ -120.618165882100001, 49.070465452100002 ], [ -120.618421608700004, 49.070529851899998 ], [ -120.618691180699997, 49.070560004699999 ], [ -120.618963592499995, 49.070537743400003 ], [ -120.619225654100006, 49.070486431799999 ], [ -120.619484114900004, 49.070426181199998 ], [ -120.619746635400006, 49.070373853100001 ], [ -120.620000151200003, 49.070307863799997 ], [ -120.6202384236, 49.070218736699999 ], [ -120.620477774500003, 49.070131062500003 ], [ -120.620717010099995, 49.070043309900001 ], [ -120.620946608200001, 49.069946062900001 ], [ -120.621164114199999, 49.069836598400002 ], [ -120.621373234499998, 49.069720447199998 ], [ -120.621567213299997, 49.069593316099997 ], [ -120.6217754969, 49.069476318699998 ], [ -120.622005557700007, 49.069380004700001 ], [ -120.6222536115, 49.069303073900002 ], [ -120.6224842086, 49.069206253099999 ], [ -120.622709483, 49.069103287499999 ], [ -120.622937771899998, 49.069004002699998 ], [ -120.6231771092, 49.068917884299999 ], [ -120.6234289219, 49.0688464662 ], [ -120.623684411699998, 49.0687795204 ], [ -120.623933886399996, 49.068705898399998 ], [ -120.624169070199997, 49.068615831800003 ], [ -120.624392169199993, 49.068511462799997 ], [ -120.624607089899996, 49.0683987293 ], [ -120.6248171477, 49.068283106400003 ], [ -120.625020556199999, 49.0681628524 ], [ -120.625217985199995, 49.068037982699998 ], [ -120.625412478699999, 49.067911340499997 ], [ -120.625600557300004, 49.067778273199998 ], [ -120.625663974199995, 49.067606376 ], [ -120.625683143900005, 49.067425192800002 ], [ -120.625698434599997, 49.067245548599999 ], [ -120.625707482, 49.067065718 ], [ -120.6257070443, 49.066885999 ], [ -120.625694025599998, 49.0667062546 ], [ -120.625677366399998, 49.066525867400003 ], [ -120.625698024800002, 49.066346744699999 ], [ -120.625783653, 49.066175616899997 ], [ -120.625943605200007, 49.066029881200002 ], [ -120.626139448499998, 49.065901310100003 ], [ -120.626360080599994, 49.065797138800001 ], [ -120.626599919, 49.065708375100002 ], [ -120.626847609, 49.065629719 ], [ -120.627102615499993, 49.065565450299999 ], [ -120.627364030300001, 49.065510377099997 ], [ -120.627616446800005, 49.065441102 ], [ -120.627856583600007, 49.065352088700003 ], [ -120.628114011500003, 49.065298403200003 ], [ -120.628387677, 49.065278015200001 ], [ -120.628661472499999, 49.065267898599998 ], [ -120.628935642599998, 49.065265817499998 ], [ -120.6292096671, 49.065263809599998 ], [ -120.629482197100003, 49.065252183 ], [ -120.629755710599994, 49.065226448 ], [ -120.630017748399993, 49.065177449 ], [ -120.630259600399995, 49.065091333399998 ], [ -120.6304690188, 49.064975406499997 ], [ -120.630630557700002, 49.064827152699998 ], [ -120.630701135099997, 49.064656198199998 ], [ -120.630683520199995, 49.064475854500003 ], [ -120.630639881099995, 49.064297720299997 ], [ -120.630596880900001, 49.064120466600002 ], [ -120.630492054300007, 49.0639542117 ], [ -120.630320373900005, 49.063815090799999 ], [ -120.630134617099998, 49.0636816751 ], [ -120.629941065500006, 49.063551317799998 ], [ -120.629778652599995, 49.0634098337 ], [ -120.629700123299997, 49.063236542699997 ], [ -120.629664829399999, 49.063057281299997 ], [ -120.629661674100007, 49.062876748800001 ], [ -120.629713388799999, 49.062700236399998 ], [ -120.629822756699994, 49.062535810599996 ], [ -120.630008046699999, 49.062402253499997 ], [ -120.630218961, 49.062287043 ], [ -120.630445440700001, 49.0621863621 ], [ -120.630678790199994, 49.062092182100002 ], [ -120.630916058699995, 49.062002161400002 ], [ -120.6311564202, 49.061916330800003 ], [ -120.631400960899995, 49.061835494100002 ], [ -120.631645312700002, 49.061754385599997 ], [ -120.6318866238, 49.061669567 ], [ -120.632126543699997, 49.061583017099998 ], [ -120.632365883099993, 49.061495787600002 ], [ -120.632604749199999, 49.061408019200002 ], [ -120.632843180699993, 49.061319732100003 ], [ -120.633081237499994, 49.061231001300001 ], [ -120.633318207599999, 49.061140987800002 ], [ -120.633555296599994, 49.061051124199999 ], [ -120.633794235899998, 49.060963510500002 ], [ -120.634039011499993, 49.0608828063 ], [ -120.6342849519, 49.060803640499998 ], [ -120.634521744300002, 49.060714058 ], [ -120.6347503338, 49.060614774199998 ], [ -120.634971384, 49.060508594200002 ], [ -120.635181542400005, 49.060393210599997 ], [ -120.635386766899998, 49.060273534899999 ], [ -120.635600349900002, 49.060161716499998 ], [ -120.6358302055, 49.060064958700004 ], [ -120.636069734900005, 49.059977252499998 ], [ -120.636310945800005, 49.059891598 ], [ -120.636558829699993, 49.059812967 ], [ -120.636804855600005, 49.059733086800001 ], [ -120.637026526300005, 49.059630599499997 ], [ -120.6372277846, 49.059509467300003 ], [ -120.637421184100006, 49.059380998800002 ], [ -120.637617285600001, 49.059254525 ], [ -120.637824886900006, 49.059137076600003 ], [ -120.638043040699998, 49.059026881599998 ], [ -120.638274452600001, 49.058932101800004 ], [ -120.63852815, 49.058865747200002 ], [ -120.638788693099997, 49.058807417499999 ], [ -120.639028568800001, 49.058722900500001 ], [ -120.639253712300004, 49.058619444900003 ], [ -120.639491776499995, 49.058531242900003 ], [ -120.639739498699996, 49.0584543756 ], [ -120.639991333, 49.058383446299999 ], [ -120.640247407299995, 49.058318416500001 ], [ -120.640487574, 49.058234895 ], [ -120.640702399600002, 49.058121847300001 ], [ -120.640945377500003, 49.058041508 ], [ -120.641198635199999, 49.057973057799998 ], [ -120.641427478699995, 49.057877384900003 ], [ -120.641697282400003, 49.057845315 ], [ -120.641968567399999, 49.057832043799998 ], [ -120.642222527599998, 49.057762822900003 ], [ -120.642463195800005, 49.057677146499998 ], [ -120.642667944300001, 49.057559420399997 ], [ -120.642794863399999, 49.057399164099998 ], [ -120.642890310400006, 49.057230257199997 ], [ -120.642943295400002, 49.057054236600003 ], [ -120.642977280500006, 49.056875280500002 ], [ -120.643027677299997, 49.056698164399997 ], [ -120.643146568099993, 49.056538210799999 ], [ -120.643353510599994, 49.056417794399998 ], [ -120.643598412399996, 49.05633955 ], [ -120.643856314100006, 49.056275759 ], [ -120.644087010099994, 49.056178629500003 ], [ -120.644266313599999, 49.056044570300003 ], [ -120.644383807400004, 49.055880744699998 ], [ -120.644530607199997, 49.055728891699999 ], [ -120.644707333400007, 49.055591597300001 ], [ -120.644916760900003, 49.055472972399997 ], [ -120.645099864599999, 49.055342406100003 ], [ -120.645208576, 49.055176615299999 ], [ -120.645334487599996, 49.055018310199998 ], [ -120.645530345200001, 49.054891332399997 ], [ -120.645699968200006, 49.054749375100002 ], [ -120.645848984599994, 49.0545990305 ], [ -120.645960069099999, 49.0544335381 ], [ -120.646010373, 49.054258059200002 ], [ -120.646013288199995, 49.054076982200002 ], [ -120.646130562, 49.0539153287 ], [ -120.646171453299999, 49.053706578700002 ], [ -120.6462509192, 49.053534776399999 ], [ -120.646290309600005, 49.0533559896 ], [ -120.646269846099997, 49.0531782415 ], [ -120.646192085500005, 49.053004684400001 ], [ -120.646100774100006, 49.052834928800003 ], [ -120.645989244600003, 49.052670944200003 ], [ -120.645842940700007, 49.052518242600001 ], [ -120.645748406899997, 49.052350429299999 ], [ -120.645672194900001, 49.052177138300003 ], [ -120.6455643882, 49.052012147 ], [ -120.6454413421, 49.051851225 ], [ -120.645321950899998, 49.051688318300002 ], [ -120.645149881799995, 49.051551176300002 ], [ -120.644947624599993, 49.051428100800003 ], [ -120.644743185799996, 49.051310179600002 ], [ -120.6444852037, 49.0512475843 ], [ -120.644212472299998, 49.051234586600003 ], [ -120.643864724699995, 49.051176733799998 ], [ -120.643732709399998, 49.0510927642 ], [ -120.643560240200003, 49.050951057699997 ], [ -120.643395976500003, 49.050806167200001 ], [ -120.643242784899996, 49.050656520700002 ], [ -120.643074987099993, 49.050515209 ], [ -120.642882194600006, 49.050386534499999 ], [ -120.642670564400007, 49.050273197199999 ], [ -120.642425758399995, 49.050191671299999 ], [ -120.642321347600003, 49.050150312900001 ], [ -120.642200641399995, 49.050090642500003 ], [ -120.641989757399998, 49.04997549 ], [ -120.641763283, 49.0498609124 ], [ -120.641589145300003, 49.049733790200001 ], [ -120.641495113199994, 49.049573463199998 ], [ -120.641465428399997, 49.049395404899997 ], [ -120.641453229299998, 49.049214599800003 ], [ -120.641438742099993, 49.049034745699998 ], [ -120.641427383800007, 49.048854731799999 ], [ -120.641401273200003, 49.048676102500004 ], [ -120.641357870199997, 49.048497475700003 ], [ -120.6412970728, 49.048321166699999 ], [ -120.641202939, 49.048154613 ], [ -120.641044866599998, 49.048006433399998 ], [ -120.640911368100006, 49.047849640400003 ], [ -120.640824667100006, 49.047676505399998 ], [ -120.640724058199993, 49.047509925299998 ], [ -120.640561586100006, 49.047369406900003 ], [ -120.640360077899999, 49.047245671799999 ], [ -120.640161719, 49.047119583600001 ], [ -120.639989929099997, 49.046979690800001 ], [ -120.639833184500006, 49.046831945400001 ], [ -120.639696852200004, 49.0466755502 ], [ -120.639563027500003, 49.046518566899998 ], [ -120.639390561100001, 49.046379821800002 ], [ -120.639193137199996, 49.046253877399998 ], [ -120.638978378100006, 49.046143552399997 ], [ -120.6387433867, 49.046050327099998 ], [ -120.638511012400002, 49.045952943400003 ], [ -120.638290494, 49.045845895299998 ], [ -120.638122785099995, 49.045705868699997 ], [ -120.637962624400004, 49.045560269299997 ], [ -120.637808299699998, 49.045410997799998 ], [ -120.637660133699995, 49.045258702300004 ], [ -120.637518446900003, 49.045104049099997 ], [ -120.637383438300006, 49.044947689 ], [ -120.637250976299995, 49.044789569099997 ], [ -120.637120867799993, 49.044629580200002 ], [ -120.636995522899994, 49.044467852099999 ], [ -120.636877326800004, 49.044304495 ], [ -120.636768674799995, 49.044139646700003 ], [ -120.636671938299997, 49.043973417 ], [ -120.636607498800004, 49.0438022839 ], [ -120.636614415799997, 49.043619840600002 ], [ -120.636644881899997, 49.043438728799998 ], [ -120.636726015799994, 49.043266282 ], [ -120.636866467399997, 49.043110661599997 ], [ -120.636970867200006, 49.0429465112 ], [ -120.637004198300005, 49.0427653709 ], [ -120.6369379713, 49.042594653800002 ], [ -120.636798796400001, 49.042436124300004 ], [ -120.636631582500002, 49.042285518699998 ], [ -120.636502085900005, 49.0421312378 ], [ -120.636497642099997, 49.041959764600001 ], [ -120.636583877800007, 49.0417805935 ], [ -120.636704009200002, 49.041618774100002 ], [ -120.636782295499998, 49.0414486584 ], [ -120.636829983400006, 49.041270854300002 ], [ -120.636892293299994, 49.041095749900002 ], [ -120.636879570299996, 49.040917045599997 ], [ -120.6368458643, 49.040737580399998 ], [ -120.636813132599997, 49.040558579299997 ], [ -120.636850080100004, 49.040381357299999 ], [ -120.636951068800002, 49.040211085800003 ], [ -120.636986594700005, 49.040038586900003 ], [ -120.636899689800003, 49.039865209299997 ], [ -120.636701654600003, 49.039741177 ], [ -120.636565194100001, 49.039586041299998 ], [ -120.636477352599996, 49.039415225600003 ], [ -120.636380296, 49.039247704799998 ], [ -120.636231692500004, 49.039097035099999 ], [ -120.636072905399999, 49.038949864400003 ], [ -120.635916500899995, 49.038802117400003 ], [ -120.635782346200003, 49.038643303400001 ], [ -120.635709944599995, 49.038472284 ], [ -120.635737344299997, 49.038291152900001 ], [ -120.6358660036, 49.038132433100003 ], [ -120.636062046, 49.038008586700002 ], [ -120.636297751599997, 49.037914434199998 ], [ -120.636535755200001, 49.0378260122 ], [ -120.636742924700002, 49.037706748200002 ], [ -120.636800185300004, 49.037617436399998 ], [ -120.636774099, 49.037531819 ], [ -120.636664227899999, 49.037493429800001 ], [ -120.636525975500007, 49.037493311799999 ], [ -120.636267569599994, 49.037554429700002 ], [ -120.636004400900006, 49.037606342899998 ], [ -120.635733707399993, 49.037632002 ], [ -120.635461645899994, 49.037653835900002 ], [ -120.635190293700006, 49.037681519300001 ], [ -120.634897487299995, 49.037662360500001 ], [ -120.634617412, 49.037586684700003 ], [ -120.634550250700002, 49.037463689500001 ], [ -120.634483010500006, 49.037287401299999 ], [ -120.634325292599996, 49.037138420600002 ], [ -120.634119158199994, 49.037021940199999 ], [ -120.633884760900003, 49.036927953400003 ], [ -120.633642697100001, 49.036842132700002 ], [ -120.633395563799994, 49.036762865500002 ], [ -120.633134397500001, 49.036714794600002 ], [ -120.632860995499996, 49.03669587 ], [ -120.632592244500003, 49.036661196200001 ], [ -120.632327153899993, 49.036615924300001 ], [ -120.632071886, 49.036552823800001 ], [ -120.631823715400003, 49.0364764081 ], [ -120.631578714400007, 49.036396033300001 ], [ -120.631338362799994, 49.0363099136 ], [ -120.631096036100004, 49.036226673800002 ], [ -120.630845674200003, 49.0361525386 ], [ -120.630584173299994, 49.036102900400003 ], [ -120.630312949399993, 49.036076999400002 ], [ -120.630040566199995, 49.036057116199999 ], [ -120.629767164800001, 49.036052359 ], [ -120.629493638699998, 49.036064957699999 ], [ -120.629234073199996, 49.036118759499999 ], [ -120.628968119299998, 49.036152403800003 ], [ -120.628702026200003, 49.0361079121 ], [ -120.6284398751, 49.036055139 ], [ -120.628185506099996, 49.035988940700001 ], [ -120.627948808400006, 49.035898761399999 ], [ -120.627758345399997, 49.035767847899997 ], [ -120.627667593400005, 49.035600271100002 ], [ -120.627586019800006, 49.035428422899997 ], [ -120.627431726099999, 49.035279087200003 ], [ -120.627325817300004, 49.0351146689 ], [ -120.62721032, 49.034952270799998 ], [ -120.627084285500004, 49.0347921615 ], [ -120.626957582800003, 49.034633101899999 ], [ -120.626771226100004, 49.034499908900003 ], [ -120.626602101200007, 49.034361033099998 ], [ -120.626543251, 49.034184625199998 ], [ -120.626590600100002, 49.034007184300002 ], [ -120.626632520900003, 49.033829417 ], [ -120.626581940500003, 49.033653522800002 ], [ -120.626525834700004, 49.033475419299997 ], [ -120.626554927599997, 49.033301505399997 ], [ -120.626715718699998, 49.033153190500002 ], [ -120.626868447500001, 49.033001491699999 ], [ -120.626981940199997, 49.032840566499999 ], [ -120.627010275, 49.032659788399997 ], [ -120.6269657295, 49.032482399700001 ], [ -120.626830048100004, 49.032327728600002 ], [ -120.626655394300002, 49.032187807500001 ], [ -120.626485995199999, 49.032045684499998 ], [ -120.626338045300002, 49.031895390599999 ], [ -120.626224870399994, 49.031731481199998 ], [ -120.626131020499997, 49.031562256299999 ], [ -120.626069557, 49.031386817600001 ], [ -120.626003792800006, 49.031209005299999 ], [ -120.62591378, 49.031040730699999 ], [ -120.625715582400005, 49.0309210351 ], [ -120.625518256199996, 49.030797238300003 ], [ -120.62538199, 49.030639645800001 ], [ -120.625286254599999, 49.030471968299999 ], [ -120.625252555399996, 49.030292295700001 ], [ -120.625200771699994, 49.030112899 ], [ -120.625199989500004, 49.029937242499997 ], [ -120.625332553299998, 49.029777924800001 ], [ -120.625539973900004, 49.029659885699999 ], [ -120.625732920499999, 49.029531477299997 ], [ -120.625896489900001, 49.029388196399999 ], [ -120.626027683800004, 49.029229676100002 ], [ -120.626133405199994, 49.029063043299999 ], [ -120.626145098400002, 49.028885953500001 ], [ -120.626052296200001, 49.028715534 ], [ -120.625933531699999, 49.0285527785 ], [ -120.625838870099997, 49.028385073400003 ], [ -120.625795174199993, 49.028206921699997 ], [ -120.625723686399994, 49.0280334168 ], [ -120.625626256399997, 49.0278651482 ], [ -120.625496170700004, 49.027707359 ], [ -120.625357144099993, 49.027552164 ], [ -120.625225314399998, 49.027394548799997 ], [ -120.625076724300001, 49.027243316099998 ], [ -120.6249328607, 49.027090893500002 ], [ -120.624830359699999, 49.026924355699997 ], [ -120.624735479400002, 49.026755283500002 ], [ -120.624635296600005, 49.026587778200003 ], [ -120.624554549500004, 49.026416236199999 ], [ -120.624490766600005, 49.026241183899998 ], [ -120.624415147600004, 49.026067939599997 ], [ -120.624341525800006, 49.025892465799998 ], [ -120.624266951400003, 49.025716944099997 ], [ -120.624184582699996, 49.025544642900002 ], [ -120.624087520499998, 49.025378855100001 ], [ -120.623950243300001, 49.025231266299997 ], [ -120.623721789, 49.025123951700003 ], [ -120.623521134, 49.025000415 ], [ -120.623348531, 49.024860840700001 ], [ -120.623209673800005, 49.024705496499998 ], [ -120.623054331, 49.0245578396 ], [ -120.622878749799995, 49.024417988400003 ], [ -120.622683129500004, 49.024293474499999 ], [ -120.622452974500007, 49.024198224700001 ], [ -120.622204251300005, 49.024119685800002 ], [ -120.621957439, 49.024040971200002 ], [ -120.621704056300004, 49.023973384500003 ], [ -120.621439232599997, 49.023930640400003 ], [ -120.621168010199995, 49.023901208700003 ], [ -120.620901866300002, 49.023861719800003 ], [ -120.620653159100002, 49.023787701499998 ], [ -120.620406013099995, 49.023710013799999 ], [ -120.620143501399994, 49.023660077700001 ], [ -120.619875286799996, 49.023623118700002 ], [ -120.619604660899995, 49.023598028899997 ], [ -120.619332534199998, 49.023578226399998 ], [ -120.619058166200006, 49.023563601799999 ], [ -120.618789696, 49.023535385599999 ], [ -120.618534481, 49.023469134700001 ], [ -120.618303363300001, 49.023372833700002 ], [ -120.618091342900001, 49.023257048799998 ], [ -120.617912336800003, 49.0231227047 ], [ -120.617771976100002, 49.022967646600002 ], [ -120.617642313100006, 49.022808078099999 ], [ -120.617511169500006, 49.0226509 ], [ -120.617311782800002, 49.022528343600001 ], [ -120.617086710099997, 49.022425417599997 ], [ -120.616856508, 49.022326594600003 ], [ -120.616693091900004, 49.022185392300003 ], [ -120.616576991399995, 49.0220212121 ], [ -120.616492684899995, 49.021850330900001 ], [ -120.616412088900006, 49.021677685699999 ], [ -120.616326553199997, 49.0215059569 ], [ -120.616196906900001, 49.0213505854 ], [ -120.6160146892, 49.021214631100001 ], [ -120.615849562199998, 49.021070749499998 ], [ -120.615703833799998, 49.020918758699999 ], [ -120.615584923, 49.020756792199997 ], [ -120.615481666799994, 49.020589959799999 ], [ -120.615409124199999, 49.020416643300003 ], [ -120.615321972800004, 49.020246267600001 ], [ -120.615204522499994, 49.020084012600002 ], [ -120.615060769, 49.019930855600002 ], [ -120.614914989100001, 49.019777939599997 ], [ -120.614780122900001, 49.019622194699998 ], [ -120.614763458300004, 49.019445193300001 ], [ -120.614890682799995, 49.019286041699999 ], [ -120.615101027500003, 49.0191742998 ], [ -120.615286428900006, 49.019048030800001 ], [ -120.615551428, 49.018996922100001 ], [ -120.615822408200003, 49.018970718399999 ], [ -120.616096063499995, 49.018959519900001 ], [ -120.616369791599993, 49.018959538899999 ], [ -120.616642453500006, 49.0189518376 ], [ -120.6169127406, 49.018920837899998 ], [ -120.617170100500005, 49.018861151899998 ], [ -120.617409843600001, 49.018773898399999 ], [ -120.617635167499998, 49.018669089399999 ], [ -120.617817781699998, 49.018538179799997 ], [ -120.617926728800001, 49.018371885699999 ], [ -120.617981010600005, 49.018193491300003 ], [ -120.618111125300004, 49.018037641699998 ], [ -120.618309699299999, 49.017912923399997 ], [ -120.618549711399993, 49.017827071699998 ], [ -120.618789916799997, 49.017739775499997 ], [ -120.619005474399998, 49.017629344699998 ], [ -120.619216292199994, 49.017514296199998 ], [ -120.619434881399997, 49.017404630900003 ], [ -120.619633495200006, 49.017282594100003 ], [ -120.619798700600001, 49.017138698799997 ], [ -120.619935355199999, 49.016982579599997 ], [ -120.620034498300001, 49.016812269799999 ], [ -120.620141035399996, 49.016645988 ], [ -120.620303383299998, 49.016504747600003 ], [ -120.620485168100004, 49.016372221 ], [ -120.620674967100001, 49.016243329 ], [ -120.6208705162, 49.016117046 ], [ -120.621069521899997, 49.015992362699997 ], [ -120.621269682199994, 49.0158682247 ], [ -120.621468713100001, 49.015743659400002 ], [ -120.621664342, 49.015617595800002 ], [ -120.6218571486, 49.015489638399998 ], [ -120.622049125700002, 49.015360790300001 ], [ -120.622241444500006, 49.0152321757 ], [ -120.622435297099997, 49.0151049742 ], [ -120.622631863799995, 49.014980346500003 ], [ -120.622832310800007, 49.014859461699999 ], [ -120.623067525899998, 49.014770226700001 ], [ -120.623328591200007, 49.0147137469 ], [ -120.623590706300007, 49.014661572 ], [ -120.623854178599998, 49.014611631599998 ], [ -120.624117467900007, 49.014561491899997 ], [ -120.624378944900002, 49.014508777400003 ], [ -120.624637080900001, 49.014451073099998 ], [ -120.624887673900005, 49.014382073199997 ], [ -120.625121383299998, 49.014288027100001 ], [ -120.625350836400003, 49.014188493799999 ], [ -120.625581033, 49.014091408200002 ], [ -120.6258076429, 49.013990747199998 ], [ -120.626036024200005, 49.013889795399997 ], [ -120.626227859899998, 49.013763551799997 ], [ -120.626402193100006, 49.013625459399996 ], [ -120.6265708687, 49.013483462300002 ], [ -120.626738790700003, 49.013340867300002 ], [ -120.626909805, 49.013199944 ], [ -120.627088352300007, 49.013063028099999 ], [ -120.627334970199996, 49.012984107900003 ], [ -120.627569250600004, 49.012897706300002 ], [ -120.627713672799999, 49.012743701200002 ], [ -120.627885729499994, 49.012605447299997 ], [ -120.628113459600002, 49.012503628099999 ], [ -120.6283536336, 49.012418089199997 ], [ -120.628601242299993, 49.012341094100002 ], [ -120.628862258400005, 49.012278793299998 ], [ -120.629105373800002, 49.012202041400002 ], [ -120.629295956299998, 49.0120747729 ], [ -120.629455340099994, 49.011925001 ], [ -120.629573774400001, 49.011763912200003 ], [ -120.629653479599995, 49.011590895399998 ], [ -120.629728027200002, 49.011417719400001 ], [ -120.629795719399993, 49.011243314799998 ], [ -120.629853300899995, 49.0110676539 ], [ -120.629896863400006, 49.0108901977 ], [ -120.629931954300005, 49.010711639599997 ], [ -120.629965659700005, 49.010533102399997 ], [ -120.629993792, 49.010354213500001 ], [ -120.6300223434, 49.010175011500003 ], [ -120.630048346799995, 49.009994751699999 ], [ -120.630117384100004, 49.009821714300003 ], [ -120.630233578399995, 49.009655284300003 ], [ -120.630406452800003, 49.009519984100002 ], [ -120.630628578100001, 49.009410420800002 ], [ -120.630872771300005, 49.009328789400001 ], [ -120.631139997600002, 49.009288104399999 ], [ -120.631411091199993, 49.009253301 ], [ -120.631653396900006, 49.009176386 ], [ -120.631867845399995, 49.009061162499997 ], [ -120.632058871699996, 49.008931166799997 ], [ -120.6322311367, 49.008786822 ], [ -120.632421609299996, 49.008661375800003 ], [ -120.6326594688, 49.008581536199998 ], [ -120.632926920700001, 49.008531467700003 ], [ -120.633194036399999, 49.008483955 ], [ -120.633460646800003, 49.008430601500002 ], [ -120.633727735299999, 49.008404476899997 ], [ -120.63399145, 49.008436656900003 ], [ -120.634254712200004, 49.008496669199999 ], [ -120.634525180200001, 49.008532508899997 ], [ -120.634795233800006, 49.008563270700002 ], [ -120.635017071500002, 49.008665360099997 ], [ -120.635226676499997, 49.008779883899997 ], [ -120.635502645800003, 49.0088010168 ], [ -120.635753412200003, 49.0087395957 ], [ -120.6359645024, 49.008619654599997 ], [ -120.636190404499999, 49.008519461500001 ], [ -120.636453613699999, 49.008474093 ], [ -120.636726391699995, 49.008443478300002 ], [ -120.636996337, 49.008405235799998 ], [ -120.637267404599996, 49.008426236200002 ], [ -120.637522772799997, 49.008491344 ], [ -120.637714047900005, 49.008620764600003 ], [ -120.637923044, 49.008732778300001 ], [ -120.638187486, 49.008787106 ], [ -120.638458174899995, 49.008799876700003 ], [ -120.638732927700005, 49.0087901773 ], [ -120.639007105399997, 49.008789044399997 ], [ -120.63928172, 49.008795300599999 ], [ -120.639553568, 49.008787521599999 ], [ -120.639821107200007, 49.008754000300002 ], [ -120.640085528300006, 49.00870509 ], [ -120.640347902299993, 49.008651832799998 ], [ -120.640612685899995, 49.008594641400002 ], [ -120.640829511600003, 49.008495655499999 ], [ -120.640979591100006, 49.008340391399997 ], [ -120.641183822, 49.008225072800002 ], [ -120.641424509900006, 49.008136778199997 ], [ -120.641669040500005, 49.008051013799999 ], [ -120.641923954800006, 49.007992332500002 ], [ -120.642193250099993, 49.008018017399998 ], [ -120.642460706799994, 49.008068151300002 ], [ -120.642722755199998, 49.008133418100002 ], [ -120.6429810737, 49.008130145899997 ], [ -120.643218014300004, 49.008030942200001 ], [ -120.643405997200006, 49.00789934 ], [ -120.643609617300001, 49.0077791378 ], [ -120.643842328700003, 49.007678466400002 ], [ -120.644099003899996, 49.007630504700003 ], [ -120.644371631200002, 49.007621822700003 ], [ -120.644649033299999, 49.007622101099997 ], [ -120.644921229399998, 49.007600728100002 ], [ -120.645188376700006, 49.007564077300003 ], [ -120.645455258, 49.007595863600002 ], [ -120.645722401200004, 49.007640863200002 ], [ -120.645994016399996, 49.007671250400001 ], [ -120.646249332099998, 49.007729237500001 ], [ -120.646479893399999, 49.007829435799998 ], [ -120.6467228936, 49.0079083591 ], [ -120.646991100899996, 49.007952460399999 ], [ -120.647263371400001, 49.007966913300002 ], [ -120.647529924699995, 49.007934118599998 ], [ -120.647796516499994, 49.007885966499998 ], [ -120.648076424199999, 49.007864194200003 ], [ -120.648298576, 49.0077771801 ], [ -120.648440302799997, 49.007617868799997 ], [ -120.648516491500004, 49.007444746300003 ], [ -120.648551226899997, 49.007265535099997 ], [ -120.648559705599993, 49.007083928699998 ], [ -120.648517098499994, 49.006908474600003 ], [ -120.648409175, 49.006742452700003 ], [ -120.648313414100002, 49.0065735258 ], [ -120.648249973600002, 49.006398655799998 ], [ -120.648191602200001, 49.006222684599997 ], [ -120.648125184400001, 49.006047999800003 ], [ -120.648040478699997, 49.005877358299998 ], [ -120.647924381699994, 49.005714358299997 ], [ -120.647819040900004, 49.005548419100002 ], [ -120.647719057499998, 49.005381013799997 ], [ -120.647607969600003, 49.005215780299999 ], [ -120.647509188900003, 49.005048525 ], [ -120.647451421200003, 49.004871625900002 ], [ -120.647440009199997, 49.004691959399999 ], [ -120.647512115400005, 49.004519093399999 ], [ -120.647589849799999, 49.004345966899997 ], [ -120.647598021, 49.004167423200002 ], [ -120.647581498299999, 49.003986959400002 ], [ -120.647556476899993, 49.003807073099999 ], [ -120.6475074154, 49.0036276831 ], [ -120.647464203300004, 49.003450048099999 ], [ -120.647526928100007, 49.003281254800001 ], [ -120.6476176627, 49.003112795699998 ], [ -120.647601267, 49.002931705899996 ], [ -120.647578834900003, 49.002744653 ], [ -120.6474219312, 49.0026189258 ], [ -120.647169071500002, 49.002535735099997 ], [ -120.647023626899994, 49.002383907199999 ], [ -120.646979408299998, 49.0022061218 ], [ -120.646925974699997, 49.002027288900003 ], [ -120.646839595, 49.001858926799997 ], [ -120.646642771, 49.0017332798 ], [ -120.646411318899993, 49.001636448 ], [ -120.646185281200005, 49.001536698899997 ], [ -120.646000359200002, 49.001404584399999 ], [ -120.645820692399994, 49.001268199400002 ], [ -120.645618550099996, 49.001145399400002 ], [ -120.645467892400006, 49.001001615 ], [ -120.645415838900007, 49.000823698399998 ], [ -120.645397182899998, 49.000643776300002 ], [ -120.645415417199999, 49.000464325899998 ], [ -120.645373415, 49.0002887626 ], [ -120.645363890900001, 49.000214389900002 ], [ -120.639884883199997, 49.000079220899998 ], [ -120.618692177599996, 49.000080606899999 ], [ -120.605881086, 49.000078939799998 ], [ -120.556476772400003, 49.0000565339 ], [ -120.546386933199997, 49.000048847099997 ], [ -120.516204100500005, 49.000019592299999 ], [ -120.500000002700006, 49.0000203787 ], [ -120.484668822100005, 49.000018610399998 ], [ -120.463148070800003, 49.0000406208 ], [ -120.402547295600002, 49.000076882 ], [ -120.369967360299995, 49.000080679500002 ], [ -120.359402218699998, 49.000105170700003 ], [ -120.326803831600003, 49.000173431199997 ], [ -120.304426734900005, 49.0002139208 ], [ -120.2699099389, 49.000266235200002 ], [ -120.244476285399998, 49.000296899399999 ], [ -120.069820808299994, 49.000326659499997 ], [ -120.031643745500006, 49.000291168300002 ], [ -119.999999994800007, 49.000250279399999 ], [ -119.993177301200006, 49.000240124 ], [ -119.966427024699996, 49.000195607499997 ], [ -119.963401141199995, 49.000190098 ], [ -119.946231303900007, 49.0001570847 ], [ -119.918118155200006, 49.000096459700003 ], [ -119.900972495, 49.000098413499998 ], [ -119.887569091399996, 49.000097830900003 ], [ -119.8787537101, 49.000096428299997 ], [ -119.871754968700003, 49.000100674499997 ], [ -119.8010148595, 49.000115273699997 ], [ -119.773208064399995, 49.000106829300002 ], [ -119.769631898399993, 49.000105165400001 ], [ -119.748777052500003, 49.000092821800003 ], [ -119.748171014899995, 49.000092388200002 ], [ -119.747945139300001, 49.000092229099998 ], [ -119.747290519299995, 49.000029278600003 ], [ -119.746634558500006, 49.000035926 ], [ -119.746512487499999, 49.0000912163 ], [ -119.742474572899994, 49.000088198299999 ], [ -119.741442214299994, 49.0000873973 ], [ -119.736879689800006, 49.000083746100003 ], [ -119.725901286099997, 49.000074108200003 ], [ -119.725846879700001, 49.000074055600003 ], [ -119.721292124100003, 49.000069663600001 ], [ -119.721020722099993, 49.000069389399997 ], [ -119.702705615400006, 49.000049594 ], [ -119.701747692, 49.0000503499 ], [ -119.671068976200004, 49.0000726942 ], [ -119.643946919499996, 49.000078969199997 ], [ -119.626123441299995, 49.000080811700002 ], [ -119.544258322399997, 49.000047101500002 ], [ -119.535982029699994, 49.000040307 ], [ -119.532558112, 49.000044692499998 ], [ -119.500000022500004, 49.000080330599999 ], [ -119.473866248500002, 49.000113877799997 ], [ -119.473372147, 49.000114459599999 ], [ -119.471277436799994, 49.000102665500002 ], [ -119.468981289400006, 49.000113285300003 ], [ -119.465330978500006, 49.000130038099996 ], [ -119.463248940200003, 49.000132894300002 ], [ -119.462503047599995, 49.000133525300001 ], [ -119.461085611599998, 49.000135942199996 ], [ -119.456476575799996, 49.000138420900001 ], [ -119.445351943700004, 49.000077063299997 ], [ -119.444734579499993, 49.000073643199997 ], [ -119.4429043162, 49.000063415100001 ], [ -119.441879196499997, 49.0000576885 ], [ -119.431523602699997, 49.000064295500003 ], [ -119.421985558100005, 49.0000694071 ], [ -119.409040387100006, 49.000074824599999 ], [ -119.2949232239, 49.000047661099998 ], [ -119.284543087900005, 49.000038510499998 ], [ -119.250000007300002, 49.000000006500002 ], [ -119.185390716200004, 49.000061962399997 ], [ -119.181012010100005, 49.000064584299999 ], [ -119.180361555600001, 49.000064968099998 ], [ -119.178889888100002, 49.000065791 ], [ -119.141725637899995, 49.000079350500002 ], [ -119.136935080499995, 49.000080067299997 ], [ -119.131382459799994, 49.000080620399999 ], [ -119.083403025099997, 49.000071865899997 ], [ -119.0298156498, 49.000033941700003 ], [ -119.026054629699999, 49.000030172400002 ], [ -119.020454918699997, 49.000024276600001 ], [ -119.008481740799994, 49.000010600400003 ], [ -119.000000016300007, 49.000097406 ], [ -118.999070834400001, 49.000106851399998 ], [ -118.964089251499999, 49.000194428599997 ], [ -118.9467503467, 49.0001361116 ], [ -118.890788028200006, 49.000195876600003 ], [ -118.864357701399996, 49.000185292099999 ], [ -118.857671615599997, 49.000185209599998 ], [ -118.850327529899999, 49.0001876663 ], [ -118.839391039500001, 49.000190320400002 ], [ -118.833019548199999, 49.000192786900001 ], [ -118.824911240899993, 49.000186407699999 ], [ -118.810582013599998, 49.000187323699997 ], [ -118.799725670499996, 49.0001863094 ], [ -118.771283078300002, 49.000190400599998 ], [ -118.770604753, 49.000190398900003 ], [ -118.770602447900004, 49.000187220100003 ], [ -118.769987165200007, 49.000187674899998 ], [ -118.769997195100004, 49.000197829100003 ], [ -118.763328559800001, 49.000190676899997 ], [ -118.761619420700001, 49.000189808899997 ], [ -118.7611278145, 49.000189867899998 ], [ -118.750384354299996, 49.000190824100002 ], [ -118.749925898699999, 49.000190825300002 ], [ -118.705300659800002, 49.000181539300002 ], [ -118.6969054777, 49.000179389700001 ], [ -118.683123126599995, 49.000174427899999 ], [ -118.680333731700003, 49.0001701168 ], [ -118.658416624, 49.000181428200001 ], [ -118.619093811200003, 49.000182321700002 ], [ -118.616413985199998, 49.000183911900002 ], [ -118.616350836899997, 49.000183951 ], [ -118.611737993800006, 49.0001863512 ], [ -118.606135664299998, 49.000078981100003 ], [ -118.606102850400006, 49.000078984399998 ], [ -118.591078321, 49.000074863 ], [ -118.591066670900005, 49.000074852399997 ], [ -118.556638370399995, 49.000056642799997 ], [ -118.534279086699996, 49.0000382415 ], [ -118.534102123300002, 49.000038098300003 ], [ -118.534004125899997, 49.000038009500003 ], [ -118.520917561499999, 49.000024768 ], [ -118.520698281899996, 49.0000245218 ], [ -118.505017265, 49.000006362199997 ], [ -118.504750930599997, 49.000006017099999 ], [ -118.503777472500005, 49.000004806699998 ], [ -118.503067374799997, 49.0000039098 ], [ -118.502163587400005, 49.000002780300001 ], [ -118.501012388500001, 49.000001321299997 ], [ -118.499999987799995, 49.000000007099999 ], [ -118.498325850599997, 49.000002153099999 ], [ -118.477672589500003, 49.000026290900003 ], [ -118.474735451800001, 49.0000441587 ], [ -118.449648857300005, 49.000196104600001 ], [ -118.444097733899994, 49.000193766700001 ], [ -118.435351816899995, 49.000061967400001 ], [ -118.430671078100005, 49.000064800700002 ], [ -118.430205885, 49.000065059500002 ], [ -118.419951050899996, 49.000070367100001 ], [ -118.409053955299996, 49.000159356899999 ], [ -118.404873768100003, 49.0000761943 ], [ -118.376551595799995, 49.000080798200003 ], [ -118.366163548100005, 49.000171482900001 ], [ -118.351985251499997, 49.000176586899997 ], [ -118.335865364900002, 49.000175474499997 ], [ -118.319938511399997, 49.000168746500002 ], [ -118.312197180400005, 49.000164456500002 ], [ -118.310256448399997, 49.0001632978 ], [ -118.302941740199998, 49.000165191599997 ], [ -118.297810114900003, 49.000162948099998 ], [ -118.2891187309, 49.000158553399999 ], [ -118.276348587100003, 49.000156601500002 ], [ -118.270031874400004, 49.000154351900001 ], [ -118.244272527899994, 49.000203417599998 ], [ -118.2302030866, 49.000311002399997 ], [ -118.230190217900002, 49.000273780299999 ], [ -118.2301889891, 49.000270203600003 ], [ -118.230075901500001, 49.000182299 ], [ -118.229985019699996, 49.000147648599999 ], [ -118.229914600800001, 49.000120790099999 ], [ -118.229824392500007, 49.000109069200001 ], [ -118.229707598800005, 49.000093902899998 ], [ -118.228893327899996, 49.000119633 ], [ -118.228726089099993, 49.000124901600003 ], [ -118.227571280399999, 49.000124856399999 ], [ -118.226533358, 49.000124785099999 ], [ -118.225895952, 49.000124758699997 ], [ -118.225213125799996, 49.000124703700003 ], [ -118.225123002700002, 49.000124715299997 ], [ -118.224638217700004, 49.000174334599997 ], [ -118.224633730500003, 49.000174316200003 ], [ -118.224257030800004, 49.000172411100003 ], [ -118.216873832600001, 49.000169570200001 ], [ -118.209162614299998, 49.000169686500001 ], [ -118.197212905200004, 49.000168359 ], [ -118.197181650299996, 49.000168441500001 ], [ -118.196604239199999, 49.000170129899999 ], [ -118.196576650099999, 49.000170217300003 ], [ -118.196009823, 49.000171841799997 ], [ -118.195985794, 49.000171826600003 ], [ -118.1920173906, 49.000168195 ], [ -118.191060353, 49.000169078600003 ], [ -118.154350303300006, 49.000182398299998 ], [ -118.144684290499995, 49.000197748 ], [ -118.135469365299997, 49.000207852899997 ], [ -118.117641068799998, 49.000229009100003 ], [ -118.104736550699997, 49.000284223400001 ], [ -118.083228640399994, 49.000269384100001 ], [ -118.067842614400007, 49.000288184600002 ], [ -118.062162239499997, 49.000294562400001 ], [ -118.061952874400006, 49.000294794299997 ], [ -118.061908568099994, 49.000271760499999 ], [ -118.060001891900001, 49.000276741100002 ], [ -118.059720999199996, 49.0004859987 ], [ -118.062136002, 49.002757999400004 ], [ -118.061502999, 49.005745998 ], [ -118.061986998899997, 49.008708003099997 ], [ -118.060175997100004, 49.0124789957 ], [ -118.055636995100002, 49.015321997 ], [ -118.054373004799999, 49.017013002799999 ], [ -118.057720996300006, 49.024446001599998 ], [ -118.057440004900002, 49.025286001799998 ], [ -118.055754997199998, 49.026220997300001 ], [ -118.054183006200006, 49.029953999200004 ], [ -118.048959002399997, 49.031569003199998 ], [ -118.047002002499994, 49.036905002099999 ], [ -118.0471469971, 49.040801995400003 ], [ -118.045849003200004, 49.045579996299999 ], [ -118.050776994200007, 49.048120002200001 ], [ -118.054134000199994, 49.050924002 ], [ -118.054461998600004, 49.0518999994 ], [ -118.054235998, 49.053785003599998 ], [ -118.052142005500002, 49.056945997100001 ], [ -118.049521006199996, 49.057312999200001 ], [ -118.048712000899997, 49.058185997800003 ], [ -118.050763004499998, 49.059542997900003 ], [ -118.051168004199994, 49.0618379987 ], [ -118.053991993899999, 49.067202003200002 ], [ -118.053692004499993, 49.0685569957 ], [ -118.0524870056, 49.069808001399998 ], [ -118.047924995, 49.072034003600002 ], [ -118.047014994799994, 49.074376003099999 ], [ -118.047738998100002, 49.076413999899998 ], [ -118.052411994799996, 49.081914996899997 ], [ -118.054342003800002, 49.0868779965 ], [ -118.054367998399997, 49.088899996599999 ], [ -118.052723998, 49.089983001299998 ], [ -118.051563004900004, 49.091944000700003 ], [ -118.051703996399993, 49.094254995900002 ], [ -118.0545750072, 49.095572996100003 ], [ -118.056165004799993, 49.097946997299999 ], [ -118.056164995299994, 49.099315003699999 ], [ -118.055176002899998, 49.100509997 ], [ -118.051043002, 49.104071002799998 ], [ -118.050765006700004, 49.106097997 ], [ -118.053180997200002, 49.110561999200002 ], [ -118.052746996699994, 49.112051997499997 ], [ -118.048899994899998, 49.115543994699998 ], [ -118.049009994800002, 49.1182790031 ], [ -118.0502775227, 49.122037429 ], [ -118.052105997499993, 49.127458002099999 ], [ -118.051474000300004, 49.132357003899997 ], [ -118.053388993799999, 49.135977996400001 ], [ -118.052955002600001, 49.142775002500002 ], [ -118.053658993900001, 49.143570002799997 ], [ -118.056158995199993, 49.144579999599998 ], [ -118.061663004300001, 49.146154996900002 ], [ -118.064137001099994, 49.148041001800003 ], [ -118.064100993899999, 49.150104003499997 ], [ -118.061666005500001, 49.1525780017 ], [ -118.086724004299995, 49.152624996599997 ], [ -118.087001002799994, 49.167319003800003 ], [ -118.093138001, 49.167299997 ], [ -118.096440999799995, 49.172832001499998 ], [ -118.096688006199997, 49.175912003900002 ], [ -118.104352997399999, 49.182225995300001 ], [ -118.105865005300004, 49.185652002799998 ], [ -118.109215994799996, 49.187356995599998 ], [ -118.109119001500005, 49.188409000900002 ], [ -118.107347002200001, 49.189745996699997 ], [ -118.107516000199993, 49.190455996300003 ], [ -118.114276995400004, 49.201865998400002 ], [ -118.116179000100004, 49.208036995299999 ], [ -118.119533003599997, 49.212485002599998 ], [ -118.125661005300003, 49.218965004499999 ], [ -118.126559994900006, 49.221549001299998 ], [ -118.129047998800004, 49.223071001100003 ], [ -118.130414004800002, 49.230542999599997 ], [ -118.131658429699996, 49.232282901 ], [ -118.131807993199999, 49.232492003700003 ], [ -118.130984007099997, 49.243678997799996 ], [ -118.133051993, 49.254579999699999 ], [ -118.133101002900005, 49.262416000899997 ], [ -118.1335696708, 49.264002604799998 ], [ -118.133819997, 49.26485 ], [ -118.133110001600002, 49.268537996900001 ], [ -118.136113002900004, 49.271837002700003 ], [ -118.138441283299997, 49.273033746899998 ], [ -118.139149997600001, 49.273398003 ], [ -118.141031005, 49.272810999500003 ], [ -118.144121999899994, 49.269088997200001 ], [ -118.145210133600003, 49.268221262399997 ], [ -118.150138878700005, 49.270663193 ], [ -118.158789390899997, 49.274947881499997 ], [ -118.164439724100006, 49.277745739 ], [ -118.165404174200006, 49.278223236 ], [ -118.175691879200002, 49.298935683700002 ], [ -118.175736910799998, 49.299025420900001 ], [ -118.176226064199994, 49.300000043899999 ], [ -118.182240047700006, 49.311979864199998 ], [ -118.188735651200005, 49.324911486300003 ], [ -118.189333016299997, 49.326100346600001 ], [ -118.199999393799999, 49.324630378199998 ], [ -118.203738988699996, 49.324114751700002 ], [ -118.203665132200001, 49.3243865098 ], [ -118.203602850799996, 49.324553699699997 ], [ -118.203746376200002, 49.324706228799997 ], [ -118.203908913800007, 49.324853615199999 ], [ -118.204110074400006, 49.324975540099999 ], [ -118.204329224, 49.325084624600002 ], [ -118.204552240799998, 49.325190222 ], [ -118.204794494599994, 49.325275998 ], [ -118.205041598299999, 49.325355823 ], [ -118.205304047599995, 49.325407586399997 ], [ -118.205573479500003, 49.325446581500003 ], [ -118.205844706799994, 49.325477729399999 ], [ -118.206118326899997, 49.325493314 ], [ -118.206377204099994, 49.325554449499997 ], [ -118.206633717399995, 49.325622792099999 ], [ -118.206893912799998, 49.325679567100003 ], [ -118.207164678200002, 49.325705924799998 ], [ -118.207441910699998, 49.325709046599997 ], [ -118.207715980700002, 49.325695922599998 ], [ -118.207991852199996, 49.325679415400003 ], [ -118.208242830399996, 49.325610567600002 ], [ -118.208483771700003, 49.325521463900003 ], [ -118.208723775500005, 49.3254374164 ], [ -118.208995452899998, 49.325404451200001 ], [ -118.2090195623, 49.325401052899998 ], [ -118.209128710100003, 49.3260845573 ], [ -118.215858058699993, 49.327596541 ], [ -118.215941654600002, 49.327689616800001 ], [ -118.216067228, 49.3278494921 ], [ -118.216179782500006, 49.328014655099999 ], [ -118.216279106900004, 49.328183569700002 ], [ -118.216365005, 49.32835461 ], [ -118.2164304625, 49.328527957299997 ], [ -118.216463267400002, 49.3287067308 ], [ -118.216486464200003, 49.328887209 ], [ -118.216540763799998, 49.329062927499997 ], [ -118.216676910199993, 49.329219101900001 ], [ -118.216814423200006, 49.329374886 ], [ -118.216952789900006, 49.329530369300002 ], [ -118.217091675, 49.3296857359 ], [ -118.217230606599998, 49.329841078500003 ], [ -118.217369214399994, 49.3299965422 ], [ -118.217507100800006, 49.330152270299997 ], [ -118.217643860699994, 49.330308369500003 ], [ -118.217782262599997, 49.330464496499999 ], [ -118.217906050099998, 49.330624954199997 ], [ -118.218003487600001, 49.3307927424 ], [ -118.218090269599998, 49.330963608399998 ], [ -118.218170936199996, 49.331135969800002 ], [ -118.218248200299996, 49.331308583199998 ], [ -118.218289655600003, 49.331486630699999 ], [ -118.218333512599997, 49.331664462399999 ], [ -118.218374458499994, 49.331842418599997 ], [ -118.218401868399994, 49.332020763899997 ], [ -118.218382809, 49.332200586399999 ], [ -118.218371852800004, 49.332380333300001 ], [ -118.218361285200004, 49.332560072100001 ], [ -118.218350134600001, 49.332739823099999 ], [ -118.218337473299997, 49.332919510099998 ], [ -118.218322241600006, 49.333099101899997 ], [ -118.218304832800001, 49.333278645 ], [ -118.218286821199996, 49.333458153599999 ], [ -118.218269759699993, 49.333637685500001 ], [ -118.218257526, 49.333817376100001 ], [ -118.218250999099993, 49.333997343100002 ], [ -118.218254655, 49.334179258900001 ], [ -118.218245360599994, 49.334359315599997 ], [ -118.218186740799993, 49.334532015100002 ], [ -118.218081048399995, 49.334697773800002 ], [ -118.217957852500007, 49.3348608644 ], [ -118.217841708400002, 49.335024699800002 ], [ -118.217718273100004, 49.335186985199996 ], [ -118.217594030399994, 49.3353490493 ], [ -118.217482393400005, 49.335513373 ], [ -118.217396706599999, 49.335682432500001 ], [ -118.217340201799999, 49.335856914 ], [ -118.217303160699998, 49.336034983799998 ], [ -118.217277868099998, 49.336215151799998 ], [ -118.217256579299999, 49.336395853399999 ], [ -118.217231586400004, 49.336575554100001 ], [ -118.217204924399994, 49.336754898700001 ], [ -118.217188701799998, 49.336934508699997 ], [ -118.217187913100005, 49.337116673300002 ], [ -118.217231570500005, 49.3372928235 ], [ -118.217402136800004, 49.3374371393 ], [ -118.2176557927, 49.337498524399997 ], [ -118.217932208400001, 49.337489414300002 ], [ -118.218205208300006, 49.337464385099999 ], [ -118.218477292200006, 49.337432480700002 ], [ -118.218744855300002, 49.337390552700001 ], [ -118.219011250099996, 49.337345705899999 ], [ -118.219282905200004, 49.337316910200002 ], [ -118.219555826299995, 49.337292252200001 ], [ -118.219829421499995, 49.337271716300002 ], [ -118.220103483100004, 49.33725555 ], [ -118.220378278200002, 49.337243727500002 ], [ -118.220653362299998, 49.337235030499997 ], [ -118.220928609699996, 49.337228399700003 ], [ -118.221203943600003, 49.337233317799999 ], [ -118.221480495, 49.337254728 ], [ -118.221757140500003, 49.337282228299998 ], [ -118.222017062, 49.337327958099998 ], [ -118.222186993899996, 49.337468896799997 ], [ -118.222367792699998, 49.337604535700002 ], [ -118.222554745099998, 49.337736825199997 ], [ -118.222742094300003, 49.337868735400001 ], [ -118.222898286, 49.338016213 ], [ -118.223042032099997, 49.338169998300003 ], [ -118.223209257799994, 49.338312749300002 ], [ -118.223387054499995, 49.338450314799999 ], [ -118.223568005499999, 49.338586405699999 ], [ -118.223752744799995, 49.338720623900002 ], [ -118.223954212500004, 49.3388415999 ], [ -118.224188254, 49.338936399300003 ], [ -118.224423263299997, 49.339031041600002 ], [ -118.224650449600006, 49.339132714599998 ], [ -118.224868845200007, 49.339242235500002 ], [ -118.225085071099997, 49.339353391899998 ], [ -118.225315530499998, 49.339453552099997 ], [ -118.225550791700002, 49.339548943099999 ], [ -118.225794303699999, 49.33962952 ], [ -118.226064745, 49.339660272099998 ], [ -118.226337488400006, 49.339689840699997 ], [ -118.226606230300007, 49.3397290423 ], [ -118.226875672, 49.3397700863 ], [ -118.227151063099996, 49.339806688199999 ], [ -118.2274025169, 49.339871012899998 ], [ -118.227613496100005, 49.339981504299999 ], [ -118.227803996, 49.340115287700002 ], [ -118.227994578500002, 49.340247601 ], [ -118.228189445200002, 49.340375180099997 ], [ -118.228372636299994, 49.340509177400001 ], [ -118.2285351222, 49.340654092699999 ], [ -118.228688264300004, 49.340803982899999 ], [ -118.228846001700006, 49.340951479200001 ], [ -118.229021866099998, 49.341089826100003 ], [ -118.229215766300001, 49.341217758600003 ], [ -118.229433115, 49.341328270299996 ], [ -118.229639333099996, 49.341447466600002 ], [ -118.229839088099993, 49.341571863600002 ], [ -118.2300279687, 49.341702356399999 ], [ -118.230159910200001, 49.341806996099997 ], [ -118.2302078206, 49.34184499 ], [ -118.230299378200002, 49.342006930499998 ], [ -118.230273791499997, 49.342188388 ], [ -118.230244158299996, 49.342368983299998 ], [ -118.230216832300002, 49.342548033900002 ], [ -118.230181832499994, 49.3427264042 ], [ -118.230137520400007, 49.3429039671 ], [ -118.230087247200004, 49.343080864599997 ], [ -118.230038275699997, 49.343258326700003 ], [ -118.229981355899994, 49.343434436899997 ], [ -118.229896596499998, 49.3436049994 ], [ -118.2297855634, 49.343770570700002 ], [ -118.229676931699998, 49.343936088699998 ], [ -118.229619273899999, 49.344110407199999 ], [ -118.229655450300001, 49.344289809599999 ], [ -118.229769578100004, 49.344449258300003 ], [ -118.22975469, 49.3446250772 ], [ -118.229633375099993, 49.344784900199997 ], [ -118.2294843966, 49.3449377938 ], [ -118.229356896100001, 49.345097206699997 ], [ -118.229237207899999, 49.345259265099997 ], [ -118.229123493499998, 49.345423058 ], [ -118.229013196400004, 49.345587912100001 ], [ -118.228907775799996, 49.345754856 ], [ -118.228803269, 49.345922119299999 ], [ -118.228674373900006, 49.346079267100002 ], [ -118.228490795599996, 49.346214952300002 ], [ -118.228273967299998, 49.346325207200003 ], [ -118.228041756099998, 49.346422474100002 ], [ -118.227808729499998, 49.346519401099997 ], [ -118.227588152699994, 49.346626840399999 ], [ -118.227369468700005, 49.346738969699999 ], [ -118.227157870200003, 49.34685658 ], [ -118.2269662872, 49.346984958900002 ], [ -118.2268047811, 49.347128272600003 ], [ -118.226664437699995, 49.3472827728 ], [ -118.226536229, 49.347443743299998 ], [ -118.226411964199997, 49.347606673100003 ], [ -118.226283541900003, 49.347767093900003 ], [ -118.226142780399996, 49.347920522199999 ], [ -118.225974300399997, 49.348058551599998 ], [ -118.225750586100006, 49.348165489800003 ], [ -118.225513218900005, 49.348261981699999 ], [ -118.225265670699997, 49.348343434199997 ], [ -118.225045361799999, 49.348447303299999 ], [ -118.224863927300007, 49.3485840162 ], [ -118.224685866399994, 49.348722131099997 ], [ -118.22451477, 49.348863654399999 ], [ -118.224376235700007, 49.349017929699997 ], [ -118.224256893399996, 49.3491799 ], [ -118.224147091899994, 49.349345510100001 ], [ -118.224040435500001, 49.349511745400001 ], [ -118.223940173499997, 49.349679356499998 ], [ -118.223846024, 49.349848703299998 ], [ -118.223747206699997, 49.350016599600004 ], [ -118.223633690200003, 49.350180094199999 ], [ -118.223507019300001, 49.350339624699998 ], [ -118.223373565800003, 49.350497117300002 ], [ -118.223238751599993, 49.350654222 ], [ -118.223108087100002, 49.350812639899999 ], [ -118.222990393499998, 49.350975280299998 ], [ -118.222900374899993, 49.351149632199999 ], [ -118.222669397, 49.351231234799997 ], [ -118.222402832499995, 49.3512841947 ], [ -118.222402824, 49.356511697599998 ], [ -118.222402822899994, 49.359040718499998 ], [ -118.221927860199997, 49.35899679 ], [ -118.221654188499997, 49.358977228400001 ], [ -118.221379625599994, 49.358962952200002 ], [ -118.2211060833, 49.358941968099998 ], [ -118.220833487799993, 49.358916108599999 ], [ -118.220562601599994, 49.358883808100003 ], [ -118.220297310199996, 49.358830807700002 ], [ -118.220026519300006, 49.358811893499997 ], [ -118.219752451600002, 49.358838497100002 ], [ -118.219495382, 49.358902151 ], [ -118.219247445799994, 49.358982207300002 ], [ -118.2190012537, 49.359062090400002 ], [ -118.218851135400001, 49.359110333499999 ], [ -118.218458017800003, 49.359110585 ], [ -118.218182624500002, 49.3590952359 ], [ -118.221202222200006, 49.3639766752 ], [ -118.230929833700003, 49.379694430599997 ], [ -118.242335049800005, 49.398107647099998 ], [ -118.2435077847, 49.400000047200002 ], [ -118.245544981099997, 49.4032905384 ], [ -118.255537967799995, 49.403290100699998 ], [ -118.256961255600004, 49.403289962099997 ], [ -118.257152910499997, 49.403289939799997 ], [ -118.257181808799999, 49.403461116599999 ], [ -118.257339817499997, 49.4036094967 ], [ -118.257549304, 49.403727661399998 ], [ -118.257767176100003, 49.403837882300003 ], [ -118.2579887407, 49.403944927700003 ], [ -118.258206698400002, 49.404055063100003 ], [ -118.258412737100002, 49.404174481 ], [ -118.258600016900004, 49.404306465499999 ], [ -118.258632200500003, 49.4043341207 ], [ -118.258766745700001, 49.4044497294 ], [ -118.258908600200002, 49.4046040351 ], [ -118.259012512300004, 49.4047703277 ], [ -118.259068254, 49.404946497799997 ], [ -118.259098596100003, 49.405125452900002 ], [ -118.2591400644, 49.405303151399998 ], [ -118.259198547899999, 49.405479001899998 ], [ -118.259256729300006, 49.405654839699999 ], [ -118.259325122700005, 49.405829092700003 ], [ -118.259417328500007, 49.405998554500002 ], [ -118.259543415099998, 49.406158371499998 ], [ -118.259700556200002, 49.406306240500001 ], [ -118.259874718600003, 49.406445717 ], [ -118.260054646100002, 49.406582049199997 ], [ -118.260230522399993, 49.406720570600001 ], [ -118.260391411900002, 49.406866598 ], [ -118.260524287099997, 49.407024048700002 ], [ -118.260623848, 49.407191818599998 ], [ -118.260699064500002, 49.407364911800002 ], [ -118.260756571499996, 49.407540853199997 ], [ -118.260801926699997, 49.407718303599999 ], [ -118.260840552100007, 49.407896402699997 ], [ -118.2608779949, 49.408074616 ], [ -118.260914703799997, 49.408252912400002 ], [ -118.260941053300002, 49.408431941099998 ], [ -118.260950921399996, 49.408611697700003 ], [ -118.260944169599995, 49.408791520299999 ], [ -118.260922182, 49.408970838599998 ], [ -118.2608899576, 49.409149495 ], [ -118.260851371200005, 49.409327595400001 ], [ -118.260809522200006, 49.409505407499999 ], [ -118.260767540499998, 49.409683182899997 ], [ -118.260728610900003, 49.409861258600003 ], [ -118.260696017100003, 49.410039879300001 ], [ -118.260671448599993, 49.4102190483 ], [ -118.260653913599995, 49.410398567900003 ], [ -118.260645239799999, 49.410578361 ], [ -118.260650235300005, 49.410758256299999 ], [ -118.260677719399993, 49.410937212 ], [ -118.260745781500006, 49.411111121200001 ], [ -118.260850345400002, 49.411277863 ], [ -118.260943944299996, 49.4114467964 ], [ -118.261010081600006, 49.4116215357 ], [ -118.2610675313, 49.411797525600001 ], [ -118.261105948799994, 49.4119758979 ], [ -118.261093374400005, 49.412155003400002 ], [ -118.260986908800007, 49.412319309899999 ], [ -118.260835167400003, 49.412469280499998 ], [ -118.260718830100004, 49.412633295200003 ], [ -118.260628423300005, 49.412801034200001 ], [ -118.260654462199994, 49.412893348899999 ], [ -118.260678045700004, 49.4129769424 ], [ -118.260858568200007, 49.413111049599998 ], [ -118.261108102099996, 49.413191431 ], [ -118.261365327700005, 49.413256459 ], [ -118.261628325299995, 49.413310467700001 ], [ -118.261896608200004, 49.413351982800002 ], [ -118.262169425600007, 49.413377719 ], [ -118.262444814199995, 49.413381135800002 ], [ -118.262719900899995, 49.413367376899998 ], [ -118.262994757900003, 49.413352921799998 ], [ -118.263269997699993, 49.4133427027 ], [ -118.263544685, 49.413355489499999 ], [ -118.263601632800004, 49.413364505499999 ], [ -118.2638127588, 49.413397926099996 ], [ -118.264066896900005, 49.413467586899998 ], [ -118.264294109100007, 49.413568736400002 ], [ -118.264493717099995, 49.413693288200001 ], [ -118.264686883300001, 49.4138216411 ], [ -118.264872496199999, 49.413954638900002 ], [ -118.265052078699995, 49.414091132499998 ], [ -118.265227466799999, 49.414229923 ], [ -118.265400554600006, 49.414369960400002 ], [ -118.265573208899994, 49.414510192599998 ], [ -118.265747353, 49.414649644100002 ], [ -118.265924879500005, 49.414787273800002 ], [ -118.265995502799996, 49.414840029399997 ], [ -118.268448940300004, 49.4163521049 ], [ -118.268521000700005, 49.416386586199998 ], [ -118.268741294700007, 49.416494750600002 ], [ -118.2689591611, 49.416605003599997 ], [ -118.269176255700003, 49.416715897700001 ], [ -118.269393403, 49.416826731699999 ], [ -118.269610032200006, 49.416938016899998 ], [ -118.269825701499997, 49.417050074599999 ], [ -118.270040069299995, 49.417163206200001 ], [ -118.2702545824, 49.417276221 ], [ -118.270473043400003, 49.417385942599999 ], [ -118.270692922, 49.417494570400002 ], [ -118.270900034199997, 49.417613480299998 ], [ -118.271070446600007, 49.417754355100001 ], [ -118.271170751, 49.417921102400001 ], [ -118.2711966002, 49.4180453241 ], [ -118.271207978700005, 49.4180999696 ], [ -118.271242727900002, 49.418278333300002 ], [ -118.271301910800005, 49.4184540113 ], [ -118.27137096, 49.418628196199997 ], [ -118.271440357700001, 49.4188022883 ], [ -118.271519662200006, 49.418974564199999 ], [ -118.271615984, 49.4191431072 ], [ -118.271736636499995, 49.419304793199998 ], [ -118.271884881199995, 49.419456452 ], [ -118.2720561995, 49.419597434300002 ], [ -118.272245242300002, 49.419728406899999 ], [ -118.272450102600004, 49.419848762400001 ], [ -118.272668960600001, 49.4199581986 ], [ -118.272896105300006, 49.4200601987 ], [ -118.273043578, 49.4201250578 ], [ -118.270712214499994, 49.421907789199999 ], [ -118.265584981399996, 49.421985355099999 ], [ -118.265638737200007, 49.4220384487 ], [ -118.261480010300005, 49.422477702 ], [ -118.260836956099993, 49.423260895799999 ], [ -118.261198732699995, 49.426486578599999 ], [ -118.261181727, 49.429109036 ], [ -118.2603351132, 49.431515940700002 ], [ -118.257931803, 49.434175438600001 ], [ -118.257637221099998, 49.4357349402 ], [ -118.256414701599994, 49.436923247899998 ], [ -118.255933961, 49.4398424404 ], [ -118.255930273199994, 49.439864696500003 ], [ -118.253749697100005, 49.442410526099998 ], [ -118.253769799400004, 49.443437031400002 ], [ -118.252833195299999, 49.444493549199997 ], [ -118.253461958100004, 49.445197614 ], [ -118.255574285899996, 49.446311636899999 ], [ -118.257049073700003, 49.4477066173 ], [ -118.259616613800006, 49.448935827200003 ], [ -118.260667302200005, 49.450074482200002 ], [ -118.263901250700002, 49.453578720400003 ], [ -118.267097576899999, 49.455954109 ], [ -118.268013016200001, 49.457411489899997 ], [ -118.270125584100001, 49.4589676027 ], [ -118.273140085799994, 49.46173919 ], [ -118.275167648500002, 49.464720506399999 ], [ -118.276699228699997, 49.466639989800001 ], [ -118.277854091899997, 49.467340708599998 ], [ -118.280114177100003, 49.4668912992 ], [ -118.281790310399998, 49.466804719099997 ], [ -118.282727646599994, 49.467960950600002 ], [ -118.283195830799997, 49.470530520099999 ], [ -118.280161867100006, 49.475142491100002 ], [ -118.280448255500005, 49.477002296099997 ], [ -118.281763696100001, 49.478492479099998 ], [ -118.283142769700007, 49.4795221165 ], [ -118.284549902699993, 49.480592832500001 ], [ -118.285424205499993, 49.483094891 ], [ -118.285675892900002, 49.484792674799998 ], [ -118.287215735900006, 49.486611830599998 ], [ -118.287677451299999, 49.488839303799999 ], [ -118.287362340499996, 49.494904997100001 ], [ -118.285320407200004, 49.497657530399998 ], [ -118.283502541499999, 49.499411264099997 ], [ -118.283349849700002, 49.499643047 ], [ -118.277464732699997, 49.508576839200003 ], [ -118.276288436399994, 49.511497352100001 ], [ -118.275791722400001, 49.511984741399999 ], [ -118.275936210799998, 49.512352832200001 ], [ -118.275722576099994, 49.517811458300002 ], [ -118.273553105199994, 49.524898104 ], [ -118.265431631300004, 49.529349530099999 ], [ -118.264371557299995, 49.533786640499997 ], [ -118.260813790699999, 49.535824060499998 ], [ -118.260267643600002, 49.536574633199997 ], [ -118.261471849200007, 49.539239520499997 ], [ -118.260658428699998, 49.542486166099998 ], [ -118.260047669200006, 49.546365382700003 ], [ -118.261153773, 49.549552275300002 ], [ -118.260544260700001, 49.550543266799998 ], [ -118.255039455200006, 49.552539725 ], [ -118.252656833, 49.552692914300003 ], [ -118.251052525700004, 49.5523258172 ], [ -118.246063662400005, 49.558311508099997 ], [ -118.2448774689, 49.561566829500002 ], [ -118.2448899635, 49.563587375399997 ], [ -118.245498190199996, 49.565930207800001 ], [ -118.246688461900007, 49.5683526977 ], [ -118.2473246749, 49.570959042799998 ], [ -118.247133845099995, 49.573235830199998 ], [ -118.247448538499995, 49.574478306499998 ], [ -118.248050952599996, 49.575588814900001 ], [ -118.2481556961, 49.5762992772 ], [ -118.249438061099994, 49.578300716299999 ], [ -118.250172137600003, 49.5819406333 ], [ -118.250114960299996, 49.583635862199998 ], [ -118.250464197300005, 49.585930007499996 ], [ -118.250487768200003, 49.585936508 ], [ -118.251928421499997, 49.593245875599997 ], [ -118.251760449599999, 49.594431374599999 ], [ -118.250347686, 49.604399820600001 ], [ -118.252341352599998, 49.607663664199997 ], [ -118.253904384799995, 49.610222092800001 ], [ -118.253419121700006, 49.611526182799999 ], [ -118.253558240299995, 49.613728156599997 ], [ -118.254651175800007, 49.617553362499997 ], [ -118.254432892300002, 49.618897250800003 ], [ -118.253379884200001, 49.62067861 ], [ -118.246011365200005, 49.6287139035 ], [ -118.243561232800005, 49.631661193600003 ], [ -118.243279754699998, 49.632579739100002 ], [ -118.243300106800007, 49.632652530400001 ], [ -118.241893361899997, 49.636160324199999 ], [ -118.245739188599998, 49.646755720599998 ], [ -118.246775708300007, 49.648136890099998 ], [ -118.246885074100007, 49.649160696499997 ], [ -118.247557264199997, 49.649180639 ], [ -118.252989854399999, 49.656420914100003 ], [ -118.257732738, 49.656829062500002 ], [ -118.2608111415, 49.657099723100004 ], [ -118.275443703899995, 49.658384978500003 ], [ -118.274372059300006, 49.665323452499997 ], [ -118.275085628200003, 49.667233998100002 ], [ -118.278867715499999, 49.669808720600003 ], [ -118.279373439699995, 49.670891208699999 ], [ -118.277906179, 49.673863589900002 ], [ -118.278568212799996, 49.678975642399998 ], [ -118.279152703700007, 49.6798392806 ], [ -118.279233330099999, 49.680405277699997 ], [ -118.280776833600001, 49.682909031500003 ], [ -118.280370040899996, 49.689235317600001 ], [ -118.280930838, 49.694867692400003 ], [ -118.280543735400002, 49.697089398899998 ], [ -118.279515530200001, 49.698365311899998 ], [ -118.277076761, 49.697344762199997 ], [ -118.276028325, 49.698479156799998 ], [ -118.275476628299998, 49.700011464900001 ], [ -118.274943163800003, 49.7051467581 ], [ -118.273808731499997, 49.7086129574 ], [ -118.273911270699998, 49.710105514600002 ], [ -118.275506440300006, 49.712349605299998 ], [ -118.275459127, 49.714179565599999 ], [ -118.276642263599996, 49.714921454100001 ], [ -118.278814998, 49.714447749199998 ], [ -118.2809707933, 49.714616972 ], [ -118.281734778599997, 49.714963161699998 ], [ -118.283234394, 49.716841866199999 ], [ -118.283197946399994, 49.718128795699997 ], [ -118.282433609099996, 49.718789267 ], [ -118.281051474099996, 49.724683231299998 ], [ -118.282335432400004, 49.7273602426 ], [ -118.284209121299995, 49.730236973799997 ], [ -118.285307946800003, 49.733345998700003 ], [ -118.285611741099999, 49.734204704500002 ], [ -118.284797708900001, 49.742380427699999 ], [ -118.285319699400006, 49.743261051300003 ], [ -118.286631661599998, 49.743744031399999 ], [ -118.288852217, 49.743893094400001 ], [ -118.291288597800005, 49.744471085500003 ], [ -118.293265050800002, 49.744149840299997 ], [ -118.295729432499996, 49.744768813199997 ], [ -118.298922112599996, 49.747239868900003 ], [ -118.301303431099996, 49.750188298499999 ], [ -118.301110293400001, 49.750257461099999 ], [ -118.300632591500005, 49.750428568300002 ], [ -118.300147114500007, 49.751498910099997 ], [ -118.299808883200001, 49.7526743779 ], [ -118.297435368500004, 49.753645163500003 ], [ -118.295844558599995, 49.754540072200001 ], [ -118.292009428, 49.755927087499998 ], [ -118.289610201599999, 49.757640862499997 ], [ -118.287686981299998, 49.759832009599997 ], [ -118.287650407599997, 49.761117418 ], [ -118.2888469464, 49.763325843799997 ], [ -118.292730786600004, 49.765697990699998 ], [ -118.294848099099994, 49.765582207400001 ], [ -118.2974201034, 49.766023419100001 ], [ -118.298426571099995, 49.765833115100001 ], [ -118.299106513, 49.766276336399997 ], [ -118.289941112199998, 49.775999138800003 ], [ -118.287254022900001, 49.778846612599999 ], [ -118.286728201399995, 49.782082102799997 ], [ -118.287210989399995, 49.787577312899998 ], [ -118.288269333800002, 49.791022825699997 ], [ -118.290309708600006, 49.794016718599998 ], [ -118.2939520794, 49.795130756699997 ], [ -118.296837174399997, 49.795578727500001 ], [ -118.306265330700001, 49.7957182926 ], [ -118.306783914899995, 49.796256131100002 ], [ -118.305396379100003, 49.7973365649 ], [ -118.303438920199994, 49.798137559200001 ], [ -118.302559703399993, 49.799073491 ], [ -118.301572178800001, 49.805747819099999 ], [ -118.302884595899997, 49.808116950699997 ], [ -118.304909955300005, 49.808860725599999 ], [ -118.309823608200006, 49.8096099013 ], [ -118.311038803900004, 49.810389615699997 ], [ -118.312194417900002, 49.81230454 ], [ -118.3117029573, 49.812306540900003 ], [ -118.308096656199993, 49.812320933099997 ], [ -118.304574568700005, 49.812334878599998 ], [ -118.305186813, 49.814635597200002 ], [ -118.306559113500001, 49.8159456777 ], [ -118.306675298800002, 49.815977412599999 ], [ -118.307114234799997, 49.817634877700002 ], [ -118.309347188399997, 49.820279567599997 ], [ -118.312086275200002, 49.823523208600001 ], [ -118.312226584800001, 49.823689314299997 ], [ -118.324587196400003, 49.830604410900001 ], [ -118.346127414500003, 49.824608630500002 ], [ -118.358374461300002, 49.824854170800002 ], [ -118.366448296300007, 49.823350831699997 ], [ -118.368193548299999, 49.823712040499998 ], [ -118.370420736599996, 49.823858806700002 ], [ -118.372387742, 49.823736212 ], [ -118.374408710500006, 49.824580665399999 ], [ -118.3764248775, 49.827193938699999 ], [ -118.377819475199999, 49.830230717399999 ], [ -118.378463974699997, 49.834169455900003 ], [ -118.378884778900002, 49.8350061907 ], [ -118.379953667199999, 49.836123664 ], [ -118.381428258400007, 49.838499570700002 ], [ -118.381208051200005, 49.841507774299998 ], [ -118.381712824499999, 49.850125596 ], [ -118.381043816399995, 49.854587621599997 ], [ -118.379301250699996, 49.856705442500001 ], [ -118.378595478199998, 49.859116180199997 ], [ -118.379686556400003, 49.865038622 ], [ -118.380519646899998, 49.8674758943 ], [ -118.3834492063, 49.869975939 ], [ -118.3844836321, 49.871152760299999 ], [ -118.384235376399999, 49.871567383699997 ], [ -118.381190065400006, 49.8718957942 ], [ -118.378658858799994, 49.872863522 ], [ -118.374841522799997, 49.873952433100001 ], [ -118.372800350399999, 49.8737483082 ], [ -118.370009281099996, 49.874003799900002 ], [ -118.368467579799997, 49.8746399053 ], [ -118.365251366099997, 49.877717661699997 ], [ -118.360848418200007, 49.880617979500002 ], [ -118.359330170199996, 49.882621983299998 ], [ -118.359876086200003, 49.884085935 ], [ -118.358291071500005, 49.886992602500001 ], [ -118.355634142699998, 49.889222857599997 ], [ -118.353887318399998, 49.8917827589 ], [ -118.353854546099996, 49.893068350500002 ], [ -118.353587898800001, 49.894567933799998 ], [ -118.355226861, 49.894294886499999 ], [ -118.358904779300005, 49.894666226699997 ], [ -118.362103453, 49.897114869699998 ], [ -118.366872411599999, 49.901299588900002 ], [ -118.375338266200004, 49.9075450375 ], [ -118.376690395300002, 49.909073450699999 ], [ -118.377232126899997, 49.912306451399999 ], [ -118.376925926799998, 49.913081243500002 ], [ -118.377383634899999, 49.913637808899999 ], [ -118.387773747099999, 49.910805097500003 ], [ -118.391392200599995, 49.909865202900001 ], [ -118.3994469079, 49.908733806599997 ], [ -118.406935096699996, 49.908329842400001 ], [ -118.410303241, 49.909132747900003 ], [ -118.418702633899997, 49.913602828 ], [ -118.419358242100003, 49.914446500499999 ], [ -118.418914818499999, 49.916355645199999 ], [ -118.418595804800006, 49.9177603989 ], [ -118.420596372299997, 49.919326542199997 ], [ -118.420190132200005, 49.9225900275 ], [ -118.417392645, 49.927128261199996 ], [ -118.418431164899999, 49.931158333600003 ], [ -118.417362011, 49.932693775799997 ], [ -118.4160727716, 49.9338004524 ], [ -118.415359538499999, 49.936291221399998 ], [ -118.419185208499997, 49.942031771700002 ], [ -118.419717728600006, 49.944780840100002 ], [ -118.422303913199997, 49.947630645499999 ], [ -118.422523121500006, 49.949707241799999 ], [ -118.421757787399997, 49.951352484600001 ], [ -118.418932108099995, 49.9539807588 ], [ -118.419037150600005, 49.957983458100003 ], [ -118.420629342300003, 49.962150904799998 ], [ -118.419565005500004, 49.963143940599998 ], [ -118.418356231399997, 49.963688569200002 ], [ -118.415682929599996, 49.964888454300002 ], [ -118.413772464299996, 49.966953268300003 ], [ -118.415889798899997, 49.973044868099997 ], [ -118.417668948100001, 49.974056769800001 ], [ -118.424239068800006, 49.975117204699998 ], [ -118.42696457, 49.9764958616 ], [ -118.430669516400002, 49.979385724 ], [ -118.432041998, 49.979482587 ], [ -118.433899389700002, 49.978947686799998 ], [ -118.436734529199995, 49.977490817499998 ], [ -118.439737049100003, 49.976724395300003 ], [ -118.4424155759, 49.975263106500002 ], [ -118.443752453900004, 49.973744435500002 ], [ -118.446518585800007, 49.97363645 ], [ -118.448701526199997, 49.973794732199998 ], [ -118.456563644499994, 49.976270495100003 ], [ -118.459213453399997, 49.977114515700002 ], [ -118.4614184693, 49.9782038986 ], [ -118.470780976900002, 49.9844469915 ], [ -118.471973607799995, 49.985728206399997 ], [ -118.472977888399996, 49.9883914065 ], [ -118.470813924699996, 49.996290239499999 ], [ -118.471107354, 49.99770629 ], [ -118.473513388100002, 49.999525277899998 ], [ -118.473287280600005, 49.999640798400002 ], [ -118.471540747500001, 50.000532654700002 ], [ -118.468937729700002, 50.0007364087 ], [ -118.457209782600003, 50.0029600644 ], [ -118.452676015899996, 50.005117401699998 ], [ -118.450574971199998, 50.005718165300003 ], [ -118.449542060200002, 50.005767514799999 ], [ -118.446457501799998, 50.006600108199997 ], [ -118.444752665300001, 50.006447908699997 ], [ -118.442270778199997, 50.0053860947 ], [ -118.4397818188, 50.004424706499996 ], [ -118.436824515799998, 50.005220619500001 ], [ -118.434221746099993, 50.007636391 ], [ -118.431858827, 50.009295060600003 ], [ -118.433841189500001, 50.01381771 ], [ -118.435268182599998, 50.0157700229 ], [ -118.440738707799994, 50.018926254299998 ], [ -118.442824991799995, 50.0199715643 ], [ -118.448110882899996, 50.022615706499998 ], [ -118.454156126300006, 50.0242745758 ], [ -118.454865957699994, 50.023972186199998 ], [ -118.461472219499996, 50.025666545100002 ], [ -118.471846370700007, 50.026278483399999 ], [ -118.476515645700005, 50.026831271399999 ], [ -118.486700882099996, 50.029709940899998 ], [ -118.488042158300004, 50.029767273200001 ], [ -118.492080793599996, 50.030623722 ], [ -118.4958872184, 50.032579643399998 ], [ -118.495854796299994, 50.0336077475 ], [ -118.456941788500004, 50.033472584800002 ], [ -118.450628353900001, 50.033468785399997 ], [ -118.430661511899999, 50.033454034 ], [ -118.399760041500002, 50.033423324099999 ], [ -118.399409320700002, 50.042447036900001 ], [ -118.399342002300003, 50.04417851 ], [ -118.399076149799996, 50.0510149164 ], [ -118.3989872139, 50.053301064800003 ], [ -118.398871268400001, 50.0607040919 ], [ -118.39884944, 50.062097164800001 ], [ -118.398430237499994, 50.074724096700002 ], [ -118.398296176200006, 50.078761244600003 ], [ -118.388103658199995, 50.076998610700002 ], [ -118.383962937800007, 50.077174803200002 ], [ -118.382855716700007, 50.082101122200001 ], [ -118.378675940600004, 50.086463983800002 ], [ -118.378429047899999, 50.089704009400002 ], [ -118.375388140699997, 50.090500799799997 ], [ -118.369927366900001, 50.090463945700002 ], [ -118.349261520699997, 50.094570678399997 ], [ -118.345421342400002, 50.096662460399997 ], [ -118.340362983299997, 50.100296984099998 ], [ -118.338171857299997, 50.100722666199999 ], [ -118.328968033899997, 50.098634887 ], [ -118.322680871900005, 50.097772234799997 ], [ -118.315142653899997, 50.097796354300002 ], [ -118.309164506900004, 50.096480177300002 ], [ -118.3044331073, 50.095770688 ], [ -118.298460321099995, 50.095812351100001 ], [ -118.295960910600002, 50.096391154 ], [ -118.293523507200007, 50.0978152896 ], [ -118.291475070800004, 50.102382966699999 ], [ -118.291929909499999, 50.105475408399997 ], [ -118.294425320299993, 50.108145008599998 ], [ -118.294422876, 50.108373209600003 ], [ -118.295695649899997, 50.111121943100002 ], [ -118.295777630800004, 50.115519581500003 ], [ -118.295590725699995, 50.1161773758 ], [ -118.291394857100002, 50.131286618499999 ], [ -118.295610464099994, 50.133184376800003 ], [ -118.296013950499997, 50.1346828458 ], [ -118.284794459699995, 50.140181149500002 ], [ -118.2801490186, 50.143122975200001 ], [ -118.277531617899996, 50.146289878200001 ], [ -118.278186831799999, 50.156051651 ], [ -118.27516667, 50.157721965100002 ], [ -118.274045308400005, 50.157909242499997 ], [ -118.270168992500004, 50.160313797500002 ], [ -118.266001402300006, 50.162883372099998 ], [ -118.257863640400004, 50.165594776500001 ], [ -118.253750169400007, 50.1681007818 ], [ -118.252352252899996, 50.169099832400001 ], [ -118.256834886199997, 50.175332343 ], [ -118.261930076400006, 50.179115010300002 ], [ -118.263720909699998, 50.181421245 ], [ -118.259842474799996, 50.183057189700001 ], [ -118.252847797499996, 50.188656447699998 ], [ -118.252472684699995, 50.190236180399999 ], [ -118.249270175199996, 50.191947523400003 ], [ -118.243204920699995, 50.193131508100002 ], [ -118.239123081599999, 50.196296636299998 ], [ -118.240727017699996, 50.201067077099999 ], [ -118.2394104774, 50.2049223028 ], [ -118.236925240100007, 50.206161882799996 ], [ -118.237190583300006, 50.206866283899998 ], [ -118.237218315899995, 50.206939920899998 ], [ -118.2387161491, 50.210857153900001 ], [ -118.248380050199998, 50.218453765500001 ], [ -118.248471266699994, 50.221891886199998 ], [ -118.253382682600005, 50.222631105600001 ], [ -118.258168905100007, 50.226209158800003 ], [ -118.265649716699997, 50.2444876299 ], [ -118.263534952800001, 50.246546458700003 ], [ -118.263571337499997, 50.248401694199998 ], [ -118.266909442300005, 50.249981759800001 ], [ -118.271062187400005, 50.251947093299997 ], [ -118.271390467200007, 50.253320495899999 ], [ -118.269156746299998, 50.257012636100001 ], [ -118.269406086900005, 50.259474365099997 ], [ -118.274286764300001, 50.268893597 ], [ -118.276062478399993, 50.278655605899999 ], [ -118.272444642500005, 50.287268221 ], [ -118.269292403700007, 50.294750214799997 ], [ -118.264459205600005, 50.297701985300002 ], [ -118.263427354499996, 50.300123892199998 ], [ -118.268861877700004, 50.305522704200001 ], [ -118.267886314600005, 50.3095284081 ], [ -118.2694549685, 50.313885299100001 ], [ -118.267178154500002, 50.318122523500001 ], [ -118.255251228099993, 50.325589362199999 ], [ -118.258967556599998, 50.326404545 ], [ -118.261415705499999, 50.328113564399999 ], [ -118.261607264600002, 50.330192298 ], [ -118.259487804, 50.332251655599997 ], [ -118.260106979499994, 50.334343485200002 ], [ -118.263721216199997, 50.337123844 ], [ -118.272401043299993, 50.3393354018 ], [ -118.275457863300005, 50.339803159299997 ], [ -118.283079790100004, 50.338969796400001 ], [ -118.288193458500004, 50.3372425564 ], [ -118.302666227700001, 50.337801973700003 ], [ -118.308284641399993, 50.336197646599999 ], [ -118.312586706499999, 50.3372457794 ], [ -118.312687014199994, 50.337312245500001 ], [ -118.316198507899998, 50.339639962299998 ], [ -118.317664393399994, 50.340611517 ], [ -118.322259105, 50.3416449176 ], [ -118.322648870699993, 50.341732565599997 ], [ -118.327650125900007, 50.344986412399997 ], [ -118.327728914, 50.348698064899999 ], [ -118.326894034800006, 50.351999961300002 ], [ -118.321162046500007, 50.357711699399999 ], [ -118.317393618799997, 50.361465833300002 ], [ -118.310744894600006, 50.371132266899998 ], [ -118.304456380800005, 50.375152863899999 ], [ -118.302212218600005, 50.376587377500002 ], [ -118.301374651, 50.379889377300003 ], [ -118.291672111899999, 50.386070094700003 ], [ -118.2858031146, 50.387840792299997 ], [ -118.282084676099998, 50.392415226899999 ], [ -118.278163950099994, 50.392170153499997 ], [ -118.269946389599994, 50.393256952900003 ], [ -118.263802756700002, 50.395236025300001 ], [ -118.256500509099993, 50.395531149100002 ], [ -118.254747558600002, 50.397220796699997 ], [ -118.254668049299994, 50.398309548199997 ], [ -118.255836768600005, 50.398780007 ], [ -118.263055502699999, 50.398869672899998 ], [ -118.276976303599994, 50.401335547199999 ], [ -118.274791444200005, 50.4066141347 ], [ -118.271439270299993, 50.411418779500003 ], [ -118.269915900900003, 50.415845280200003 ], [ -118.272949107700001, 50.421393441100001 ], [ -118.271229025400004, 50.427341937 ], [ -118.270115036, 50.4308539134 ], [ -118.272566249, 50.434965846799997 ], [ -118.269744024900007, 50.436018970600003 ], [ -118.267585634400007, 50.436218543400003 ], [ -118.262812978100001, 50.434734551299996 ], [ -118.257620570900002, 50.43537717 ], [ -118.241606487400006, 50.435149318299999 ], [ -118.2366169087, 50.434261257199999 ], [ -118.236605439599998, 50.4341860185 ], [ -118.229828661900001, 50.433728246500003 ], [ -118.226812882, 50.433980267700001 ], [ -118.224995864500002, 50.434427113 ], [ -118.212050162099999, 50.439415556900002 ], [ -118.211162514500003, 50.442560791399998 ], [ -118.204475993800003, 50.4513038431 ], [ -118.204557228200002, 50.457437593500003 ], [ -118.204601927, 50.459550436299999 ], [ -118.204903102200007, 50.4611638063 ], [ -118.2051226958, 50.462340310199998 ], [ -118.204302931800001, 50.464334258299999 ], [ -118.207683056700006, 50.4641293285 ], [ -118.219600975800006, 50.4694534072 ], [ -118.220633925200005, 50.471145071199999 ], [ -118.218099537900002, 50.476341602300003 ], [ -118.213809099700001, 50.478296214499998 ], [ -118.208270010600003, 50.479106666200003 ], [ -118.205510318500004, 50.4782450716 ], [ -118.199595292300003, 50.476397937199998 ], [ -118.193551046899998, 50.474326333699999 ], [ -118.192162692099998, 50.474648502800001 ], [ -118.189429470199997, 50.481073907300001 ], [ -118.184462629799995, 50.484391247 ], [ -118.180144986100004, 50.4886601619 ], [ -118.176069239100002, 50.493116777200001 ], [ -118.177495210100005, 50.499666487200003 ], [ -118.177530101499997, 50.499826743299998 ], [ -118.185602230699999, 50.500663487700002 ], [ -118.195639932899994, 50.508935340800001 ], [ -118.195762390799999, 50.508989479500002 ], [ -118.200956397, 50.510994663600002 ], [ -118.202075790099997, 50.511803812700002 ], [ -118.202904507599996, 50.512831924499999 ], [ -118.203127912300005, 50.513902138 ], [ -118.2036154444, 50.514816474600003 ], [ -118.20454421, 50.515897664599997 ], [ -118.205017179799995, 50.517370862200004 ], [ -118.204875305599998, 50.518498919 ], [ -118.204230926799994, 50.519271912900003 ], [ -118.203602611600004, 50.519549185800003 ], [ -118.201731239300003, 50.519795955200003 ], [ -118.200132764599999, 50.520228441299999 ], [ -118.199590389400001, 50.520558797500001 ], [ -118.198848475, 50.521386868299999 ], [ -118.197755090399994, 50.522272878099997 ], [ -118.195870741700006, 50.523140754800004 ], [ -118.1951673505, 50.523613475200001 ], [ -118.196612493299995, 50.526688592900001 ], [ -118.205750969500002, 50.533659228600001 ], [ -118.215304287, 50.5380676435 ], [ -118.212075803499999, 50.542698299100003 ], [ -118.209993002900006, 50.543501919100002 ], [ -118.208692435200007, 50.545108280299999 ], [ -118.209932414799994, 50.547244166900001 ], [ -118.209426188799995, 50.548006969799999 ], [ -118.204861244, 50.548703844599999 ], [ -118.204165268200001, 50.549191196800003 ], [ -118.2041551433, 50.5505087043 ], [ -118.203880454200004, 50.551608206700003 ], [ -118.201117335800006, 50.552091325600003 ], [ -118.198431362799994, 50.5521877483 ], [ -118.189999182899996, 50.5494441321 ], [ -118.187847675200004, 50.549317538799997 ], [ -118.182508556499997, 50.550887187800001 ], [ -118.1796639258, 50.553582632500003 ], [ -118.1787600575, 50.557267902100001 ], [ -118.180094925399999, 50.559377355099997 ], [ -118.17993936, 50.560151179599998 ], [ -118.175304306, 50.561413268400003 ], [ -118.173311644899997, 50.564015753299998 ], [ -118.170713432100001, 50.568905231700001 ], [ -118.169524050700005, 50.569676316 ], [ -118.169878920100004, 50.570526396 ], [ -118.175533286100006, 50.574422919500002 ], [ -118.177742702299994, 50.580304723700003 ], [ -118.176078829600002, 50.581719834099999 ], [ -118.170662455, 50.583017358900001 ], [ -118.167886214, 50.584816593399999 ], [ -118.168229942, 50.586984367699998 ], [ -118.163322324299997, 50.5898543506 ], [ -118.163551011500005, 50.590520713799997 ], [ -118.168246393499999, 50.594686182700002 ], [ -118.167040738, 50.5997702369 ], [ -118.167374404900002, 50.605592541100002 ], [ -118.168276322300002, 50.606071069599999 ], [ -118.1676337201, 50.607638326500002 ], [ -118.1641580748, 50.609924757800002 ], [ -118.162694161100006, 50.611465928 ], [ -118.166189366899999, 50.615383151800003 ], [ -118.171354527800005, 50.617228085199997 ], [ -118.174495576, 50.620294898799997 ], [ -118.178106141200004, 50.623376787 ], [ -118.179614761899998, 50.629236971700003 ], [ -118.180759951599995, 50.635235450800003 ], [ -118.184104037699996, 50.635763144199998 ], [ -118.186322537400002, 50.635655631399999 ], [ -118.192282951899998, 50.633993966399998 ], [ -118.195981229099999, 50.634203542100003 ], [ -118.197805559399995, 50.635520076 ], [ -118.198705014799998, 50.637825559 ], [ -118.200180190899999, 50.638801396 ], [ -118.201258839900007, 50.640034114199999 ], [ -118.199236830499999, 50.644763992599998 ], [ -118.199803104500006, 50.647418441100001 ], [ -118.202305371199998, 50.6508835148 ], [ -118.205306065800002, 50.6534058616 ], [ -118.206326285700001, 50.655385668699999 ], [ -118.201601205599999, 50.6573655686 ], [ -118.201115590399993, 50.657362933500004 ], [ -118.195714651900005, 50.657333490100001 ], [ -118.1880068464, 50.659489765799997 ], [ -118.182872842400002, 50.663043495700002 ], [ -118.176684125400001, 50.664737207599998 ], [ -118.170737514400003, 50.665450117 ], [ -118.172646829599998, 50.666889845199997 ], [ -118.174942493399996, 50.669390471 ], [ -118.178616876199996, 50.6717258778 ], [ -118.184017715500005, 50.673068845800003 ], [ -118.192895309, 50.673296771300002 ], [ -118.196364769, 50.674666475199999 ], [ -118.1990358515, 50.674214138700002 ], [ -118.2039705129, 50.676708902900003 ], [ -118.210368528700002, 50.679160554600003 ], [ -118.213479714399995, 50.680009073100003 ], [ -118.214585521499998, 50.682111486700002 ], [ -118.213513509500004, 50.682557621900003 ], [ -118.207280281199999, 50.690281615400004 ], [ -118.207317147599994, 50.6902912308 ], [ -118.203871223500002, 50.695800561299997 ], [ -118.203800484499993, 50.695799748799999 ], [ -118.200662972299995, 50.698946465100001 ], [ -118.204433662100001, 50.705112292599999 ], [ -118.205930729, 50.708649712300002 ], [ -118.207062083099999, 50.711201619 ], [ -118.208863796599999, 50.713368687200003 ], [ -118.206660491099996, 50.719914890799998 ], [ -118.207520917, 50.7234323948 ], [ -118.207175439500006, 50.724517362199997 ], [ -118.208411864, 50.728127930799999 ], [ -118.209831375799993, 50.7295119379 ], [ -118.208509154400005, 50.732352074300003 ], [ -118.205933203, 50.735639841900003 ], [ -118.205853689799994, 50.738925067399997 ], [ -118.2138751918, 50.739947709200003 ], [ -118.217817541299993, 50.740923473400002 ], [ -118.223163508900001, 50.7419023239 ], [ -118.226947053499998, 50.743381114400002 ], [ -118.227028130400001, 50.743444501399999 ], [ -118.228484501899999, 50.744583148700002 ], [ -118.235340697400005, 50.749942240400003 ], [ -118.241897692600006, 50.755192842699998 ], [ -118.248455063500003, 50.766900276 ], [ -118.248160967399997, 50.767836870499998 ], [ -118.248890939899994, 50.769781237799997 ], [ -118.248296657799997, 50.771630786199999 ], [ -118.247612877600005, 50.773802446399998 ], [ -118.248813079100003, 50.776438683499997 ], [ -118.252270818, 50.782109527099998 ], [ -118.255628848399994, 50.783350935900003 ], [ -118.261451032500005, 50.784993555699998 ], [ -118.263176146, 50.787483501600001 ], [ -118.263834403299995, 50.788884582100003 ], [ -118.263838006200004, 50.790468512399997 ], [ -118.262598777199997, 50.7931918345 ], [ -118.260840136799999, 50.796406807700002 ], [ -118.261182554200005, 50.799382028099998 ], [ -118.266302736, 50.806769202200002 ], [ -118.267735316, 50.809737548699999 ], [ -118.267957142599997, 50.813440185899999 ], [ -118.2637548509, 50.815504133700003 ], [ -118.258780941200001, 50.817584824 ], [ -118.2585124979, 50.818551297299997 ], [ -118.261270944100005, 50.820951671499998 ], [ -118.264339083199999, 50.822671144899999 ], [ -118.267454743100004, 50.823782841800003 ], [ -118.270664181200004, 50.823679173099997 ], [ -118.272715261100004, 50.822808802499999 ], [ -118.276019649800006, 50.823966670899999 ], [ -118.272080360100006, 50.832496775199999 ], [ -118.270983298199994, 50.833397271300001 ], [ -118.268366921699993, 50.838536069299998 ], [ -118.268354795799993, 50.840322832299996 ], [ -118.269816326300003, 50.841302109899999 ], [ -118.271660268299996, 50.8414809529 ], [ -118.273618817, 50.844303204500001 ], [ -118.277339036499995, 50.846732932400002 ], [ -118.282944968, 50.847149378499999 ], [ -118.284684826399996, 50.847852705599998 ], [ -118.286304282399996, 50.849283359200001 ], [ -118.287058240299999, 50.851946625499998 ], [ -118.287696976600003, 50.854443879400002 ], [ -118.290060947200004, 50.857846972600001 ], [ -118.290343747600005, 50.859155432100003 ], [ -118.292876125099994, 50.8612232515 ], [ -118.293069695200003, 50.862853936 ], [ -118.294281614699997, 50.864402908599999 ], [ -118.294471017199996, 50.864643718499998 ], [ -118.294642573700003, 50.866682734100003 ], [ -118.293255632500006, 50.869853867499998 ], [ -118.290691374700003, 50.872460828800001 ], [ -118.282229991799994, 50.878509875100001 ], [ -118.276037389300001, 50.8790575389 ], [ -118.273418730200007, 50.879792338100003 ], [ -118.270477195, 50.881411679099998 ], [ -118.266121058899998, 50.8845020519 ], [ -118.2661317365, 50.888730183699998 ], [ -118.268615290300005, 50.893472167200002 ], [ -118.270597660799993, 50.894018812399999 ], [ -118.276095231400006, 50.895786172599998 ], [ -118.278412475099998, 50.895943988 ], [ -118.280909615, 50.895458146300001 ], [ -118.281847423399995, 50.894313965800002 ], [ -118.281858625400005, 50.892736442199997 ], [ -118.283056254200005, 50.8908314918 ], [ -118.285033462900003, 50.889599031499998 ], [ -118.287408858199996, 50.889839846500003 ], [ -118.291074867199995, 50.890123059700002 ], [ -118.293852361700004, 50.889362179 ], [ -118.296910904499995, 50.888326590799998 ], [ -118.299946897200002, 50.888385649500002 ], [ -118.303791631799996, 50.888024533 ], [ -118.307420160800007, 50.887128789899997 ], [ -118.309810780800007, 50.887166459200003 ], [ -118.314426713100005, 50.888367579099999 ], [ -118.314633469, 50.888419946299997 ], [ -118.313882472399996, 50.891781955100001 ], [ -118.314545444700002, 50.896032833299998 ], [ -118.318678055299998, 50.899414108499997 ], [ -118.319570605300001, 50.901334246600001 ], [ -118.318598971599997, 50.9032789161 ], [ -118.314444208, 50.904915968099999 ], [ -118.3150316925, 50.907512467799997 ], [ -118.314902236500004, 50.908435416700001 ], [ -118.316965538199995, 50.912888471599999 ], [ -118.319646067700006, 50.914555253300001 ], [ -118.321765834499999, 50.917316445700003 ], [ -118.323489876, 50.918412444 ], [ -118.323856648800003, 50.919591923799999 ], [ -118.323612282699997, 50.921236793 ], [ -118.323440491200003, 50.922763060100003 ], [ -118.325034387700001, 50.924783628100002 ], [ -118.325013293300003, 50.924783462599997 ], [ -118.325784552499996, 50.926113171200001 ], [ -118.3259823832, 50.927627811199997 ], [ -118.325472623, 50.928799242399997 ], [ -118.322370685, 50.929948857600003 ], [ -118.320688619500004, 50.930559712300003 ], [ -118.319674502799998, 50.931232275100001 ], [ -118.321120993899996, 50.932300395 ], [ -118.323793042299997, 50.932777978 ], [ -118.325276240099996, 50.933786675500002 ], [ -118.326450597, 50.935470874400004 ], [ -118.327674333199994, 50.937337619200001 ], [ -118.329743712099997, 50.939409881800003 ], [ -118.330259444500001, 50.940149276 ], [ -118.329383231, 50.942697801199998 ], [ -118.329621541899996, 50.943710769900001 ], [ -118.331143579200003, 50.945445263400003 ], [ -118.332879017600007, 50.947709163399999 ], [ -118.333843977499996, 50.948421136 ], [ -118.334546511599996, 50.948654520799998 ], [ -118.335367289399997, 50.948927121200001 ], [ -118.338397968600006, 50.948464964899998 ], [ -118.339699117899997, 50.948541102599997 ], [ -118.340267736499996, 50.949020317600002 ], [ -118.339992294300004, 50.950862885799999 ], [ -118.341183789, 50.9523462306 ], [ -118.343450836700001, 50.953134766600002 ], [ -118.343570931599999, 50.953134260799999 ], [ -118.353350064099999, 50.963357152900002 ], [ -118.353521511, 50.968680745100002 ], [ -118.353534848199999, 50.969094444299998 ], [ -118.353594595399997, 50.970949887 ], [ -118.353720466300004, 50.974501097900003 ], [ -118.351392383499999, 50.979951041100001 ], [ -118.354582522399994, 50.987373290500003 ], [ -118.352565276899995, 50.9941214133 ], [ -118.345930072599998, 50.998786404 ], [ -118.346612229200005, 50.999492084400003 ], [ -118.350149747200007, 51.003150956299997 ], [ -118.3542815773, 51.004273859599998 ], [ -118.360926880600005, 51.008720860300002 ], [ -118.370317450499996, 51.008909559800003 ], [ -118.379714039800007, 51.006856063 ], [ -118.389104224199997, 51.0070430265 ], [ -118.393507511899998, 51.0031927223 ], [ -118.395528770300004, 51.002674337199998 ], [ -118.3993583946, 51.000265779800003 ], [ -118.400115194899996, 50.9998839195 ], [ -118.403550343800006, 50.998150492100002 ], [ -118.406164073300005, 50.997663489300002 ], [ -118.408292438100005, 50.998151693200001 ], [ -118.4099193128, 50.9998880825 ], [ -118.410085189599997, 51.000065129100001 ], [ -118.4121474377, 51.001804532400001 ], [ -118.415772011, 51.003549970800002 ], [ -118.419118111200007, 51.004781654600002 ], [ -118.421354785299997, 51.006940578200002 ], [ -118.421221511400006, 51.010132013499998 ], [ -118.422804662199994, 51.011987992900004 ], [ -118.422850862900006, 51.011987207300002 ], [ -118.425700533799997, 51.016247341400003 ], [ -118.422742750500007, 51.020221542400002 ], [ -118.420251135200004, 51.022061372300001 ], [ -118.421697059500005, 51.024328819099999 ], [ -118.425434000199999, 51.028341089 ], [ -118.429988596800001, 51.031360902800003 ], [ -118.428729378699998, 51.038392046699997 ], [ -118.430956543500002, 51.041443369200003 ], [ -118.43462552, 51.045570667200003 ], [ -118.435439695100001, 51.048015231 ], [ -118.433903516699999, 51.050352522 ], [ -118.434729721599993, 51.055179580100003 ], [ -118.423313672500001, 51.055109874700001 ], [ -118.422889594799997, 51.05665957 ], [ -118.420240334499994, 51.0589247439 ], [ -118.420363883600004, 51.061466716399998 ], [ -118.421136608799998, 51.062777758 ], [ -118.425668075700003, 51.064468715899999 ], [ -118.427792538700004, 51.0659743943 ], [ -118.429029788400001, 51.067728295499997 ], [ -118.430393041599999, 51.070305993700003 ], [ -118.432221628, 51.072467336800003 ], [ -118.437025104900002, 51.070448919900002 ], [ -118.439405063099997, 51.0701631588 ], [ -118.441473423900007, 51.072448300799998 ], [ -118.444752885499994, 51.075158213800002 ], [ -118.447935284099998, 51.0757942109 ], [ -118.449371395900002, 51.076537789500001 ], [ -118.452906322399997, 51.076596740399999 ], [ -118.4571737789, 51.075971655099998 ], [ -118.459251057299994, 51.076009623399997 ], [ -118.460968811200004, 51.078011028699997 ], [ -118.462757328799995, 51.079037778699998 ], [ -118.462671401500003, 51.087080334299998 ], [ -118.463516293400005, 51.089135192299999 ], [ -118.465263025699997, 51.090746815099997 ], [ -118.467376245599993, 51.091587128 ], [ -118.469954465100002, 51.091149542099998 ], [ -118.471278754699995, 51.090873014499998 ], [ -118.472532764799993, 51.092431584099998 ], [ -118.475830449, 51.0975239307 ], [ -118.481299006300006, 51.1018174608 ], [ -118.480610326499999, 51.108788853199997 ], [ -118.475593016299996, 51.112862301500002 ], [ -118.476023163799994, 51.114222013400003 ], [ -118.477743584699994, 51.117082795899996 ], [ -118.478082351099999, 51.119279609 ], [ -118.476306416300005, 51.122353366299997 ], [ -118.474516011099993, 51.124762598399997 ], [ -118.474318795900004, 51.126631800799998 ], [ -118.476391913800001, 51.128057074499999 ], [ -118.479000923, 51.128949932300003 ], [ -118.482682931699998, 51.133076659899999 ], [ -118.485884954499994, 51.134376593 ], [ -118.488649541399994, 51.134843376500001 ], [ -118.490427265500003, 51.136064803799997 ], [ -118.490780917099997, 51.138066831800003 ], [ -118.490810729700002, 51.141114360300001 ], [ -118.4909105582, 51.143187362 ], [ -118.491575626300005, 51.146916898100002 ], [ -118.4840431792, 51.151309136599998 ], [ -118.478907103099999, 51.151783568399999 ], [ -118.475732377900002, 51.152667620400003 ], [ -118.473107926300003, 51.154544949399998 ], [ -118.471979180299996, 51.156387534399997 ], [ -118.474145653799994, 51.159554308 ], [ -118.474371671300005, 51.161591989599998 ], [ -118.473031134199999, 51.164639624700001 ], [ -118.469431791299996, 51.170513086699998 ], [ -118.475219853799999, 51.172236720199997 ], [ -118.479300037900003, 51.173482949399997 ], [ -118.4845242369, 51.175268721400002 ], [ -118.496285309599998, 51.176176665600003 ], [ -118.500428498299996, 51.177674236500003 ], [ -118.504476730500002, 51.179137265 ], [ -118.510505012099998, 51.178400718600003 ], [ -118.522082846100005, 51.178400813499998 ], [ -118.53508541, 51.1776160748 ], [ -118.538757929, 51.178496952899998 ], [ -118.548501938800001, 51.182883571 ], [ -118.552276620699999, 51.184978643299999 ], [ -118.556549806899994, 51.188845614400002 ], [ -118.561300674600005, 51.191240175 ], [ -118.565927164100003, 51.194530113699997 ], [ -118.567546173099998, 51.198090307900003 ], [ -118.568051313200002, 51.202440437 ], [ -118.557599723300001, 51.204018775 ], [ -118.551697024, 51.20557036 ], [ -118.547164451499995, 51.207121826200002 ], [ -118.544852325500003, 51.209869898100003 ], [ -118.544238519700002, 51.214150266 ], [ -118.546789234, 51.217736545100003 ], [ -118.550695981199993, 51.220656211799998 ], [ -118.566698051, 51.230174160600001 ], [ -118.569011164100004, 51.233636307499999 ], [ -118.574724086900005, 51.2393003388 ], [ -118.575069297100001, 51.241497701699998 ], [ -118.573790502899996, 51.244627158699998 ], [ -118.575364514300006, 51.246193637499999 ], [ -118.576166414200003, 51.249301891599998 ], [ -118.576836578599995, 51.251899198300002 ], [ -118.573565125399995, 51.255872129399997 ], [ -118.569541180499996, 51.259151296699997 ], [ -118.569221182800007, 51.259156104799999 ], [ -118.558300075, 51.265491145299997 ], [ -118.556220408499996, 51.268891126699998 ], [ -118.555749702400007, 51.271841953900001 ], [ -118.551073915700002, 51.274756939900001 ], [ -118.549711000100004, 51.279164964800003 ], [ -118.550736430499995, 51.283171637700001 ], [ -118.551875760100003, 51.287622526299998 ], [ -118.551375514300005, 51.290984367699998 ], [ -118.554784762500006, 51.294865008899997 ], [ -118.560135323899999, 51.299209703499997 ], [ -118.564045533300003, 51.299725710200001 ], [ -118.568967032299994, 51.298948668900003 ], [ -118.572815070499999, 51.298472981899998 ], [ -118.579169072, 51.297898308400001 ], [ -118.585767931199996, 51.2994735511 ], [ -118.5909112959, 51.303069781700003 ], [ -118.594776564499995, 51.308031844699997 ], [ -118.600003583299994, 51.310091004699999 ], [ -118.600156267700001, 51.310150947700002 ], [ -118.6002779385, 51.318385732700001 ], [ -118.602196544799995, 51.323294198 ], [ -118.606223793300003, 51.326200266500003 ], [ -118.611502314899994, 51.328150302799997 ], [ -118.614268389100005, 51.330199420600003 ], [ -118.616054406299995, 51.333128344800002 ], [ -118.613308333600003, 51.336922556099999 ], [ -118.611419303, 51.339669991400001 ], [ -118.611945017899998, 51.345775984200003 ], [ -118.614660929699994, 51.3567157771 ], [ -118.616555267300001, 51.362974427499999 ], [ -118.615578259299994, 51.3640800063 ], [ -118.610156458199995, 51.366219239700001 ], [ -118.6035006141, 51.368076690499997 ], [ -118.590664703399995, 51.372014314700003 ], [ -118.588828586, 51.375793703200003 ], [ -118.589094119500004, 51.381626793199999 ], [ -118.582244095899995, 51.387443163500002 ], [ -118.5815378442, 51.390087369100002 ], [ -118.586579723599996, 51.393566217 ], [ -118.589993634099997, 51.393843343500002 ], [ -118.594823963600007, 51.396568064599997 ], [ -118.597864013, 51.400400709400003 ], [ -118.605200128099995, 51.404158178499998 ], [ -118.614829697399998, 51.4081949256 ], [ -118.616837941300005, 51.409338330499999 ], [ -118.617251453199998, 51.4100610781 ], [ -118.617326403899995, 51.410193414699997 ], [ -118.617567477199998, 51.410618818 ], [ -118.618113746299997, 51.411582858499997 ], [ -118.618045454200001, 51.411699862500001 ], [ -118.616847344299998, 51.413664663399999 ], [ -118.614503536, 51.415662811099999 ], [ -118.610613563399994, 51.418350416300001 ], [ -118.608987813799999, 51.420784475399998 ], [ -118.608710858099997, 51.422967712199998 ], [ -118.6114317758, 51.430500917300002 ], [ -118.611373386599993, 51.433133489799999 ], [ -118.612791429599994, 51.440266096800002 ], [ -118.614239724, 51.441583979199997 ], [ -118.619471257900003, 51.4423579304 ], [ -118.6230148, 51.443474197800001 ], [ -118.6283025866, 51.444041112 ], [ -118.630209564400005, 51.444147375100002 ], [ -118.633188486, 51.445612051700003 ], [ -118.633721840600003, 51.4469305382 ], [ -118.632025287100006, 51.447981559500001 ], [ -118.631932247600005, 51.451134972799998 ], [ -118.630682994599994, 51.455952878 ], [ -118.630221053300005, 51.459018240100001 ], [ -118.631170543699994, 51.461847820599999 ], [ -118.632537351699995, 51.463762940899997 ], [ -118.635944227500005, 51.463261409399998 ], [ -118.641786021499996, 51.462464528600002 ], [ -118.645657644699995, 51.462469959899998 ], [ -118.6514487293, 51.463023768900001 ], [ -118.654539348, 51.461655153499997 ], [ -118.657322457199996, 51.461135359099998 ], [ -118.661630074900003, 51.459618600699997 ], [ -118.664132022499999, 51.459558802700002 ], [ -118.669601060299996, 51.459946417300003 ], [ -118.675219403699998, 51.460897495700003 ], [ -118.679430363899996, 51.4626555 ], [ -118.681458351399996, 51.4640665238 ], [ -118.685795421899996, 51.468277744200002 ], [ -118.690522836699998, 51.471039681800001 ], [ -118.696939992899999, 51.473457024799998 ], [ -118.7039402459, 51.475264924199998 ], [ -118.706558446399995, 51.477212810399998 ], [ -118.709391072100004, 51.480313538499999 ], [ -118.713229325200004, 51.4848883692 ], [ -118.715378043499996, 51.488883446599999 ], [ -118.714874642799998, 51.490174638900001 ], [ -118.707045528600005, 51.493785301899997 ], [ -118.703127894700003, 51.496867479199999 ], [ -118.699273568, 51.497762212600001 ], [ -118.694437121099995, 51.498997199900003 ], [ -118.694083401399993, 51.499191543499997 ], [ -118.691579174899999, 51.500567681200003 ], [ -118.691816198400005, 51.502608554600002 ], [ -118.693166827300004, 51.504209614200001 ], [ -118.695376120899994, 51.505442984799998 ], [ -118.698880505600002, 51.506633673899998 ], [ -118.702967786, 51.507215329600001 ], [ -118.709303374200005, 51.509082699899999 ], [ -118.713799215899996, 51.5107299115 ], [ -118.716798194500001, 51.512635879500003 ], [ -118.719639574499993, 51.515032797899998 ], [ -118.722954398300004, 51.519085108600002 ], [ -118.724653529299999, 51.5217382947 ], [ -118.727797797400001, 51.523986729400001 ], [ -118.734022652700006, 51.525693261 ], [ -118.738973430200005, 51.527755559799999 ], [ -118.742082035899998, 51.528673543 ], [ -118.745510144199997, 51.527908679200003 ], [ -118.7483434106, 51.526036462699999 ], [ -118.7531004051, 51.523436360300003 ], [ -118.756752963799997, 51.522417263500003 ], [ -118.759479462499996, 51.521529087200001 ], [ -118.764119031299998, 51.520393398800003 ], [ -118.767070523499996, 51.520525297399999 ], [ -118.768391157500005, 51.521368435299998 ], [ -118.771545538799998, 51.5260408396 ], [ -118.772585444599997, 51.528623917799997 ], [ -118.775456575800007, 51.531906640199999 ], [ -118.777635890200003, 51.533658794700003 ], [ -118.780801145799998, 51.535645475099997 ], [ -118.783087078700007, 51.536409904599999 ], [ -118.785422674599999, 51.535120861599999 ], [ -118.792671730400002, 51.525521900900003 ], [ -118.793724143800006, 51.524718497400002 ], [ -118.796403360300005, 51.523906039899998 ], [ -118.799023940799998, 51.524002117899997 ], [ -118.802472151200007, 51.523547908200001 ], [ -118.806674451500001, 51.523360776700002 ], [ -118.811011467200004, 51.523996767900002 ], [ -118.814444428599998, 51.525077327699996 ], [ -118.8171813644, 51.526608507500001 ], [ -118.819182759300006, 51.527260412300002 ], [ -118.821165761800003, 51.526896787799998 ], [ -118.825008456899994, 51.526140271800003 ], [ -118.828160462200003, 51.526405795899997 ], [ -118.831285951400005, 51.529041503 ], [ -118.832324947499998, 51.531050031900001 ], [ -118.832556773899995, 51.537185854900002 ], [ -118.831640636299994, 51.5430063911 ], [ -118.828491703699996, 51.550767775 ], [ -118.828228446400004, 51.555509077700002 ], [ -118.828177069199995, 51.559551339599999 ], [ -118.827972392299998, 51.5633811517 ], [ -118.826990239899999, 51.568261371399998 ], [ -118.826872829400003, 51.5746240386 ], [ -118.827576836800006, 51.578933255 ], [ -118.828452817599995, 51.582842426600003 ], [ -118.827349166399998, 51.585711164199999 ], [ -118.824388372200005, 51.587570113799998 ], [ -118.820813361700004, 51.588580574300003 ], [ -118.817395071799993, 51.589099734900003 ], [ -118.816736617499998, 51.590883635499999 ], [ -118.816749398699997, 51.597145678399997 ], [ -118.815032498500003, 51.601721213700003 ], [ -118.815419339599998, 51.607366644700001 ], [ -118.8163556744, 51.610012401200002 ], [ -118.818266146300004, 51.614078650499998 ], [ -118.816485926200002, 51.620270582700002 ], [ -118.817704304200007, 51.626641672 ], [ -118.821295120599999, 51.631898784299999 ], [ -118.825811055800003, 51.6348191039 ], [ -118.833618261400005, 51.634998767799999 ], [ -118.839651187499996, 51.636120710100002 ], [ -118.843720795899998, 51.637217038599999 ], [ -118.850716867499997, 51.642925044400002 ], [ -118.855696608599999, 51.644852338500002 ], [ -118.863750636700004, 51.645791100899999 ], [ -118.87037864, 51.645468811699999 ], [ -118.880009502600004, 51.644274059200001 ], [ -118.883945631800003, 51.6441935255 ], [ -118.8901087311, 51.646618517699999 ], [ -118.89589044, 51.652475479300001 ], [ -118.899026606500001, 51.653832406 ], [ -118.901495872599995, 51.655824223300002 ], [ -118.903697794600006, 51.656740253499997 ], [ -118.906700463899995, 51.661588650399999 ], [ -118.907823774700006, 51.663703508799998 ], [ -118.908374178599999, 51.665947917499999 ], [ -118.907144194300002, 51.6682150408 ], [ -118.908012127199996, 51.670401953499997 ], [ -118.910342855699994, 51.672624949400003 ], [ -118.912387851, 51.674736444600001 ], [ -118.916040027299999, 51.677931190899997 ], [ -118.92069108, 51.681228914499997 ], [ -118.922444643099993, 51.682654813200003 ], [ -118.923760422100003, 51.685739726500003 ], [ -118.923801466800001, 51.6877762194 ], [ -118.923864699500001, 51.689441261200002 ], [ -118.923869262500006, 51.689562251700004 ], [ -118.924133266499993, 51.696340446299999 ], [ -118.919764457699998, 51.700636296600003 ], [ -118.917551693899995, 51.703239132900002 ], [ -118.917580809100002, 51.708212442 ], [ -118.918822612699998, 51.715271564699997 ], [ -118.918438733599999, 51.717423374799999 ], [ -118.916025179599998, 51.719188393300001 ], [ -118.910797933400005, 51.721042589100001 ], [ -118.891350041799996, 51.728140474 ], [ -118.888339153800004, 51.7293698784 ], [ -118.886311573499995, 51.730961368800003 ], [ -118.885507150400002, 51.733103064300003 ], [ -118.888158247800007, 51.747748309800002 ], [ -118.889539713700003, 51.750071294100003 ], [ -118.890436300800005, 51.751578884099999 ], [ -118.8937556825, 51.754861638 ], [ -118.897396232600002, 51.763451055 ], [ -118.894983408300007, 51.766491866 ], [ -118.886812851800002, 51.775044935399997 ], [ -118.885460529599996, 51.778553912299998 ], [ -118.885813183500005, 51.782989413899998 ], [ -118.888848857100001, 51.785810058800003 ], [ -118.895477690800007, 51.786568962700002 ], [ -118.9001301399, 51.786030090399997 ], [ -118.905999807900002, 51.786171192799998 ], [ -118.910150514099996, 51.787624751899997 ], [ -118.91771296, 51.791633462 ], [ -118.921040702499994, 51.793509629100001 ], [ -118.924098967500001, 51.794311623 ], [ -118.936193197500003, 51.792958733399999 ], [ -118.938779354700003, 51.792902836099998 ], [ -118.9420714436, 51.793319260200001 ], [ -118.945359943400007, 51.796547795499997 ], [ -118.953275070399997, 51.802437110299998 ], [ -118.958676357, 51.807563843399997 ], [ -118.961392653399997, 51.8105701964 ], [ -118.962298569400005, 51.814341479100001 ], [ -118.963181265599999, 51.8181513623 ], [ -118.963567693300007, 51.820790738200003 ], [ -118.965033691299993, 51.824340812499997 ], [ -118.958192641400004, 51.8276711854 ], [ -118.953396443800003, 51.829147855599999 ], [ -118.949663951900007, 51.831091949 ], [ -118.947764151, 51.833990406 ], [ -118.947147078200004, 51.836528244199997 ], [ -118.948410231300002, 51.8399437502 ], [ -118.949306810699994, 51.844548766899997 ], [ -118.948907535100005, 51.846961614500003 ], [ -118.9502887708, 51.849481419500002 ], [ -118.960596415699996, 51.854255094700001 ], [ -118.975885096, 51.858779177499997 ], [ -118.985848305100006, 51.8630734766 ], [ -118.988438671300003, 51.864071076400002 ], [ -118.990134557499999, 51.864553068299998 ], [ -118.990266486300001, 51.867616590099999 ], [ -118.981304960900005, 51.869051182699998 ], [ -118.976916795, 51.870668883199997 ], [ -118.972621250800003, 51.872835478299997 ], [ -118.969685133200002, 51.8775600548 ], [ -118.965951040199997, 51.887110977699997 ], [ -118.967847042700001, 51.891948059599997 ], [ -118.970748563200004, 51.895480071199998 ], [ -118.978823579, 51.911336275399997 ], [ -118.978767899900006, 51.914356809700003 ], [ -118.9843442154, 51.917585907199999 ], [ -118.987015625799998, 51.920096416299998 ], [ -118.988230412500002, 51.923367775700001 ], [ -118.988658585, 51.926060882100003 ], [ -118.989390703699996, 51.927901360299998 ], [ -118.989078884600005, 51.9295874994 ], [ -118.987754034399998, 51.931302478900001 ], [ -118.984598102800007, 51.932636630799998 ], [ -118.976602986200007, 51.934562535200001 ], [ -118.971398381, 51.9342340444 ], [ -118.962369807800002, 51.932357968799998 ], [ -118.952680241400003, 51.930283371100003 ], [ -118.950593190199996, 51.9296226361 ], [ -118.944317058099998, 51.927548628099998 ], [ -118.934564115599997, 51.927216024300002 ], [ -118.921789094100006, 51.926707018899997 ], [ -118.913866400900005, 51.926754206299996 ], [ -118.9085192836, 51.928060243600001 ], [ -118.905847195700005, 51.931396487900003 ], [ -118.903178606400004, 51.936361115700002 ], [ -118.9026105075, 51.9393958243 ], [ -118.900522306400006, 51.9424724231 ], [ -118.898699283200003, 51.945346954100003 ], [ -118.895488630700001, 51.948162266499999 ], [ -118.891029893199999, 51.954074181499998 ], [ -118.895803110499998, 51.956637878099997 ], [ -118.902253323899998, 51.959371765900002 ], [ -118.905898216500006, 51.961452041500003 ], [ -118.913666855499997, 51.964711738 ], [ -118.916012607, 51.965653413699997 ], [ -118.918928592100002, 51.966243898499997 ], [ -118.925003618800005, 51.966909230500001 ], [ -118.930589188400006, 51.966624798 ], [ -118.942332630899998, 51.969090477599998 ], [ -118.949896953600003, 51.970935752700001 ], [ -118.964310248800004, 51.9742822025 ], [ -118.967983755700004, 51.975618407900001 ], [ -118.971775198399996, 51.977187591499998 ], [ -118.971852482399996, 51.977219589500002 ], [ -118.972900597299997, 51.982300462799998 ], [ -118.972714950099999, 51.985424012800003 ], [ -118.971920494200006, 51.988142462100001 ], [ -118.961577869699994, 51.996739659600003 ], [ -118.956171155099995, 52.000113622400001 ], [ -118.955617031599999, 52.000459367600001 ], [ -118.956733651299999, 52.003313722599998 ], [ -118.951989473500007, 52.005028531900003 ], [ -118.949390471900003, 52.006844924900001 ], [ -118.947375987900003, 52.010864405100001 ], [ -118.944257618, 52.026197836199998 ], [ -118.941765104, 52.030414878599998 ], [ -118.936242308900006, 52.034105101 ], [ -118.926103046899996, 52.038352013599997 ], [ -118.919488082900003, 52.039500778300003 ], [ -118.917046289499993, 52.038714267700001 ], [ -118.912204061799997, 52.036490765099998 ], [ -118.909394331300007, 52.036190446699997 ], [ -118.906863514500003, 52.036834691499998 ], [ -118.895379783199999, 52.039887241800002 ], [ -118.887419216799998, 52.0416016605 ], [ -118.875679731700004, 52.042965095200003 ], [ -118.871930082700004, 52.043501349300001 ], [ -118.863377656300003, 52.044196518600003 ], [ -118.855938966500005, 52.045634348 ], [ -118.851311996600003, 52.0493550236 ], [ -118.848228997700005, 52.056736859600001 ], [ -118.848225282499996, 52.0581447247 ], [ -118.8513600709, 52.061428223599997 ], [ -118.855012072400001, 52.064567886200003 ], [ -118.860413804, 52.0661339523 ], [ -118.8653731725, 52.0666723975 ], [ -118.868601455900006, 52.067819987199996 ], [ -118.871451131, 52.070287788900004 ], [ -118.872479814399995, 52.0721116932 ], [ -118.872808114600005, 52.076017668799999 ], [ -118.854553294400006, 52.088016068400002 ], [ -118.860500956699994, 52.094418807 ], [ -118.861630458299999, 52.096662624 ], [ -118.862665788200005, 52.0990606007 ], [ -118.865026493100004, 52.100578207 ], [ -118.866689761700002, 52.102417761700003 ], [ -118.864324608100006, 52.106754618700002 ], [ -118.858167205200004, 52.115889476299998 ], [ -118.855222558299999, 52.119651719399997 ], [ -118.852718275399994, 52.122459730300001 ], [ -118.850850182499997, 52.127264994800001 ], [ -118.851116951899996, 52.133139163700001 ], [ -118.849884388899994, 52.1372558164 ], [ -118.844532841800003, 52.141207738799999 ], [ -118.841850053499996, 52.142785788899999 ], [ -118.837783106, 52.146155714599999 ], [ -118.835007619899997, 52.159910702600001 ], [ -118.833669796, 52.164311903799998 ], [ -118.831978822500005, 52.166252908099999 ], [ -118.829011399400002, 52.167941276299999 ], [ -118.817732102899996, 52.171396571800003 ], [ -118.811538911400007, 52.174140341600001 ], [ -118.803204205100002, 52.177222577099997 ], [ -118.796426858299995, 52.176745926 ], [ -118.792831420799999, 52.176437275799998 ], [ -118.782601371200002, 52.178326781400003 ], [ -118.777578065399993, 52.178830153699998 ], [ -118.772598556199995, 52.179960151400003 ], [ -118.768975229700004, 52.1803930154 ], [ -118.761932829499997, 52.182671619499999 ], [ -118.758995048100005, 52.183616507 ], [ -118.751978446799995, 52.185151829600002 ], [ -118.744967446, 52.182502794599998 ], [ -118.733498532200002, 52.176433109800001 ], [ -118.732512445699996, 52.174220240700002 ], [ -118.731951927400004, 52.169022691 ], [ -118.729895354899995, 52.165193908799999 ], [ -118.726469739300001, 52.162763422499999 ], [ -118.724243885700005, 52.161626467700003 ], [ -118.720787024100005, 52.160862583899998 ], [ -118.716062354499996, 52.161344257800003 ], [ -118.711501609600006, 52.163185950100001 ], [ -118.705471202, 52.164860060499997 ], [ -118.699668541099996, 52.166278804699999 ], [ -118.694146186699996, 52.166661203099999 ], [ -118.688575314199994, 52.155265928299997 ], [ -118.686853119, 52.153320353700003 ], [ -118.683845535499998, 52.151602499500001 ], [ -118.676289591, 52.151463108800002 ], [ -118.673457758400005, 52.1530472237 ], [ -118.671702032300004, 52.155324180299999 ], [ -118.669059895499998, 52.161492167 ], [ -118.666307676499997, 52.164108738700001 ], [ -118.657480337199999, 52.1652132368 ], [ -118.649018175600006, 52.166535004300002 ], [ -118.644348720400004, 52.167732020599999 ], [ -118.640081216499993, 52.169552163100001 ], [ -118.636593721200001, 52.173010008699997 ], [ -118.6330370923, 52.177509704599998 ], [ -118.632024273699997, 52.179388129199999 ], [ -118.628630039900003, 52.182691665900002 ], [ -118.623869082300004, 52.184263723100003 ], [ -118.619479315099994, 52.185349651199999 ], [ -118.607926783300002, 52.188765875599998 ], [ -118.602125999400002, 52.190049079600001 ], [ -118.595010044199995, 52.191375743800002 ], [ -118.589519776, 52.191232082799999 ], [ -118.582414701, 52.193001601 ], [ -118.577326028800002, 52.200316698 ], [ -118.574592171, 52.206950922499999 ], [ -118.572604563300004, 52.214466558399998 ], [ -118.570927985300003, 52.221129377399997 ], [ -118.569257346599997, 52.224529845900001 ], [ -118.568979508699996, 52.224697119399998 ], [ -118.567887257799995, 52.225354578599998 ], [ -118.5638362973, 52.2272692385 ], [ -118.558810817099996, 52.229483983199998 ], [ -118.555772931500002, 52.233004265700004 ], [ -118.554922912, 52.239950630599999 ], [ -118.556278459699996, 52.243798437400002 ], [ -118.5608289826, 52.250513943500003 ], [ -118.561576361600004, 52.251616741500001 ], [ -118.562754496099998, 52.2540110431 ], [ -118.563521606600005, 52.258381776 ], [ -118.558447768799994, 52.264119083200001 ], [ -118.55178363, 52.268418993600001 ], [ -118.550368611699994, 52.269002894800003 ], [ -118.540794794299998, 52.272934423899997 ], [ -118.540524729799998, 52.272995110899998 ], [ -118.535502516899996, 52.274124924500001 ], [ -118.501566173800001, 52.281673119899999 ], [ -118.501302868, 52.282012100400003 ], [ -118.493264281099997, 52.2923578869 ], [ -118.493074086, 52.292462402699996 ], [ -118.489161480899995, 52.299127297399998 ], [ -118.493590273300001, 52.307890086100002 ], [ -118.493124675600001, 52.312498634500002 ], [ -118.478214463, 52.314829268399997 ], [ -118.466184415599997, 52.317811123699997 ], [ -118.456409852099995, 52.3247842428 ], [ -118.447299078, 52.323759323600001 ], [ -118.440353220199995, 52.324667169 ], [ -118.433598765599996, 52.330743276200003 ], [ -118.425963657699995, 52.336128736600003 ], [ -118.411395900100004, 52.337541129 ], [ -118.395243922800006, 52.334845831899997 ], [ -118.386113048400006, 52.339393108300001 ], [ -118.3799405221, 52.349979518399998 ], [ -118.374025928199998, 52.350565013500002 ], [ -118.36678624, 52.354754803200002 ], [ -118.359071426699998, 52.362857443899998 ], [ -118.353647335, 52.366054823900001 ], [ -118.342333421700005, 52.366540608699999 ], [ -118.329904380599999, 52.368640172900001 ], [ -118.317109630199994, 52.367778405099997 ], [ -118.304658067800005, 52.360737390600001 ], [ -118.303078296799995, 52.3526235012 ], [ -118.294905716299994, 52.342217274 ], [ -118.289755765300001, 52.338950497699997 ], [ -118.272975976699996, 52.346075888100003 ], [ -118.261866449400003, 52.346654118 ], [ -118.254202754199994, 52.347971553900003 ], [ -118.247984116699996, 52.357125114699997 ], [ -118.245224398900007, 52.365813203199998 ], [ -118.239942957699995, 52.3748686068 ], [ -118.226015439299999, 52.380289490700001 ], [ -118.226034349399995, 52.380306820599998 ], [ -118.220332867699994, 52.385108450700002 ], [ -118.2197939709, 52.391787671800003 ], [ -118.220891768399994, 52.397559900700003 ], [ -118.226057073199996, 52.399437445399997 ], [ -118.233908277699996, 52.402925956600001 ], [ -118.240788142499994, 52.402941231100002 ], [ -118.244447123900002, 52.408024864399998 ], [ -118.243143903199993, 52.412577239 ], [ -118.2399215967, 52.417646030199997 ], [ -118.239795634299995, 52.427016729199998 ], [ -118.242744725799994, 52.432536593400002 ], [ -118.247195164399997, 52.4362303793 ], [ -118.251292596599995, 52.439796663499997 ], [ -118.253752689500004, 52.444270582599998 ], [ -118.255338015700005, 52.449536952 ], [ -118.193350936800002, 52.477820120700002 ], [ -118.235529102300006, 52.4901778913 ], [ -118.246786147700007, 52.500003818300002 ], [ -118.274286817700002, 52.523983476600002 ], [ -118.284436777500005, 52.533896416499999 ], [ -118.2891462977, 52.538494007200001 ], [ -118.275100749, 52.562068872399998 ], [ -118.272783376199996, 52.565955809099997 ], [ -118.332568285899995, 52.580171594699998 ], [ -118.3340208969, 52.592966156300001 ], [ -118.3336005484, 52.606195222700002 ], [ -118.352504264499998, 52.6106474025 ], [ -118.354491122100001, 52.633683982599997 ], [ -118.3010378476, 52.654081226700001 ], [ -118.293860119499996, 52.668350367 ], [ -118.290141178900001, 52.677693445300001 ], [ -118.3432946601, 52.708888886 ], [ -118.342822825699997, 52.738556330199998 ], [ -118.368291469100001, 52.750074305699997 ], [ -118.391135737599996, 52.760394628199997 ], [ -118.422410127099994, 52.775786513600004 ], [ -118.418020482399996, 52.789872092700001 ], [ -118.412995686299993, 52.805983515 ], [ -118.399626429899996, 52.824460213599998 ], [ -118.401088570499994, 52.840507811199998 ], [ -118.401506504899999, 52.840500264 ], [ -118.401933670299996, 52.8415696036 ], [ -118.402318442500004, 52.842532719600001 ], [ -118.398342244099993, 52.844486141200001 ], [ -118.391398226700005, 52.845462449700001 ], [ -118.386982593, 52.847123938400003 ], [ -118.388923800599997, 52.848853556 ], [ -118.395625436800003, 52.849238206899997 ], [ -118.403161764100005, 52.850762406900003 ], [ -118.418032193499997, 52.851297008899998 ], [ -118.420864052699997, 52.851398593299997 ], [ -118.431206005799993, 52.8512128287 ], [ -118.444454052400005, 52.852223190799997 ], [ -118.4525151343, 52.855377179500003 ], [ -118.458422722899996, 52.859587550800001 ], [ -118.460983834499999, 52.8666081951 ], [ -118.461192557499999, 52.869349325899996 ], [ -118.4558980308, 52.872273556800003 ], [ -118.449387041600005, 52.879071691500002 ], [ -118.448580664800005, 52.880277553500001 ], [ -118.448487851199999, 52.881901351 ], [ -118.448478812499999, 52.882059358200003 ], [ -118.448295540199993, 52.885266132700004 ], [ -118.457368118700003, 52.8902253953 ], [ -118.4573829741, 52.890233501200001 ], [ -118.457420407499995, 52.890253960700001 ], [ -118.458462744399995, 52.890823624600003 ], [ -118.458519769399999, 52.890854793199999 ], [ -118.458847482400003, 52.891033878800002 ], [ -118.4623588173, 52.892952553599997 ], [ -118.4624186052, 52.892985232 ], [ -118.466055454200003, 52.894176164900003 ], [ -118.469300435400001, 52.895619475399997 ], [ -118.470480772499997, 52.8973895365 ], [ -118.476755982699999, 52.900816504399998 ], [ -118.485478355400005, 52.902395064399997 ], [ -118.500000010600004, 52.906238659 ], [ -118.500056715200003, 52.906253682500001 ], [ -118.510946021799995, 52.905097551300003 ], [ -118.5221720519, 52.898115521900003 ], [ -118.529357432200001, 52.900207166199998 ], [ -118.535110263099995, 52.902957728899999 ], [ -118.5437383939, 52.908380872499997 ], [ -118.553324549799996, 52.905454871499998 ], [ -118.561900738700004, 52.901161407499998 ], [ -118.564943806599999, 52.8954923728 ], [ -118.569532628900006, 52.888859529800001 ], [ -118.575425890199995, 52.885219796100003 ], [ -118.584952681499999, 52.882680507700002 ], [ -118.587206800700002, 52.882238687399997 ], [ -118.587713814, 52.882173632499999 ], [ -118.596513682700007, 52.881044109 ], [ -118.608143145100001, 52.879550174800002 ], [ -118.613830068, 52.883721611600002 ], [ -118.614254385600006, 52.9001461573 ], [ -118.606662323199998, 52.903970796300001 ], [ -118.620344205, 52.9136614413 ], [ -118.620958335, 52.9162522321 ], [ -118.620314619200002, 52.917941112 ], [ -118.613423883400003, 52.936011420299998 ], [ -118.638538326700001, 52.951872001300003 ], [ -118.6513397338, 52.955501183700001 ], [ -118.660207717899993, 52.963936837200002 ], [ -118.661067302500001, 52.972569421899998 ], [ -118.671197393100002, 52.978300584700001 ], [ -118.669772533, 52.983414600800003 ], [ -118.661625791099993, 52.987391201199998 ], [ -118.649333182099994, 52.991502175900003 ], [ -118.6489889307, 53.0000713572 ], [ -118.648981145, 53.000265388400003 ], [ -118.647282253399993, 53.000071742099998 ], [ -118.640776300100001, 52.999329833399997 ], [ -118.641182194400002, 53.000072855299997 ], [ -118.647154997200005, 53.011003015100002 ], [ -118.648721708699995, 53.013112970199998 ], [ -118.652638939400006, 53.018387430099999 ], [ -118.649764192, 53.025074383700002 ], [ -118.655352899500002, 53.034795709599997 ], [ -118.668765332800007, 53.042503208399999 ], [ -118.679664707100002, 53.041331696199997 ], [ -118.685717569, 53.034965746600001 ], [ -118.695881551599996, 53.032808200799998 ], [ -118.700555049100004, 53.044355121599999 ], [ -118.710298950400002, 53.052166003899998 ], [ -118.726443431299998, 53.060216282 ], [ -118.746086606099993, 53.0523334887 ], [ -118.7564161751, 53.043815733199999 ], [ -118.758947194800001, 53.038002804800001 ], [ -118.776211279899996, 53.045348282299997 ], [ -118.759066902900003, 53.065773508299998 ], [ -118.769835868, 53.074489539799998 ], [ -118.754435002299999, 53.082804064800001 ], [ -118.748713290300003, 53.088297450100001 ], [ -118.748778115799993, 53.097153597099997 ], [ -118.736769508699993, 53.106516128700001 ], [ -118.729532692, 53.1154732181 ], [ -118.732351094600006, 53.119246378699998 ], [ -118.772498933600005, 53.133036014699996 ], [ -118.779346782100006, 53.138677517799998 ], [ -118.784014531300002, 53.144909646499997 ], [ -118.780482914399997, 53.147641343799997 ], [ -118.779324814299997, 53.150913883900003 ], [ -118.786533299699997, 53.159220684 ], [ -118.7953789763, 53.163138732 ], [ -118.798818658399995, 53.163785537400003 ], [ -118.805821340700007, 53.165242855099997 ], [ -118.817308449899997, 53.171799031299997 ], [ -118.823398154299994, 53.172911200100003 ], [ -118.831504321200001, 53.183048114 ], [ -118.8478001167, 53.185931646100002 ], [ -118.862082749500004, 53.190939016 ], [ -118.879609518099997, 53.2059235746 ], [ -118.885122055300002, 53.206618407199997 ], [ -118.909407801100002, 53.209676199500002 ], [ -118.915975046, 53.211840653899998 ], [ -118.923437479, 53.225216920599998 ], [ -118.939401447500003, 53.2337146721 ], [ -118.947459174599999, 53.238930629499997 ], [ -118.955801632499998, 53.236462936 ], [ -118.961491297799995, 53.236688132399998 ], [ -118.965306561099993, 53.236838992700001 ], [ -118.975205568199996, 53.241651463300002 ], [ -118.983042603200005, 53.239342294099998 ], [ -118.984092924199999, 53.239032763200001 ], [ -118.9860540472, 53.238661412600003 ], [ -118.986322676100002, 53.238610537500001 ], [ -118.999999983699993, 53.2360195292 ], [ -119.007065789799995, 53.234680147799999 ], [ -119.010962, 53.233941368700002 ], [ -119.0126093537, 53.233628960200001 ], [ -119.023850178499998, 53.231944788 ], [ -119.026204189599994, 53.226360743100003 ], [ -119.025970642, 53.226155517700001 ], [ -119.018311321400006, 53.219423798500003 ], [ -118.999999983899997, 53.212934363899997 ], [ -118.999408983799995, 53.212724843099998 ], [ -118.999411953600003, 53.210493022400001 ], [ -118.999435564500004, 53.192759470200002 ], [ -118.999944643600003, 53.192388972300002 ], [ -119.000000017399998, 53.192348679 ], [ -119.008557184500006, 53.186119382900003 ], [ -119.012272749100006, 53.180880314600003 ], [ -119.012338579800002, 53.180787467800002 ], [ -119.019852172399993, 53.170188616600001 ], [ -119.022742992800005, 53.168248248499999 ], [ -119.028791846800004, 53.164187364699998 ], [ -119.023675449, 53.161425305199998 ], [ -119.001168518, 53.149268096699998 ], [ -118.999999986199995, 53.1486366046 ], [ -118.999885138600007, 53.148574547300001 ], [ -119.000000014500003, 53.148510774800002 ], [ -119.002876345199994, 53.146913893799997 ], [ -119.025108430700001, 53.134564558400001 ], [ -119.024642080199996, 53.127573631200001 ], [ -119.024584153099994, 53.126705148 ], [ -119.025903199300004, 53.126711560300002 ], [ -119.047994812499994, 53.126816832 ], [ -119.047383239799998, 53.136941046600001 ], [ -119.047324753200002, 53.137908784099999 ], [ -119.046902037, 53.144903409400001 ], [ -119.060210522099993, 53.152636468099999 ], [ -119.068637113199998, 53.1575305904 ], [ -119.088518029699998, 53.165525425299997 ], [ -119.091840267899997, 53.165122578599998 ], [ -119.10079348, 53.164036432899998 ], [ -119.119545832100002, 53.161759138599997 ], [ -119.125678793099993, 53.166857951899999 ], [ -119.131617660800003, 53.1717938508 ], [ -119.141489863199993, 53.181741050799999 ], [ -119.146035669200003, 53.191173865499998 ], [ -119.147919816300004, 53.190757103400003 ], [ -119.149334605500002, 53.190444138099998 ], [ -119.175628511900001, 53.184623676500003 ], [ -119.196080273199996, 53.185526262499998 ], [ -119.219054638499998, 53.194042425699998 ], [ -119.221256568200005, 53.193961186499997 ], [ -119.233157393, 53.193521392400001 ], [ -119.232739516, 53.181760860600001 ], [ -119.242830896699999, 53.178582283200001 ], [ -119.244238593700004, 53.178388693099997 ], [ -119.257140999399994, 53.176613489 ], [ -119.253205320700005, 53.184825980500001 ], [ -119.251488036200001, 53.1989587984 ], [ -119.258917710800006, 53.2080908601 ], [ -119.262539296900002, 53.212540536900001 ], [ -119.2651208212, 53.215324368 ], [ -119.2695250915, 53.220072691699997 ], [ -119.273450244100005, 53.224303376800002 ], [ -119.277340531500002, 53.228495467099997 ], [ -119.277610059899999, 53.228708294199997 ], [ -119.277670931900005, 53.228851444100002 ], [ -119.282935499900006, 53.2345226451 ], [ -119.285487501, 53.237271128099998 ], [ -119.288068377499997, 53.240050289 ], [ -119.291420106900006, 53.250017716499997 ], [ -119.296341872300005, 53.249916935199998 ], [ -119.301498273299998, 53.249811125599997 ], [ -119.301460709099999, 53.250048173099998 ], [ -119.301139346100001, 53.252076391899998 ], [ -119.300533274399996, 53.255901074699999 ], [ -119.300480847599999, 53.256231856799999 ], [ -119.304142408100006, 53.258205519400001 ], [ -119.311613882200007, 53.262231878800002 ], [ -119.311941663200002, 53.2624084897 ], [ -119.325275945, 53.269591106100002 ], [ -119.326217021600002, 53.270579983200001 ], [ -119.334900971099998, 53.279702509300002 ], [ -119.335579618, 53.280415234 ], [ -119.336461755100004, 53.281600641799997 ], [ -119.340533461899994, 53.287071179800002 ], [ -119.337543330200006, 53.289698817500003 ], [ -119.333137011399998, 53.293570233 ], [ -119.3327262512, 53.2939310772 ], [ -119.329680629099997, 53.296606401 ], [ -119.331877672199994, 53.297918998599997 ], [ -119.332450474400005, 53.298261197499997 ], [ -119.333002646899999, 53.298591050600002 ] ] ] } }
]
}
